time,x,y,z,qx,qy,qz,qw,alpha,tank_energy,passivity_lambda,passivity_power,autonomy_wrench_norm
0.000000,0.566607,-0.015581,0.484120,0.922071,-0.385637,-0.021316,0.024784,0.031178,2.000000,1.000000,0.000000,0.000000
0.005000,0.566607,-0.015581,0.484121,0.922071,-0.385638,-0.021317,0.024784,0.059182,1.999999,1.000000,0.000426,2.470365
0.010000,0.566605,-0.015581,0.484121,0.922070,-0.385640,-0.021317,0.024783,0.084347,1.999996,1.000000,0.000823,2.502989
0.015000,0.566602,-0.015581,0.484122,0.922068,-0.385644,-0.021319,0.024782,0.106983,1.999990,1.000000,0.001196,2.538021
0.020000,0.566599,-0.015581,0.484123,0.922067,-0.385648,-0.021321,0.024780,0.127364,1.999983,1.000000,0.001568,2.575029
0.025000,0.566594,-0.015581,0.484124,0.922064,-0.385654,-0.021324,0.024778,0.145761,1.999974,1.000000,0.001950,2.616605
0.030000,0.566589,-0.015581,0.484126,0.922062,-0.385660,-0.021328,0.024774,0.162360,1.999963,1.000000,0.002356,2.657294
0.035000,0.566582,-0.015580,0.484127,0.922059,-0.385667,-0.021333,0.024770,0.177351,1.999950,1.000000,0.002792,2.699444
0.040000,0.566574,-0.015580,0.484129,0.922056,-0.385674,-0.021339,0.024765,0.190908,1.999934,1.000000,0.003260,2.742939
0.045000,0.566566,-0.015579,0.484131,0.922052,-0.385683,-0.021346,0.024759,0.203191,1.999916,1.000000,0.003763,2.788596
0.050000,0.566556,-0.015578,0.484134,0.922048,-0.385692,-0.021354,0.024752,0.214327,1.999896,1.000000,0.004299,2.835026
0.055000,0.566544,-0.015577,0.484138,0.922044,-0.385702,-0.021362,0.024744,0.224433,1.999872,1.000000,0.004866,2.881517
0.060000,0.566532,-0.015576,0.484142,0.922040,-0.385713,-0.021372,0.024735,0.233612,1.999846,1.000000,0.005466,2.928633
0.065000,0.566518,-0.015575,0.484146,0.922035,-0.385724,-0.021383,0.024725,0.241958,1.999817,1.000000,0.006094,2.975810
0.070000,0.566503,-0.015573,0.484152,0.922030,-0.385737,-0.021394,0.024715,0.249555,1.999784,1.000000,0.006750,3.023014
0.075000,0.566487,-0.015572,0.484158,0.922024,-0.385751,-0.021406,0.024703,0.256479,1.999748,1.000000,0.007439,3.071741
0.080000,0.566469,-0.015570,0.484165,0.922018,-0.385765,-0.021419,0.024691,0.262797,1.999708,1.000000,0.008153,3.119699
0.085000,0.566450,-0.015568,0.484172,0.922012,-0.385780,-0.021432,0.024677,0.268571,1.999665,1.000000,0.008896,3.168453
0.090000,0.566430,-0.015566,0.484181,0.922005,-0.385796,-0.021447,0.024663,0.273855,1.999618,1.000000,0.009666,3.217920
0.095000,0.566408,-0.015564,0.484190,0.921998,-0.385814,-0.021462,0.024648,0.278699,1.999567,1.000000,0.010470,3.267415
0.100000,0.566385,-0.015561,0.484201,0.921990,-0.385832,-0.021477,0.024632,0.283148,1.999511,1.000000,0.011311,3.316884
0.105000,0.566361,-0.015559,0.484212,0.921982,-0.385850,-0.021493,0.024615,0.287240,1.999452,1.000000,0.012193,3.367027
0.110000,0.566335,-0.015556,0.484224,0.921974,-0.385870,-0.021510,0.024597,0.291013,1.999388,1.000000,0.013111,3.417229
0.115000,0.566308,-0.015553,0.484237,0.921966,-0.385891,-0.021527,0.024578,0.294497,1.999319,1.000000,0.014070,3.467397
0.120000,0.566280,-0.015549,0.484250,0.921957,-0.385912,-0.021544,0.024558,0.297722,1.999245,1.000000,0.015075,3.518274
0.125000,0.566250,-0.015546,0.484265,0.921948,-0.385934,-0.021562,0.024537,0.300714,1.999166,1.000000,0.016122,3.569387
0.130000,0.566218,-0.015542,0.484280,0.921938,-0.385958,-0.021581,0.024515,0.303406,1.999082,1.000000,0.017155,3.608251
0.135000,0.566186,-0.015537,0.484296,0.921928,-0.385982,-0.021600,0.024492,0.305918,1.998992,1.000000,0.018317,3.659187
0.140000,0.566151,-0.015533,0.484313,0.921918,-0.386007,-0.021620,0.024469,0.308267,1.998896,1.000000,0.019555,3.710724
0.145000,0.566115,-0.015528,0.484330,0.921907,-0.386034,-0.021640,0.024446,0.310470,1.998793,1.000000,0.020858,3.762252
0.150000,0.566077,-0.015523,0.484349,0.921895,-0.386061,-0.021661,0.024422,0.312540,1.998684,1.000000,0.022226,3.813692
0.155000,0.566038,-0.015519,0.484368,0.921883,-0.386091,-0.021683,0.024398,0.314490,1.998568,1.000000,0.023666,3.865746
0.160000,0.565996,-0.015513,0.484388,0.921871,-0.386121,-0.021705,0.024374,0.316331,1.998445,1.000000,0.025162,3.917659
0.165000,0.565953,-0.015508,0.484408,0.921857,-0.386153,-0.021729,0.024349,0.318073,1.998313,1.000000,0.026707,3.969400
0.170000,0.565908,-0.015502,0.484430,0.921844,-0.386186,-0.021753,0.024325,0.319641,1.998175,1.000000,0.028175,4.008626
0.175000,0.565862,-0.015496,0.484452,0.921829,-0.386220,-0.021777,0.024300,0.321137,1.998028,1.000000,0.029775,4.060790
0.180000,0.565813,-0.015490,0.484474,0.921815,-0.386255,-0.021803,0.024275,0.322567,1.997873,1.000000,0.031434,4.113196
0.185000,0.565763,-0.015484,0.484498,0.921799,-0.386292,-0.021829,0.024250,0.323936,1.997710,1.000000,0.033139,4.165333
0.190000,0.565710,-0.015477,0.484522,0.921783,-0.386330,-0.021855,0.024225,0.325250,1.997538,1.000000,0.034881,4.217212
0.195000,0.565656,-0.015469,0.484547,0.921767,-0.386369,-0.021883,0.024199,0.326512,1.997358,1.000000,0.036670,4.269753
0.200000,0.565601,-0.015462,0.484572,0.921750,-0.386409,-0.021911,0.024174,0.327647,1.997168,1.000000,0.038341,4.309603
0.205000,0.565543,-0.015454,0.484598,0.921733,-0.386451,-0.021939,0.024148,0.328748,1.996970,1.000000,0.040143,4.361626
0.210000,0.565484,-0.015445,0.484625,0.921715,-0.386493,-0.021968,0.024122,0.329815,1.996763,1.000000,0.041994,4.414533
0.215000,0.565423,-0.015437,0.484652,0.921697,-0.386536,-0.021998,0.024095,0.330851,1.996546,1.000000,0.043899,4.465780
0.220000,0.565361,-0.015428,0.484679,0.921678,-0.386581,-0.022028,0.024068,0.331857,1.996319,1.000000,0.045865,4.517250
0.225000,0.565297,-0.015418,0.484707,0.921659,-0.386627,-0.022059,0.024042,0.332762,1.996083,1.000000,0.047706,4.556431
0.230000,0.565231,-0.015408,0.484736,0.921639,-0.386673,-0.022090,0.024015,0.333649,1.995838,1.000000,0.049702,4.607512
0.235000,0.565163,-0.015398,0.484765,0.921619,-0.386721,-0.022123,0.023987,0.334517,1.995582,1.000000,0.051739,4.658808
0.240000,0.565094,-0.015387,0.484794,0.921599,-0.386770,-0.022155,0.023960,0.335367,1.995315,1.000000,0.053796,4.709617
0.245000,0.565023,-0.015376,0.484823,0.921578,-0.386820,-0.022189,0.023932,0.336197,1.995039,1.000000,0.055874,4.760465
0.250000,0.564950,-0.015364,0.484853,0.921556,-0.386871,-0.022223,0.023904,0.336945,1.994752,1.000000,0.057881,4.795344
0.255000,0.564876,-0.015352,0.484882,0.921534,-0.386923,-0.022259,0.023876,0.337682,1.994455,1.000000,0.060160,4.841879
0.260000,0.564800,-0.015340,0.484912,0.921512,-0.386976,-0.022296,0.023847,0.338407,1.994145,1.000000,0.062551,4.888615
0.265000,0.564722,-0.015327,0.484942,0.921488,-0.387031,-0.022335,0.023819,0.339120,1.993824,1.000000,0.065007,4.934691
0.270000,0.564641,-0.015314,0.484971,0.921464,-0.387087,-0.022375,0.023790,0.339761,1.993491,1.000000,0.067332,4.970135
0.275000,0.564559,-0.015301,0.485001,0.921440,-0.387145,-0.022417,0.023761,0.340396,1.993145,1.000000,0.069830,5.015942
0.280000,0.564475,-0.015287,0.485030,0.921415,-0.387204,-0.022460,0.023732,0.341023,1.992787,1.000000,0.072352,5.061332
0.285000,0.564389,-0.015273,0.485059,0.921389,-0.387264,-0.022506,0.023703,0.341640,1.992416,1.000000,0.074983,5.097349
0.290000,0.564301,-0.015259,0.485087,0.921363,-0.387326,-0.022553,0.023673,0.342196,1.992032,1.000000,0.077600,5.124244
0.295000,0.564211,-0.015245,0.485115,0.921336,-0.387389,-0.022603,0.023643,0.342747,1.991634,1.000000,0.080473,5.160708
0.300000,0.564118,-0.015230,0.485142,0.921308,-0.387455,-0.022656,0.023614,0.343292,1.991221,1.000000,0.083437,5.197123
0.305000,0.564023,-0.015215,0.485168,0.921279,-0.387522,-0.022711,0.023584,0.343828,1.990793,1.000000,0.086469,5.233362
0.310000,0.563926,-0.015200,0.485194,0.921249,-0.387591,-0.022769,0.023554,0.344355,1.990350,1.000000,0.089552,5.268911
0.315000,0.563826,-0.015186,0.485218,0.921219,-0.387662,-0.022829,0.023524,0.344828,1.989892,1.000000,0.092502,5.296037
0.320000,0.563724,-0.015171,0.485242,0.921187,-0.387735,-0.022891,0.023494,0.345297,1.989419,1.000000,0.095726,5.319791
0.325000,0.563620,-0.015156,0.485265,0.921154,-0.387811,-0.022957,0.023464,0.345757,1.988928,1.000000,0.099257,5.344152
0.330000,0.563512,-0.015141,0.485286,0.921120,-0.387889,-0.023026,0.023434,0.346208,1.988420,1.000000,0.103001,5.368220
0.335000,0.563401,-0.015126,0.485306,0.921085,-0.387970,-0.023099,0.023404,0.346614,1.987892,1.000000,0.106732,5.385058
0.340000,0.563287,-0.015111,0.485324,0.921049,-0.388054,-0.023176,0.023375,0.347014,1.987345,1.000000,0.110701,5.408249
0.345000,0.563170,-0.015096,0.485340,0.921011,-0.388141,-0.023256,0.023346,0.347407,1.986778,1.000000,0.114759,5.431289
0.350000,0.563049,-0.015081,0.485355,0.920971,-0.388232,-0.023340,0.023316,0.347760,1.986192,1.000000,0.118782,5.434699
0.355000,0.562925,-0.015065,0.485368,0.920930,-0.388325,-0.023429,0.023287,0.348107,1.985584,1.000000,0.123297,5.444784
0.360000,0.562797,-0.015050,0.485378,0.920887,-0.388423,-0.023522,0.023258,0.348448,1.984952,1.000000,0.128064,5.454709
0.365000,0.562664,-0.015034,0.485386,0.920843,-0.388524,-0.023621,0.023230,0.348780,1.984296,1.000000,0.133002,5.464261
0.370000,0.562528,-0.015018,0.485392,0.920796,-0.388629,-0.023725,0.023201,0.349079,1.983616,1.000000,0.137905,5.468571
0.375000,0.562387,-0.015002,0.485395,0.920748,-0.388739,-0.023834,0.023172,0.349371,1.982910,1.000000,0.142996,5.477353
0.380000,0.562241,-0.014985,0.485395,0.920698,-0.388852,-0.023948,0.023144,0.349655,1.982179,1.000000,0.148154,5.486508
0.385000,0.562091,-0.014968,0.485393,0.920646,-0.388969,-0.024068,0.023116,0.349930,1.981423,1.000000,0.153252,5.480385
0.390000,0.561937,-0.014950,0.485388,0.920592,-0.389091,-0.024193,0.023087,0.350177,1.980641,1.000000,0.158574,5.471452
0.395000,0.561777,-0.014932,0.485379,0.920536,-0.389217,-0.024325,0.023059,0.350417,1.979831,1.000000,0.164228,5.466409
0.400000,0.561611,-0.014913,0.485368,0.920477,-0.389349,-0.024464,0.023031,0.351643,1.978960,1.000000,0.177088,5.657567
0.405000,0.561438,-0.014893,0.485353,0.920416,-0.389486,-0.024610,0.023003,0.352745,1.978054,1.000000,0.184077,5.651214
0.410000,0.561260,-0.014872,0.485335,0.920352,-0.389629,-0.024764,0.022975,0.353786,1.977112,1.000000,0.191170,5.652031
0.415000,0.561075,-0.014850,0.485313,0.920286,-0.389777,-0.024924,0.022947,0.354791,1.976135,1.000000,0.198327,5.656801
0.420000,0.560883,-0.014826,0.485288,0.920217,-0.389930,-0.025091,0.022918,0.355786,1.975122,1.000000,0.205447,5.653936
0.425000,0.560685,-0.014802,0.485260,0.920146,-0.390090,-0.025265,0.022890,0.356681,1.974076,1.000000,0.212086,5.633944
0.430000,0.560481,-0.014776,0.485229,0.920071,-0.390255,-0.025445,0.022862,0.357599,1.972993,1.000000,0.219723,5.635964
0.435000,0.560269,-0.014749,0.485194,0.919994,-0.390425,-0.025632,0.022833,0.358563,1.971870,1.000000,0.227729,5.642855
0.440000,0.560051,-0.014721,0.485155,0.919915,-0.390602,-0.025826,0.022805,0.359431,1.970713,1.000000,0.234626,5.623013
0.445000,0.559825,-0.014691,0.485114,0.919832,-0.390785,-0.026026,0.022776,0.360375,1.969514,1.000000,0.242954,5.635338
0.450000,0.559593,-0.014659,0.485069,0.919747,-0.390973,-0.026232,0.022748,0.361418,1.968272,1.000000,0.251657,5.652898
0.455000,0.559353,-0.014626,0.485020,0.919659,-0.391168,-0.026444,0.022719,0.362356,1.966997,1.000000,0.258340,5.623023
0.460000,0.559105,-0.014591,0.484969,0.919568,-0.391369,-0.026662,0.022690,0.363425,1.965678,1.000000,0.267354,5.637311
0.465000,0.558850,-0.014554,0.484914,0.919474,-0.391575,-0.026886,0.022661,0.364647,1.964311,1.000000,0.276990,5.658807
0.470000,0.558586,-0.014516,0.484856,0.919379,-0.391783,-0.027117,0.022632,0.365747,1.962908,1.000000,0.284115,5.630053
0.475000,0.558314,-0.014476,0.484795,0.919284,-0.391992,-0.027354,0.022603,0.367038,1.961454,1.000000,0.294485,5.659415
0.480000,0.558032,-0.014435,0.484731,0.919189,-0.392200,-0.027597,0.022577,0.368495,1.959948,1.000000,0.305247,5.687504
0.485000,0.557741,-0.014393,0.484665,0.919094,-0.392406,-0.027847,0.022551,0.369807,1.958402,1.000000,0.313013,5.658632
0.490000,0.557440,-0.014351,0.484595,0.919000,-0.392609,-0.028102,0.022529,0.371275,1.956804,1.000000,0.323844,5.676708
0.495000,0.557128,-0.014309,0.484524,0.918907,-0.392809,-0.028363,0.022509,0.372875,1.955150,1.000000,0.335138,5.693133
0.500000,0.556805,-0.014267,0.484450,0.918815,-0.393006,-0.028629,0.022492,0.374315,1.953455,1.000000,0.343405,5.656050
0.505000,0.556471,-0.014225,0.484375,0.918724,-0.393199,-0.028901,0.022478,0.375879,1.951703,1.000000,0.355051,5.669655
0.510000,0.556124,-0.014185,0.484297,0.918634,-0.393389,-0.029177,0.022467,0.377286,1.949908,1.000000,0.363602,5.632882
0.515000,0.555766,-0.014145,0.484218,0.918546,-0.393576,-0.029458,0.022460,0.378807,1.948055,1.000000,0.375433,5.643511
0.520000,0.555395,-0.014106,0.484137,0.918458,-0.393758,-0.029743,0.022456,0.380416,1.946144,1.000000,0.387126,5.645242
0.525000,0.555011,-0.014069,0.484056,0.918372,-0.393937,-0.030031,0.022456,0.381864,1.944190,1.000000,0.395790,5.601947
0.530000,0.554615,-0.014033,0.483973,0.918287,-0.394112,-0.030323,0.022458,0.383392,1.942178,1.000000,0.407545,5.599818
0.535000,0.554205,-0.013999,0.483889,0.918204,-0.394283,-0.030617,0.022464,0.384767,1.940122,1.000000,0.416265,5.556217
0.540000,0.553781,-0.013966,0.483805,0.918122,-0.394450,-0.030914,0.022472,0.386213,1.938009,1.000000,0.427901,5.550278
0.545000,0.553344,-0.013936,0.483720,0.918042,-0.394614,-0.031212,0.022484,0.387704,1.935838,1.000000,0.439504,5.541747
0.550000,0.552894,-0.013907,0.483635,0.917962,-0.394773,-0.031512,0.022498,0.389047,1.933623,1.000000,0.448206,5.498236
0.555000,0.552429,-0.013880,0.483549,0.917885,-0.394928,-0.031812,0.022514,0.390428,1.931354,1.000000,0.459135,5.480618
0.560000,0.551951,-0.013855,0.483464,0.917809,-0.395080,-0.032113,0.022532,0.391671,1.929044,1.000000,0.467399,5.432211
0.565000,0.551459,-0.013832,0.483378,0.917734,-0.395228,-0.032413,0.022553,0.392944,1.926681,1.000000,0.477976,5.410906
0.570000,0.550952,-0.013811,0.483293,0.917661,-0.395372,-0.032713,0.022575,0.394228,1.924267,1.000000,0.488272,5.386292
0.575000,0.550432,-0.013791,0.483209,0.917589,-0.395512,-0.033012,0.022598,0.395384,1.921813,1.000000,0.496170,5.337390
0.580000,0.549897,-0.013774,0.483125,0.917519,-0.395648,-0.033310,0.022623,0.396544,1.919311,1.000000,0.505886,5.309425
0.585000,0.549349,-0.013759,0.483042,0.917450,-0.395781,-0.033606,0.022649,0.397589,1.916771,1.000000,0.513417,5.260899
0.590000,0.548786,-0.013746,0.482960,0.917383,-0.395910,-0.033899,0.022676,0.398633,1.914186,1.000000,0.522364,5.227260
0.595000,0.548209,-0.013734,0.482879,0.917318,-0.396035,-0.034189,0.022704,0.399573,1.911566,1.000000,0.529323,5.175910
0.600000,0.547618,-0.013725,0.482799,0.917254,-0.396156,-0.034476,0.022732,0.400507,1.908904,1.000000,0.537579,5.139159
0.605000,0.547014,-0.013717,0.482721,0.917192,-0.396274,-0.034760,0.022761,0.401422,1.906204,1.000000,0.545360,5.099634
0.610000,0.546395,-0.013710,0.482644,0.917131,-0.396388,-0.035040,0.022789,0.402246,1.903472,1.000000,0.551528,5.047815
0.615000,0.545763,-0.013705,0.482568,0.917072,-0.396499,-0.035315,0.022818,0.403048,1.900706,1.000000,0.558524,5.006022
0.620000,0.545117,-0.013702,0.482494,0.917014,-0.396606,-0.035586,0.022846,0.403769,1.897911,1.000000,0.564124,4.954559
0.625000,0.544458,-0.013700,0.482422,0.916958,-0.396710,-0.035852,0.022874,0.404467,1.895085,1.000000,0.570206,4.908741
0.630000,0.543785,-0.013699,0.482352,0.916904,-0.396810,-0.036112,0.022901,0.405095,1.892234,1.000000,0.575073,4.855248
0.635000,0.543099,-0.013699,0.482283,0.916851,-0.396907,-0.036366,0.022927,0.405697,1.889358,1.000000,0.580290,4.807406
0.640000,0.542400,-0.013700,0.482217,0.916800,-0.397001,-0.036615,0.022953,0.406239,1.886459,1.000000,0.584509,4.754063
0.645000,0.541688,-0.013702,0.482153,0.916751,-0.397092,-0.036857,0.022978,0.406753,1.883539,1.000000,0.588890,4.704871
0.650000,0.540964,-0.013704,0.482092,0.916702,-0.397180,-0.037092,0.023001,0.407234,1.880598,1.000000,0.592777,4.654502
0.655000,0.540226,-0.013708,0.482033,0.916656,-0.397264,-0.037321,0.023023,0.407666,1.877642,1.000000,0.595962,4.601639
0.660000,0.539477,-0.013711,0.481976,0.916611,-0.397346,-0.037542,0.023044,0.408064,1.874670,1.000000,0.598945,4.549705
0.665000,0.538715,-0.013715,0.481922,0.916568,-0.397425,-0.037756,0.023064,0.408423,1.871685,1.000000,0.601352,4.496450
0.670000,0.537941,-0.013720,0.481871,0.916526,-0.397501,-0.037962,0.023082,0.408747,1.868690,1.000000,0.603377,4.443413
0.675000,0.537155,-0.013724,0.481823,0.916485,-0.397574,-0.038160,0.023098,0.409039,1.865686,1.000000,0.604999,4.390442
0.680000,0.536358,-0.013729,0.481778,0.916446,-0.397645,-0.038349,0.023113,0.409298,1.862676,1.000000,0.606153,4.337146
0.685000,0.535550,-0.013733,0.481736,0.916409,-0.397713,-0.038531,0.023126,0.409530,1.859662,1.000000,0.607003,4.284763
0.690000,0.534730,-0.013737,0.481697,0.916372,-0.397779,-0.038703,0.023137,0.409729,1.856645,1.000000,0.607331,4.231929
0.695000,0.533900,-0.013741,0.481662,0.916338,-0.397842,-0.038866,0.023146,0.409893,1.853629,1.000000,0.607068,4.178356
0.700000,0.533059,-0.013744,0.481629,0.916305,-0.397903,-0.039020,0.023154,0.410041,1.850614,1.000000,0.606703,4.127290
0.705000,0.532208,-0.013747,0.481601,0.916273,-0.397962,-0.039165,0.023159,0.410154,1.847604,1.000000,0.605631,4.074538
0.710000,0.531347,-0.013749,0.481576,0.916242,-0.398019,-0.039300,0.023163,0.410256,1.844599,1.000000,0.604510,4.024641
0.715000,0.530476,-0.013750,0.481554,0.916213,-0.398073,-0.039425,0.023164,0.410324,1.841603,1.000000,0.602462,3.971875
0.720000,0.529596,-0.013750,0.481536,0.916186,-0.398125,-0.039541,0.023163,0.410385,1.838617,1.000000,0.600514,3.922830
0.725000,0.528706,-0.013750,0.481522,0.916160,-0.398175,-0.039647,0.023160,0.410414,1.835644,1.000000,0.597727,3.871727
0.730000,0.527808,-0.013748,0.481511,0.916135,-0.398222,-0.039742,0.023155,0.410439,1.832685,1.000000,0.594973,3.824185
0.735000,0.526901,-0.013745,0.481504,0.916112,-0.398268,-0.039828,0.023148,0.410432,1.829744,1.000000,0.591198,3.773394
0.740000,0.525986,-0.013741,0.481501,0.916090,-0.398312,-0.039904,0.023139,0.410426,1.826820,1.000000,0.587597,3.726897
0.745000,0.525063,-0.013735,0.481501,0.916069,-0.398353,-0.039969,0.023127,0.410388,1.823918,1.000000,0.582982,3.677158
0.750000,0.524132,-0.013728,0.481505,0.916050,-0.398393,-0.040024,0.023113,0.410319,1.821042,1.000000,0.577923,3.627832
0.755000,0.523194,-0.013720,0.481513,0.916032,-0.398431,-0.040069,0.023097,0.410257,1.818188,1.000000,0.573137,3.583285
0.760000,0.522249,-0.013710,0.481525,0.916015,-0.398466,-0.040104,0.023079,0.410164,1.815365,1.000000,0.567065,3.534860
0.765000,0.521297,-0.013698,0.481540,0.916000,-0.398500,-0.040129,0.023059,0.410081,1.812570,1.000000,0.561297,3.491469
0.770000,0.520339,-0.013685,0.481559,0.915986,-0.398532,-0.040143,0.023037,0.409967,1.809808,1.000000,0.554456,3.444645
0.775000,0.519375,-0.013670,0.481581,0.915973,-0.398562,-0.040148,0.023012,0.409865,1.807079,1.000000,0.547946,3.402978
0.780000,0.518405,-0.013653,0.481607,0.915962,-0.398590,-0.040142,0.022986,0.409733,1.804386,1.000000,0.540371,3.357834
0.785000,0.517429,-0.013635,0.481637,0.915952,-0.398617,-0.040126,0.022957,0.409614,1.801730,1.000000,0.533163,3.318044
0.790000,0.516448,-0.013614,0.481670,0.915943,-0.398641,-0.040101,0.022926,0.409465,1.799114,1.000000,0.524908,3.274840
0.795000,0.515462,-0.013592,0.481706,0.915935,-0.398664,-0.040065,0.022894,0.409331,1.796540,1.000000,0.516504,3.234634
0.800000,0.514471,-0.013568,0.481747,0.915929,-0.398686,-0.040021,0.022859,0.409168,1.794012,1.000000,0.507097,3.191164
0.805000,0.513476,-0.013542,0.481790,0.915923,-0.398706,-0.039967,0.022822,0.408977,1.791532,1.000000,0.497499,3.149228
0.810000,0.512476,-0.013515,0.481837,0.915919,-0.398724,-0.039903,0.022784,0.408806,1.789097,1.000000,0.488322,3.112914
0.815000,0.511472,-0.013485,0.481887,0.915916,-0.398741,-0.039831,0.022744,0.408607,1.786713,1.000000,0.478026,3.072875
0.820000,0.510465,-0.013453,0.481940,0.915914,-0.398756,-0.039751,0.022701,0.408428,1.784379,1.000000,0.468153,3.038523
0.825000,0.509454,-0.013420,0.481996,0.915913,-0.398770,-0.039662,0.022657,0.408221,1.782098,1.000000,0.457336,3.001078
0.830000,0.508439,-0.013384,0.482055,0.915913,-0.398782,-0.039564,0.022612,0.408035,1.779870,1.000000,0.446564,2.964606
0.835000,0.507422,-0.013347,0.482117,0.915914,-0.398793,-0.039459,0.022564,0.407822,1.777700,1.000000,0.434925,2.925171
0.840000,0.506401,-0.013307,0.482182,0.915916,-0.398803,-0.039347,0.022515,0.407630,1.775587,1.000000,0.423726,2.891392
0.845000,0.505378,-0.013266,0.482249,0.915918,-0.398811,-0.039227,0.022465,0.407411,1.773532,1.000000,0.411684,2.854639
0.850000,0.504352,-0.013223,0.482318,0.915922,-0.398818,-0.039102,0.022412,0.407214,1.771536,1.000000,0.400154,2.823846
0.855000,0.503324,-0.013178,0.482389,0.915926,-0.398824,-0.038969,0.022358,0.406990,1.769600,1.000000,0.387863,2.790305
0.860000,0.502294,-0.013131,0.482463,0.915931,-0.398829,-0.038831,0.022303,0.406742,1.767729,1.000000,0.374971,2.753899
0.865000,0.501262,-0.013082,0.482538,0.915937,-0.398833,-0.038687,0.022246,0.406518,1.765919,1.000000,0.362541,2.723343
0.870000,0.500228,-0.013032,0.482614,0.915944,-0.398835,-0.038538,0.022188,0.406270,1.764175,1.000000,0.349512,2.690530
0.875000,0.499192,-0.012979,0.482692,0.915951,-0.398837,-0.038383,0.022128,0.406047,1.762493,1.000000,0.336893,2.663303
0.880000,0.498156,-0.012926,0.482771,0.915959,-0.398837,-0.038224,0.022067,0.405800,1.760877,1.000000,0.323635,2.633590
0.885000,0.497118,-0.012870,0.482851,0.915968,-0.398836,-0.038060,0.022004,0.405577,1.759326,1.000000,0.310756,2.609447
0.890000,0.496079,-0.012814,0.482932,0.915977,-0.398835,-0.037892,0.021941,0.405330,1.757842,1.000000,0.297296,2.583023
0.895000,0.495040,-0.012756,0.483014,0.915987,-0.398832,-0.037720,0.021876,0.405108,1.756423,1.000000,0.284194,2.559727
0.900000,0.494001,-0.012696,0.483096,0.915997,-0.398829,-0.037544,0.021810,0.404863,1.755072,1.000000,0.270594,2.534384
0.905000,0.492961,-0.012635,0.483179,0.916008,-0.398824,-0.037364,0.021743,0.404641,1.753786,1.000000,0.257442,2.514789
0.910000,0.491921,-0.012573,0.483261,0.916020,-0.398818,-0.037180,0.021675,0.404397,1.752569,1.000000,0.243884,2.493266
0.915000,0.490882,-0.012510,0.483344,0.916032,-0.398812,-0.036994,0.021605,0.404132,1.751419,1.000000,0.230266,2.473406
0.920000,0.489842,-0.012446,0.483427,0.916044,-0.398804,-0.036804,0.021535,0.403894,1.750335,1.000000,0.216965,2.458983
0.925000,0.488804,-0.012382,0.483509,0.916057,-0.398796,-0.036611,0.021464,0.403635,1.749320,1.000000,0.203321,2.442869
0.930000,0.487766,-0.012316,0.483591,0.916071,-0.398787,-0.036415,0.021392,0.403403,1.748370,1.000000,0.190346,2.429408
0.935000,0.486730,-0.012250,0.483673,0.916085,-0.398777,-0.036217,0.021319,0.403150,1.747486,1.000000,0.177078,2.414342
0.940000,0.485694,-0.012182,0.483753,0.916099,-0.398766,-0.036016,0.021245,0.402922,1.746666,1.000000,0.164078,2.404392
0.945000,0.484660,-0.012115,0.483833,0.916114,-0.398754,-0.035813,0.021171,0.402675,1.745913,1.000000,0.150866,2.392852
0.950000,0.483628,-0.012046,0.483912,0.916129,-0.398741,-0.035608,0.021095,0.402452,1.745225,1.000000,0.137878,2.386428
0.955000,0.482597,-0.011978,0.483990,0.916145,-0.398728,-0.035401,0.021019,0.402210,1.744603,1.000000,0.124731,2.378553
0.960000,0.481568,-0.011909,0.484066,0.916161,-0.398714,-0.035192,0.020942,0.401951,1.744045,1.000000,0.111737,2.372544
0.965000,0.480542,-0.011840,0.484141,0.916177,-0.398699,-0.034982,0.020864,0.401717,1.743549,1.000000,0.099424,2.369380
0.970000,0.479517,-0.011770,0.484215,0.916194,-0.398683,-0.034770,0.020786,0.401502,1.743116,1.000000,0.087037,2.367466
0.975000,0.478496,-0.011701,0.484286,0.916211,-0.398666,-0.034557,0.020707,0.401309,1.742743,1.000000,0.074765,2.367672
0.980000,0.477476,-0.011631,0.484356,0.916228,-0.398649,-0.034343,0.020628,0.401096,1.742432,1.000000,0.062520,2.366631
0.985000,0.476460,-0.011562,0.484424,0.916246,-0.398631,-0.034128,0.020548,0.400905,1.742181,1.000000,0.050426,2.370098
0.990000,0.475447,-0.011493,0.484490,0.916264,-0.398613,-0.033912,0.020467,0.400695,1.741991,1.000000,0.038338,2.372188
0.995000,0.474436,-0.011423,0.484554,0.916282,-0.398593,-0.033695,0.020386,0.400506,1.741861,1.000000,0.026375,2.378881
1.000000,0.473429,-0.011355,0.484616,0.916300,-0.398574,-0.033477,0.020305,0.400296,1.741786,1.000000,0.015136,2.382179
1.005000,0.472425,-0.011286,0.484676,0.916319,-0.398553,-0.033259,0.020223,0.400069,1.741768,1.000000,0.003966,2.386827
1.010000,0.471425,-0.011218,0.484733,0.916338,-0.398532,-0.033041,0.020141,0.399864,1.741798,1.000000,-0.007053,2.395963
1.015000,0.470429,-0.011150,0.484788,0.916357,-0.398510,-0.032822,0.020059,0.399641,1.741871,1.000000,-0.017885,2.403402
1.020000,0.469436,-0.011083,0.484840,0.916376,-0.398488,-0.032603,0.019976,0.399440,1.741987,1.000000,-0.028704,2.415279
1.025000,0.468447,-0.011017,0.484889,0.916396,-0.398465,-0.032384,0.019893,0.399221,1.742147,1.000000,-0.039448,2.425468
1.030000,0.467462,-0.010951,0.484936,0.916416,-0.398441,-0.032165,0.019810,0.399023,1.742346,1.000000,-0.049382,2.438583
1.035000,0.466482,-0.010886,0.484981,0.916436,-0.398417,-0.031945,0.019727,0.398807,1.742584,1.000000,-0.059172,2.449840
1.040000,0.465506,-0.010822,0.485023,0.916456,-0.398392,-0.031726,0.019644,0.398574,1.742861,1.000000,-0.068734,2.462063
1.045000,0.464534,-0.010758,0.485062,0.916476,-0.398367,-0.031506,0.019560,0.398365,1.743176,1.000000,-0.078288,2.478487
1.050000,0.463567,-0.010696,0.485098,0.916496,-0.398341,-0.031287,0.019477,0.398140,1.743529,1.000000,-0.087725,2.493050
1.055000,0.462604,-0.010634,0.485131,0.916517,-0.398315,-0.031068,0.019393,0.397937,1.743920,1.000000,-0.097104,2.511601
1.060000,0.461646,-0.010573,0.485162,0.916538,-0.398289,-0.030850,0.019309,0.397717,1.744347,1.000000,-0.106210,2.528038
1.065000,0.460693,-0.010513,0.485189,0.916558,-0.398262,-0.030633,0.019225,0.397520,1.744807,1.000000,-0.114615,2.545245
1.070000,0.459744,-0.010453,0.485214,0.916579,-0.398235,-0.030418,0.019139,0.397307,1.745301,1.000000,-0.122865,2.560577
1.075000,0.458799,-0.010394,0.485236,0.916600,-0.398208,-0.030206,0.019053,0.397081,1.745827,1.000000,-0.130902,2.576538
1.080000,0.457859,-0.010334,0.485255,0.916620,-0.398180,-0.029996,0.018965,0.396877,1.746385,1.000000,-0.138988,2.596245
1.085000,0.456923,-0.010275,0.485271,0.916641,-0.398153,-0.029788,0.018877,0.396660,1.746975,1.000000,-0.146860,2.613906
1.090000,0.455993,-0.010217,0.485284,0.916661,-0.398126,-0.029583,0.018787,0.396465,1.747597,1.000000,-0.154843,2.635278
1.095000,0.455066,-0.010158,0.485295,0.916681,-0.398099,-0.029381,0.018697,0.396257,1.748250,1.000000,-0.162640,2.654677
1.100000,0.454145,-0.010101,0.485302,0.916701,-0.398072,-0.029181,0.018607,0.396070,1.748932,1.000000,-0.169758,2.674760
1.105000,0.453228,-0.010043,0.485308,0.916721,-0.398045,-0.028983,0.018515,0.395869,1.749641,1.000000,-0.176593,2.692740
1.110000,0.452316,-0.009986,0.485310,0.916741,-0.398018,-0.028789,0.018423,0.395689,1.750378,1.000000,-0.183507,2.714155
1.115000,0.451409,-0.009929,0.485310,0.916760,-0.397991,-0.028596,0.018331,0.395496,1.751141,1.000000,-0.190146,2.733420
1.120000,0.450508,-0.009873,0.485307,0.916780,-0.397964,-0.028406,0.018238,0.395292,1.751931,1.000000,-0.196707,2.753248
1.125000,0.449611,-0.009817,0.485302,0.916799,-0.397937,-0.028219,0.018145,0.395108,1.752747,1.000000,-0.203371,2.776414
1.130000,0.448720,-0.009762,0.485295,0.916818,-0.397910,-0.028034,0.018052,0.394913,1.753589,1.000000,-0.209752,2.797471
1.135000,0.447833,-0.009707,0.485285,0.916837,-0.397884,-0.027851,0.017958,0.394738,1.754455,1.000000,-0.215661,2.821049
1.140000,0.446952,-0.009653,0.485273,0.916856,-0.397858,-0.027671,0.017865,0.394552,1.755343,1.000000,-0.221349,2.842542
1.145000,0.446077,-0.009599,0.485259,0.916874,-0.397831,-0.027493,0.017771,0.394384,1.756255,1.000000,-0.227064,2.866987
1.150000,0.445207,-0.009546,0.485243,0.916893,-0.397805,-0.027317,0.017677,0.394206,1.757188,1.000000,-0.232470,2.889166
1.155000,0.444342,-0.009494,0.485225,0.916911,-0.397779,-0.027143,0.017583,0.394017,1.758142,1.000000,-0.237801,2.911714
1.160000,0.443483,-0.009442,0.485205,0.916929,-0.397754,-0.026971,0.017489,0.393848,1.759119,1.000000,-0.243274,2.937310
1.165000,0.442629,-0.009391,0.485183,0.916947,-0.397728,-0.026801,0.017395,0.393668,1.760116,1.000000,-0.248471,2.960691
1.170000,0.441781,-0.009341,0.485160,0.916964,-0.397703,-0.026634,0.017301,0.393507,1.761131,1.000000,-0.253075,2.983377
1.175000,0.440938,-0.009291,0.485135,0.916982,-0.397678,-0.026468,0.017208,0.393335,1.762164,1.000000,-0.257408,3.003971
1.180000,0.440100,-0.009242,0.485109,0.916999,-0.397653,-0.026304,0.017115,0.393181,1.763215,1.000000,-0.261887,3.027503
1.185000,0.439269,-0.009193,0.485081,0.917016,-0.397628,-0.026142,0.017021,0.393016,1.764283,1.000000,-0.266077,3.048761
1.190000,0.438443,-0.009146,0.485051,0.917033,-0.397604,-0.025981,0.016928,0.392842,1.765367,1.000000,-0.270193,3.070290
1.195000,0.437622,-0.009099,0.485021,0.917050,-0.397580,-0.025823,0.016835,0.392686,1.766469,1.000000,-0.274476,3.094713
1.200000,0.436807,-0.009053,0.484988,0.917066,-0.397556,-0.025667,0.016743,0.392520,1.767584,1.000000,-0.277914,3.114832
1.205000,0.435998,-0.009007,0.484955,0.917082,-0.397532,-0.025512,0.016651,0.392371,1.768714,1.000000,-0.281519,3.137867
1.210000,0.435194,-0.008963,0.484921,0.917098,-0.397509,-0.025359,0.016559,0.392212,1.769857,1.000000,-0.284821,3.158568
1.215000,0.434396,-0.008919,0.484885,0.917114,-0.397485,-0.025208,0.016468,0.392068,1.771014,1.000000,-0.288347,3.182324
1.220000,0.433604,-0.008876,0.484848,0.917130,-0.397462,-0.025057,0.016377,0.391915,1.772184,1.000000,-0.291604,3.203818
1.225000,0.432818,-0.008834,0.484811,0.917146,-0.397439,-0.024908,0.016287,0.391752,1.773367,1.000000,-0.294721,3.225189
1.230000,0.432037,-0.008793,0.484773,0.917161,-0.397416,-0.024761,0.016197,0.391606,1.774563,1.000000,-0.298018,3.249366
1.235000,0.431262,-0.008754,0.484733,0.917177,-0.397394,-0.024614,0.016109,0.391451,1.775768,1.000000,-0.300474,3.269504
1.240000,0.430493,-0.008715,0.484694,0.917192,-0.397371,-0.024467,0.016021,0.391310,1.776985,1.000000,-0.303123,3.292488
1.245000,0.429730,-0.008678,0.484653,0.917207,-0.397348,-0.024322,0.015934,0.391160,1.778211,1.000000,-0.305486,3.313028
1.250000,0.428972,-0.008641,0.484612,0.917222,-0.397326,-0.024177,0.015848,0.391025,1.779447,1.000000,-0.308040,3.336296
1.255000,0.428220,-0.008606,0.484570,0.917237,-0.397304,-0.024034,0.015763,0.390880,1.780692,1.000000,-0.310326,3.357056
1.260000,0.427474,-0.008572,0.484528,0.917252,-0.397281,-0.023891,0.015679,0.390726,1.781946,1.000000,-0.312605,3.378038
1.265000,0.426733,-0.008540,0.484485,0.917267,-0.397259,-0.023748,0.015595,0.390587,1.783210,1.000000,-0.315129,3.401889
1.270000,0.425997,-0.008508,0.484442,0.917281,-0.397237,-0.023607,0.015512,0.390438,1.784482,1.000000,-0.316948,3.420007
1.275000,0.425267,-0.008477,0.484398,0.917296,-0.397215,-0.023467,0.015430,0.390304,1.785761,1.000000,-0.318971,3.440951
1.280000,0.424542,-0.008448,0.484354,0.917310,-0.397193,-0.023328,0.015349,0.390160,1.787048,1.000000,-0.320677,3.459106
1.285000,0.423823,-0.008419,0.484310,0.917324,-0.397171,-0.023190,0.015268,0.390031,1.788342,1.000000,-0.322614,3.480083
1.290000,0.423109,-0.008392,0.484265,0.917338,-0.397150,-0.023053,0.015187,0.389891,1.789643,1.000000,-0.324303,3.498500
1.295000,0.422399,-0.008366,0.484220,0.917352,-0.397129,-0.022918,0.015108,0.389766,1.790952,1.000000,-0.326313,3.520165
1.300000,0.421695,-0.008340,0.484175,0.917366,-0.397107,-0.022784,0.015029,0.389629,1.792268,1.000000,-0.328094,3.539290
1.305000,0.420995,-0.008316,0.484129,0.917380,-0.397086,-0.022651,0.014950,0.389483,1.793589,1.000000,-0.329584,3.557372
1.310000,0.420301,-0.008292,0.484084,0.917393,-0.397065,-0.022521,0.014872,0.389352,1.794918,1.000000,-0.331341,3.578321
1.315000,0.419611,-0.008270,0.484038,0.917407,-0.397045,-0.022391,0.014795,0.389211,1.796253,1.000000,-0.332865,3.596653
1.320000,0.418925,-0.008248,0.483991,0.917420,-0.397025,-0.022264,0.014718,0.389084,1.797595,1.000000,-0.334693,3.618044
1.325000,0.418244,-0.008227,0.483945,0.917433,-0.397004,-0.022138,0.014641,0.388947,1.798944,1.000000,-0.336329,3.637007
1.330000,0.417568,-0.008207,0.483899,0.917446,-0.396984,-0.022014,0.014566,0.388824,1.800299,1.000000,-0.338188,3.658537
1.335000,0.416895,-0.008189,0.483852,0.917458,-0.396965,-0.021891,0.014490,0.388691,1.801662,1.000000,-0.339815,3.677325
1.340000,0.416227,-0.008171,0.483806,0.917471,-0.396945,-0.021771,0.014416,0.388549,1.803030,1.000000,-0.341261,3.694269
1.345000,0.415563,-0.008153,0.483759,0.917483,-0.396926,-0.021652,0.014342,0.388421,1.804404,1.000000,-0.343011,3.714243
1.350000,0.414902,-0.008137,0.483712,0.917495,-0.396907,-0.021536,0.014268,0.388284,1.805786,1.000000,-0.344596,3.731924
1.355000,0.414246,-0.008121,0.483666,0.917507,-0.396889,-0.021422,0.014195,0.388160,1.807174,1.000000,-0.346421,3.752211
1.360000,0.413593,-0.008107,0.483619,0.917519,-0.396870,-0.021310,0.014122,0.388028,1.808568,1.000000,-0.347997,3.769672
1.365000,0.412943,-0.008093,0.483572,0.917530,-0.396852,-0.021200,0.014050,0.387909,1.809971,1.000000,-0.349909,3.790285
1.370000,0.412297,-0.008079,0.483526,0.917541,-0.396834,-0.021093,0.013978,0.387780,1.811379,1.000000,-0.351617,3.806862
1.375000,0.411654,-0.008067,0.483479,0.917553,-0.396817,-0.020988,0.013907,0.387644,1.812795,1.000000,-0.353320,3.823291
1.380000,0.411015,-0.008055,0.483432,0.917563,-0.396799,-0.020886,0.013836,0.387522,1.814218,1.000000,-0.355303,3.842418
1.385000,0.410378,-0.008043,0.483385,0.917574,-0.396782,-0.020787,0.013766,0.387392,1.815649,1.000000,-0.357109,3.859216
1.390000,0.409744,-0.008033,0.483338,0.917584,-0.396766,-0.020691,0.013696,0.387275,1.817088,1.000000,-0.359216,3.878806
1.395000,0.409113,-0.008023,0.483291,0.917595,-0.396749,-0.020598,0.013627,0.387151,1.818534,1.000000,-0.361184,3.896276
1.400000,0.408484,-0.008013,0.483243,0.917605,-0.396733,-0.020508,0.013558,0.387039,1.819989,1.000000,-0.363377,3.916106
1.405000,0.407858,-0.008004,0.483196,0.917615,-0.396717,-0.020421,0.013490,0.386920,1.821454,1.000000,-0.365712,3.933973
1.410000,0.407234,-0.007996,0.483148,0.917624,-0.396702,-0.020338,0.013422,0.386813,1.822929,1.000000,-0.368385,3.954403
1.415000,0.406612,-0.007988,0.483099,0.917633,-0.396687,-0.020259,0.013354,0.386700,1.824414,1.000000,-0.370962,3.972700
1.420000,0.405992,-0.007981,0.483051,0.917642,-0.396672,-0.020184,0.013288,0.386582,1.825909,1.000000,-0.373655,3.991320
1.425000,0.405374,-0.007974,0.483001,0.917651,-0.396658,-0.020113,0.013222,0.386476,1.827416,1.000000,-0.376629,4.012224
1.430000,0.404757,-0.007967,0.482951,0.917659,-0.396644,-0.020047,0.013156,0.386365,1.828935,1.000000,-0.379499,4.031338
1.435000,0.404141,-0.007961,0.482901,0.917668,-0.396630,-0.019985,0.013092,0.386266,1.830466,1.000000,-0.382627,4.052584
1.440000,0.403526,-0.007956,0.482850,0.917675,-0.396617,-0.019928,0.013028,0.386163,1.832011,1.000000,-0.386180,4.073057
1.445000,0.402913,-0.007951,0.482798,0.917683,-0.396604,-0.019876,0.012965,0.386071,1.833571,1.000000,-0.390082,4.095544
1.450000,0.402300,-0.007946,0.482745,0.917690,-0.396592,-0.019829,0.012903,0.385976,1.835147,1.000000,-0.393971,4.116586
1.455000,0.401687,-0.007942,0.482691,0.917697,-0.396580,-0.019788,0.012843,0.385881,1.836738,1.000000,-0.397947,4.137744
1.460000,0.401075,-0.007939,0.482637,0.917703,-0.396569,-0.019752,0.012785,0.385795,1.838346,1.000000,-0.402156,4.160468
1.465000,0.400463,-0.007937,0.482581,0.917710,-0.396558,-0.019721,0.012728,0.385710,1.839971,1.000000,-0.406353,4.182281
1.470000,0.399851,-0.007936,0.482524,0.917716,-0.396547,-0.019696,0.012673,0.385633,1.841613,1.000000,-0.410793,4.205713
1.475000,0.399240,-0.007936,0.482465,0.917722,-0.396536,-0.019676,0.012621,0.385558,1.843274,1.000000,-0.415537,4.229619
1.480000,0.398628,-0.007936,0.482406,0.917727,-0.396525,-0.019661,0.012570,0.385489,1.844954,1.000000,-0.420413,4.253999
1.485000,0.398016,-0.007938,0.482344,0.917733,-0.396514,-0.019652,0.012522,0.385423,1.846654,1.000000,-0.425341,4.277763
1.490000,0.397404,-0.007940,0.482282,0.917738,-0.396503,-0.019649,0.012476,0.385360,1.848374,1.000000,-0.430488,4.302472
1.495000,0.396791,-0.007944,0.482217,0.917744,-0.396492,-0.019652,0.012431,0.385303,1.850116,1.000000,-0.435775,4.327742
1.500000,0.396177,-0.007948,0.482151,0.917749,-0.396480,-0.019661,0.012389,0.385250,1.851878,1.000000,-0.441098,4.352635
1.505000,0.395563,-0.007953,0.482083,0.917754,-0.396469,-0.019675,0.012349,0.385202,1.853662,1.000000,-0.446517,4.377868
1.510000,0.394947,-0.007960,0.482014,0.917759,-0.396457,-0.019695,0.012311,0.385156,1.855467,1.000000,-0.451734,4.400996
1.515000,0.394331,-0.007967,0.481942,0.917764,-0.396445,-0.019721,0.012275,0.385113,1.857293,1.000000,-0.457025,4.424592
1.520000,0.393714,-0.007974,0.481869,0.917769,-0.396433,-0.019753,0.012241,0.385074,1.859140,1.000000,-0.462375,4.448646
1.525000,0.393096,-0.007983,0.481793,0.917775,-0.396420,-0.019790,0.012208,0.385035,1.861009,1.000000,-0.467669,4.472086
1.530000,0.392477,-0.007992,0.481716,0.917780,-0.396407,-0.019832,0.012176,0.385000,1.862899,1.000000,-0.473078,4.496415
1.535000,0.391858,-0.008002,0.481637,0.917785,-0.396394,-0.019880,0.012146,0.384962,1.864811,1.000000,-0.478432,4.519979
1.540000,0.391237,-0.008013,0.481555,0.917790,-0.396380,-0.019933,0.012118,0.384916,1.866743,1.000000,-0.483579,4.542234
1.545000,0.390615,-0.008024,0.481472,0.917795,-0.396366,-0.019992,0.012091,0.384874,1.868696,1.000000,-0.488944,4.566439
1.550000,0.389991,-0.008036,0.481387,0.917801,-0.396351,-0.020055,0.012065,0.384819,1.870671,1.000000,-0.494109,4.588418
1.555000,0.389367,-0.008048,0.481299,0.917806,-0.396336,-0.020123,0.012041,0.384769,1.872667,1.000000,-0.499549,4.613060
1.560000,0.388742,-0.008061,0.481210,0.917811,-0.396321,-0.020196,0.012017,0.384697,1.874683,1.000000,-0.504532,4.633384
1.565000,0.388115,-0.008074,0.481118,0.917817,-0.396305,-0.020274,0.011995,0.384593,1.876718,1.000000,-0.509366,4.651974
1.570000,0.387487,-0.008087,0.481025,0.917822,-0.396289,-0.020356,0.011974,0.384500,1.878775,1.000000,-0.514872,4.676752
1.575000,0.386859,-0.008101,0.480930,0.917828,-0.396272,-0.020443,0.011955,0.384363,1.880850,1.000000,-0.519202,4.692228
1.580000,0.386228,-0.008115,0.480833,0.917833,-0.396255,-0.020535,0.011936,0.384239,1.882945,1.000000,-0.524389,4.715936
1.585000,0.385597,-0.008129,0.480734,0.917839,-0.396237,-0.020630,0.011918,0.384058,1.885057,1.000000,-0.528333,4.728379
1.590000,0.384965,-0.008143,0.480633,0.917845,-0.396219,-0.020730,0.011902,0.383805,1.887182,1.000000,-0.532017,4.737920
1.595000,0.384331,-0.008157,0.480531,0.917850,-0.396201,-0.020833,0.011887,0.383577,1.889329,1.000000,-0.537279,4.761964
1.600000,0.383696,-0.008172,0.480426,0.917856,-0.396182,-0.020940,0.011873,0.383783,1.891527,1.000000,-0.549669,4.853328
1.605000,0.383061,-0.008186,0.480321,0.917863,-0.396162,-0.021050,0.011859,0.383968,1.893744,1.000000,-0.554513,4.878613
1.610000,0.382425,-0.008200,0.480213,0.917869,-0.396142,-0.021164,0.011846,0.384143,1.895978,1.000000,-0.558901,4.902621
1.615000,0.381788,-0.008213,0.480105,0.917875,-0.396121,-0.021280,0.011833,0.384310,1.898231,1.000000,-0.563321,4.927448
1.620000,0.381151,-0.008226,0.479995,0.917882,-0.396100,-0.021399,0.011821,0.384461,1.900500,1.000000,-0.567477,4.950600
1.625000,0.380514,-0.008239,0.479883,0.917888,-0.396079,-0.021520,0.011810,0.384607,1.902786,1.000000,-0.571712,4.975148
1.630000,0.379876,-0.008251,0.479771,0.917895,-0.396057,-0.021643,0.011799,0.384738,1.905089,1.000000,-0.575750,4.998301
1.635000,0.379237,-0.008263,0.479657,0.917902,-0.396035,-0.021769,0.011789,0.384867,1.907408,1.000000,-0.579973,5.023509
1.640000,0.378599,-0.008274,0.479542,0.917908,-0.396012,-0.021897,0.011779,0.384995,1.909744,1.000000,-0.584140,5.048785
1.645000,0.377959,-0.008285,0.479427,0.917915,-0.395990,-0.022027,0.011771,0.385110,1.912096,1.000000,-0.588046,5.072175
1.650000,0.377320,-0.008295,0.479310,0.917922,-0.395967,-0.022158,0.011763,0.385226,1.914464,1.000000,-0.592156,5.097513
1.655000,0.376681,-0.008304,0.479193,0.917929,-0.395943,-0.022292,0.011755,0.385330,1.916848,1.000000,-0.596007,5.120750
1.660000,0.376041,-0.008312,0.479075,0.917936,-0.395920,-0.022427,0.011749,0.385436,1.919248,1.000000,-0.600065,5.146001
1.665000,0.375401,-0.008320,0.478956,0.917943,-0.395896,-0.022564,0.011743,0.385542,1.921664,1.000000,-0.604116,5.171347
1.670000,0.374761,-0.008327,0.478837,0.917950,-0.395872,-0.022702,0.011738,0.385638,1.924096,1.000000,-0.607930,5.194735
1.675000,0.374120,-0.008333,0.478717,0.917957,-0.395849,-0.022843,0.011735,0.385735,1.926543,1.000000,-0.611950,5.219993
1.680000,0.373480,-0.008338,0.478597,0.917964,-0.395824,-0.022984,0.011732,0.385822,1.929005,1.000000,-0.615447,5.242277
1.685000,0.372839,-0.008342,0.478476,0.917971,-0.395800,-0.023127,0.011730,0.385909,1.931482,1.000000,-0.619072,5.266249
1.690000,0.372199,-0.008345,0.478355,0.917977,-0.395776,-0.023271,0.011729,0.385996,1.933972,1.000000,-0.622640,5.290173
1.695000,0.371558,-0.008348,0.478234,0.917984,-0.395751,-0.023416,0.011728,0.386075,1.936477,1.000000,-0.625969,5.312475
1.700000,0.370918,-0.008349,0.478113,0.917991,-0.395726,-0.023562,0.011729,0.386152,1.938994,1.000000,-0.629366,5.335778
1.705000,0.370278,-0.008349,0.477991,0.917998,-0.395701,-0.023709,0.011730,0.386222,1.941525,1.000000,-0.632594,5.357808
1.710000,0.369638,-0.008348,0.477870,0.918005,-0.395676,-0.023857,0.011733,0.386292,1.944067,1.000000,-0.635299,5.378963
1.715000,0.368999,-0.008347,0.477749,0.918013,-0.395650,-0.024005,0.011736,0.386361,1.946620,1.000000,-0.637931,5.400648
1.720000,0.368359,-0.008344,0.477628,0.918020,-0.395624,-0.024154,0.011739,0.386422,1.949182,1.000000,-0.640281,5.421034
1.725000,0.367721,-0.008340,0.477507,0.918027,-0.395598,-0.024302,0.011743,0.386483,1.951754,1.000000,-0.642605,5.442132
1.730000,0.367083,-0.008335,0.477387,0.918034,-0.395572,-0.024451,0.011748,0.386539,1.954334,1.000000,-0.644678,5.461811
1.735000,0.366446,-0.008328,0.477267,0.918042,-0.395546,-0.024599,0.011753,0.386593,1.956923,1.000000,-0.646795,5.482441
1.740000,0.365809,-0.008321,0.477148,0.918049,-0.395519,-0.024747,0.011759,0.386647,1.959520,1.000000,-0.648929,5.503517
1.745000,0.365174,-0.008312,0.477030,0.918056,-0.395493,-0.024895,0.011765,0.386696,1.962124,1.000000,-0.650401,5.520981
1.750000,0.364539,-0.008302,0.476912,0.918064,-0.395466,-0.025042,0.011772,0.386745,1.964733,1.000000,-0.651860,5.539471
1.755000,0.363905,-0.008291,0.476795,0.918071,-0.395439,-0.025188,0.011779,0.386794,1.967348,1.000000,-0.653147,5.557488
1.760000,0.363273,-0.008279,0.476679,0.918079,-0.395412,-0.025334,0.011787,0.386838,1.969968,1.000000,-0.654264,5.574704
1.765000,0.362641,-0.008266,0.476564,0.918086,-0.395385,-0.025478,0.011794,0.386882,1.972592,1.000000,-0.655469,5.593170
1.770000,0.362011,-0.008251,0.476450,0.918094,-0.395358,-0.025622,0.011802,0.386922,1.975221,1.000000,-0.656474,5.610457
1.775000,0.361382,-0.008235,0.476337,0.918101,-0.395331,-0.025765,0.011811,0.386962,1.977853,1.000000,-0.657506,5.628415
1.780000,0.360754,-0.008218,0.476225,0.918109,-0.395304,-0.025907,0.011819,0.387002,1.980485,1.000000,-0.657091,5.639952
1.785000,0.360129,-0.008199,0.476114,0.918117,-0.395276,-0.026047,0.011828,0.387039,1.983114,1.000000,-0.656315,5.651213
1.790000,0.359505,-0.008180,0.476005,0.918125,-0.395248,-0.026185,0.011836,0.387076,1.985740,1.000000,-0.655356,5.663517
1.795000,0.358883,-0.008159,0.475897,0.918133,-0.395220,-0.026321,0.011844,0.387108,1.988360,1.000000,-0.654005,5.674678
1.800000,0.358263,-0.008137,0.475790,0.918141,-0.395192,-0.026454,0.011853,0.387141,1.990975,1.000000,-0.652493,5.686294
1.805000,0.357646,-0.008114,0.475685,0.918150,-0.395163,-0.026583,0.011861,0.387173,1.993584,1.000000,-0.650812,5.697787
1.810000,0.357032,-0.008091,0.475582,0.918158,-0.395134,-0.026710,0.011870,0.387202,1.996185,1.000000,-0.648969,5.708807
1.815000,0.356420,-0.008066,0.475480,0.918167,-0.395104,-0.026833,0.011879,0.387228,1.998773,1.000000,-0.645293,5.711814
1.820000,0.355812,-0.008041,0.475380,0.918177,-0.395074,-0.026952,0.011888,0.387252,2.001345,1.000000,-0.641227,5.715516
1.825000,0.355207,-0.008015,0.475283,0.918186,-0.395044,-0.027066,0.011896,0.387274,2.003900,1.000000,-0.636793,5.719196
1.830000,0.354606,-0.007988,0.475187,0.918197,-0.395012,-0.027174,0.011905,0.387291,2.006436,1.000000,-0.632004,5.722054
1.835000,0.354009,-0.007961,0.475093,0.918207,-0.394981,-0.027277,0.011913,0.387306,2.008952,1.000000,-0.627073,5.725277
1.840000,0.353416,-0.007933,0.475001,0.918218,-0.394948,-0.027375,0.011920,0.387317,2.011449,1.000000,-0.621942,5.727766
1.845000,0.352827,-0.007905,0.474911,0.918229,-0.394916,-0.027467,0.011927,0.387320,2.013924,1.000000,-0.616701,5.729829
1.850000,0.352243,-0.007876,0.474823,0.918241,-0.394883,-0.027554,0.011934,0.387323,2.016374,1.000000,-0.610242,5.726623
1.855000,0.351663,-0.007846,0.474737,0.918253,-0.394849,-0.027634,0.011939,0.387317,2.018798,1.000000,-0.603382,5.722191
1.860000,0.351088,-0.007816,0.474654,0.918265,-0.394816,-0.027708,0.011944,0.387313,2.021194,1.000000,-0.596492,5.719358
1.865000,0.350518,-0.007785,0.474573,0.918277,-0.394781,-0.027776,0.011948,0.387298,2.023561,1.000000,-0.589285,5.714547
1.870000,0.349953,-0.007754,0.474494,0.918290,-0.394747,-0.027838,0.011951,0.387272,2.025899,1.000000,-0.581977,5.709183
1.875000,0.349394,-0.007722,0.474417,0.918304,-0.394712,-0.027893,0.011953,0.387248,2.028209,1.000000,-0.574898,5.706311
1.880000,0.348839,-0.007690,0.474343,0.918317,-0.394677,-0.027942,0.011954,0.387212,2.030486,1.000000,-0.566534,5.695578
1.885000,0.348291,-0.007658,0.474271,0.918331,-0.394642,-0.027984,0.011954,0.387161,2.032729,1.000000,-0.558047,5.684691
1.890000,0.347748,-0.007624,0.474202,0.918345,-0.394606,-0.028020,0.011953,0.387115,2.034939,1.000000,-0.549811,5.677207
1.895000,0.347210,-0.007591,0.474135,0.918360,-0.394570,-0.028049,0.011950,0.387054,2.037115,1.000000,-0.541205,5.665837
1.900000,0.346679,-0.007557,0.474071,0.918375,-0.394534,-0.028071,0.011947,0.386999,2.039258,1.000000,-0.532988,5.658374
1.905000,0.346153,-0.007523,0.474009,0.918390,-0.394498,-0.028087,0.011943,0.386927,2.041367,1.000000,-0.524454,5.646686
1.910000,0.345633,-0.007488,0.473950,0.918405,-0.394462,-0.028097,0.011938,0.386836,2.043442,1.000000,-0.516006,5.634542
1.915000,0.345119,-0.007453,0.473894,0.918421,-0.394425,-0.028101,0.011932,0.386755,2.045482,1.000000,-0.507119,5.621915
1.920000,0.344611,-0.007417,0.473841,0.918436,-0.394389,-0.028099,0.011924,0.386654,2.047484,1.000000,-0.497783,5.604477
1.925000,0.344110,-0.007381,0.473791,0.918452,-0.394353,-0.028090,0.011916,0.386534,2.049449,1.000000,-0.488408,5.586101
1.930000,0.343615,-0.007345,0.473744,0.918469,-0.394316,-0.028076,0.011907,0.386425,2.051378,1.000000,-0.479578,5.573493
1.935000,0.343126,-0.007308,0.473700,0.918485,-0.394280,-0.028055,0.011897,0.386294,2.053271,1.000000,-0.470396,5.555345
1.940000,0.342643,-0.007271,0.473659,0.918502,-0.394243,-0.028028,0.011887,0.386177,2.055129,1.000000,-0.461806,5.543031
1.945000,0.342167,-0.007234,0.473621,0.918519,-0.394207,-0.027996,0.011875,0.386036,2.056951,1.000000,-0.452834,5.524095
1.950000,0.341697,-0.007196,0.473587,0.918535,-0.394170,-0.027958,0.011863,0.385872,2.058735,1.000000,-0.443244,5.499173
1.955000,0.341234,-0.007158,0.473555,0.918553,-0.394134,-0.027915,0.011850,0.385724,2.060483,1.000000,-0.434241,5.481462
1.960000,0.340777,-0.007119,0.473527,0.918570,-0.394098,-0.027867,0.011836,0.385550,2.062192,1.000000,-0.424728,5.456162
1.965000,0.340327,-0.007081,0.473503,0.918587,-0.394062,-0.027813,0.011821,0.385394,2.063866,1.000000,-0.415879,5.438348
1.970000,0.339883,-0.007042,0.473481,0.918604,-0.394026,-0.027754,0.011806,0.385211,2.065503,1.000000,-0.406605,5.412901
1.975000,0.339446,-0.007003,0.473463,0.918622,-0.393990,-0.027691,0.011790,0.385001,2.067104,1.000000,-0.397505,5.387082
1.980000,0.339016,-0.006963,0.473448,0.918639,-0.393954,-0.027623,0.011773,0.384812,2.068670,1.000000,-0.389165,5.369677
1.985000,0.338592,-0.006923,0.473437,0.918657,-0.393919,-0.027551,0.011756,0.384595,2.070200,1.000000,-0.379909,5.339158
1.990000,0.338175,-0.006884,0.473429,0.918675,-0.393884,-0.027475,0.011738,0.384349,2.071693,1.000000,-0.370761,5.308020
1.995000,0.337764,-0.006844,0.473424,0.918692,-0.393849,-0.027395,0.011720,0.384127,2.073152,1.000000,-0.362372,5.286273
2.000000,0.337361,-0.006803,0.473422,0.918710,-0.393814,-0.027311,0.011700,0.383876,2.074576,1.000000,-0.353565,5.255803
2.005000,0.336963,-0.006763,0.473424,0.918727,-0.393780,-0.027224,0.011681,0.383596,2.075965,1.000000,-0.344914,5.224657
2.010000,0.336573,-0.006722,0.473428,0.918745,-0.393746,-0.027134,0.011660,0.383343,2.077322,1.000000,-0.337039,5.203202
2.015000,0.336189,-0.006682,0.473436,0.918762,-0.393712,-0.027040,0.011639,0.383060,2.078646,1.000000,-0.328756,5.172149
2.020000,0.335812,-0.006641,0.473447,0.918780,-0.393679,-0.026945,0.011618,0.382805,2.079938,1.000000,-0.320777,5.146416
2.025000,0.335441,-0.006601,0.473461,0.918797,-0.393646,-0.026846,0.011596,0.382518,2.081196,1.000000,-0.312344,5.111109
2.030000,0.335077,-0.006560,0.473477,0.918814,-0.393613,-0.026745,0.011574,0.382201,2.082421,1.000000,-0.304052,5.075256
2.035000,0.334719,-0.006520,0.473497,0.918832,-0.393580,-0.026642,0.011551,0.381915,2.083616,1.000000,-0.296522,5.050114
2.040000,0.334368,-0.006479,0.473520,0.918849,-0.393548,-0.026537,0.011527,0.381597,2.084778,1.000000,-0.288603,5.015133
2.045000,0.334024,-0.006439,0.473545,0.918866,-0.393515,-0.026431,0.011503,0.381249,2.085910,1.000000,-0.280871,4.979700
2.050000,0.333686,-0.006399,0.473573,0.918883,-0.393484,-0.026322,0.011479,0.380936,2.087012,1.000000,-0.273376,4.950218
2.055000,0.333355,-0.006359,0.473604,0.918900,-0.393452,-0.026212,0.011454,0.380592,2.088081,1.000000,-0.265447,4.910737
2.060000,0.333030,-0.006320,0.473638,0.918917,-0.393421,-0.026101,0.011429,0.380217,2.089120,1.000000,-0.257649,4.870781
2.065000,0.332712,-0.006281,0.473674,0.918934,-0.393389,-0.025988,0.011404,0.379880,2.090130,1.000000,-0.250536,4.841909
2.070000,0.332401,-0.006242,0.473713,0.918951,-0.393358,-0.025874,0.011378,0.379510,2.091109,1.000000,-0.243085,4.803034
2.075000,0.332096,-0.006203,0.473754,0.918967,-0.393328,-0.025759,0.011352,0.379178,2.092062,1.000000,-0.236292,4.774779
2.080000,0.331798,-0.006165,0.473798,0.918984,-0.393297,-0.025644,0.011325,0.378811,2.092986,1.000000,-0.229157,4.735685
2.085000,0.331507,-0.006128,0.473843,0.919000,-0.393267,-0.025527,0.011299,0.378411,2.093881,1.000000,-0.221891,4.692890
2.090000,0.331222,-0.006091,0.473892,0.919017,-0.393237,-0.025410,0.011271,0.378051,2.094749,1.000000,-0.215263,4.661885
2.095000,0.330944,-0.006054,0.473942,0.919033,-0.393207,-0.025292,0.011244,0.377655,2.095589,1.000000,-0.208277,4.619783
2.100000,0.330672,-0.006018,0.473995,0.919049,-0.393178,-0.025174,0.011217,0.377225,2.096401,1.000000,-0.201458,4.577165
2.105000,0.330407,-0.005983,0.474050,0.919066,-0.393148,-0.025056,0.011189,0.376837,2.097189,1.000000,-0.195299,4.546668
2.110000,0.330149,-0.005949,0.474107,0.919082,-0.393119,-0.024937,0.011161,0.376410,2.097951,1.000000,-0.188833,4.504495
2.115000,0.329897,-0.005915,0.474166,0.919097,-0.393091,-0.024819,0.011132,0.375946,2.098687,1.000000,-0.182591,4.462219
2.120000,0.329651,-0.005882,0.474227,0.919113,-0.393062,-0.024701,0.011104,0.375528,2.099401,1.000000,-0.176805,4.429977
2.125000,0.329412,-0.005849,0.474290,0.919128,-0.393034,-0.024582,0.011075,0.375067,2.100089,1.000000,-0.170669,4.385294
2.130000,0.329179,-0.005818,0.474355,0.919144,-0.393007,-0.024464,0.011047,0.374565,2.100754,1.000000,-0.164604,4.340530
2.135000,0.328953,-0.005787,0.474421,0.919158,-0.392981,-0.024344,0.011020,0.374113,2.101396,1.000000,-0.159075,4.309445
2.140000,0.328732,-0.005757,0.474489,0.919172,-0.392956,-0.024224,0.010994,0.373615,2.102015,1.000000,-0.153178,4.265328
2.145000,0.328516,-0.005728,0.474557,0.919186,-0.392933,-0.024102,0.010969,0.373072,2.102610,1.000000,-0.147432,4.220709
2.150000,0.328307,-0.005700,0.474626,0.919199,-0.392910,-0.023980,0.010945,0.372583,2.103185,1.000000,-0.142314,4.190489
2.155000,0.328103,-0.005672,0.474696,0.919212,-0.392889,-0.023857,0.010922,0.372046,2.103738,1.000000,-0.136786,4.144328
2.160000,0.327905,-0.005644,0.474767,0.919224,-0.392868,-0.023735,0.010899,0.371461,2.104269,1.000000,-0.131446,4.097998
2.165000,0.327712,-0.005618,0.474838,0.919236,-0.392849,-0.023612,0.010877,0.370935,2.104780,1.000000,-0.126699,4.066750
2.170000,0.327524,-0.005591,0.474910,0.919247,-0.392830,-0.023491,0.010856,0.370357,2.105272,1.000000,-0.121682,4.021395
2.175000,0.327342,-0.005566,0.474981,0.919258,-0.392812,-0.023370,0.010835,0.369732,2.105744,1.000000,-0.116839,3.975558
2.180000,0.327165,-0.005541,0.475053,0.919269,-0.392795,-0.023250,0.010814,0.369061,2.106197,1.000000,-0.112211,3.930334
2.185000,0.326993,-0.005516,0.475125,0.919279,-0.392778,-0.023132,0.010794,0.368457,2.106634,1.000000,-0.108127,3.900504
2.190000,0.326826,-0.005493,0.475197,0.919289,-0.392762,-0.023015,0.010775,0.367803,2.107053,1.000000,-0.103664,3.853154
2.195000,0.326664,-0.005470,0.475269,0.919299,-0.392747,-0.022899,0.010756,0.367095,2.107454,1.000000,-0.099358,3.804992
2.200000,0.326507,-0.005448,0.475341,0.919308,-0.392732,-0.022785,0.010737,0.366458,2.107841,1.000000,-0.095583,3.773451
2.205000,0.326354,-0.005426,0.475412,0.919317,-0.392718,-0.022673,0.010718,0.365747,2.108211,1.000000,-0.091525,3.724336
2.210000,0.326207,-0.005405,0.475483,0.919326,-0.392704,-0.022564,0.010700,0.364936,2.108564,1.000000,-0.087558,3.670691
2.215000,0.326063,-0.005386,0.475554,0.919334,-0.392691,-0.022456,0.010682,0.363976,2.108902,1.000000,-0.083685,3.610843
2.220000,0.325924,-0.005367,0.475624,0.919342,-0.392679,-0.022351,0.010665,0.362799,2.109224,1.000000,-0.079749,3.538562
2.225000,0.325790,-0.005349,0.475694,0.919350,-0.392667,-0.022249,0.010649,0.361322,2.109530,1.000000,-0.075858,3.454492
2.230000,0.325659,-0.005332,0.475763,0.919358,-0.392655,-0.022150,0.010633,0.359992,2.109825,1.000000,-0.073202,3.423610
2.235000,0.325532,-0.005316,0.475832,0.919365,-0.392643,-0.022054,0.010618,0.358267,2.110105,1.000000,-0.069443,3.328593
2.240000,0.325408,-0.005302,0.475900,0.919372,-0.392632,-0.021961,0.010604,0.356083,2.110369,1.000000,-0.065821,3.222466
2.245000,0.325287,-0.005289,0.475967,0.919379,-0.392621,-0.021872,0.010591,0.352676,2.110614,1.000000,-0.060985,3.024325
2.250000,0.325169,-0.005278,0.476034,0.919386,-0.392610,-0.021787,0.010580,0.348888,2.110847,1.000000,-0.058203,2.912698
2.255000,0.325052,-0.005268,0.476101,0.919393,-0.392599,-0.021706,0.010571,0.344807,2.111070,1.000000,-0.055749,2.810091
2.260000,0.324938,-0.005260,0.476167,0.919399,-0.392588,-0.021630,0.010564,0.340035,2.111280,1.000000,-0.052670,2.663249
2.265000,0.324826,-0.005255,0.476233,0.919406,-0.392576,-0.021558,0.010559,0.334990,2.111482,1.000000,-0.050528,2.557681
2.270000,0.324715,-0.005251,0.476298,0.919413,-0.392563,-0.021491,0.010556,0.329979,2.111677,1.000000,-0.049025,2.485102
2.275000,0.324605,-0.005250,0.476363,0.919420,-0.392550,-0.021428,0.010554,0.325085,2.111868,1.000000,-0.047692,2.424125
2.280000,0.324498,-0.005250,0.476428,0.919428,-0.392536,-0.021368,0.010553,0.320450,2.112054,1.000000,-0.046668,2.382958
2.285000,0.324392,-0.005253,0.476492,0.919435,-0.392522,-0.021312,0.010553,0.316129,2.112237,1.000000,-0.045808,2.355194
2.290000,0.324289,-0.005257,0.476556,0.919443,-0.392507,-0.021259,0.010553,0.312179,2.112418,1.000000,-0.045177,2.344344
2.295000,0.324187,-0.005263,0.476618,0.919451,-0.392491,-0.021209,0.010553,0.308594,2.112598,1.000000,-0.044721,2.347104
2.300000,0.324089,-0.005270,0.476680,0.919459,-0.392474,-0.021163,0.010552,0.305359,2.112776,1.000000,-0.044402,2.361183
2.305000,0.323993,-0.005279,0.476740,0.919468,-0.392457,-0.021119,0.010550,0.302444,2.112953,1.000000,-0.044097,2.381611
2.310000,0.323900,-0.005289,0.476799,0.919476,-0.392439,-0.021077,0.010547,0.299819,2.113129,1.000000,-0.043727,2.405259
2.315000,0.323810,-0.005301,0.476857,0.919485,-0.392420,-0.021038,0.010543,0.297457,2.113304,1.000000,-0.043257,2.430673
2.320000,0.323723,-0.005313,0.476912,0.919494,-0.392401,-0.021002,0.010537,0.295332,2.113476,1.000000,-0.042665,2.456536
2.325000,0.323640,-0.005327,0.476966,0.919504,-0.392381,-0.020967,0.010529,0.293418,2.113646,1.000000,-0.041960,2.483048
2.330000,0.323560,-0.005341,0.477018,0.919513,-0.392360,-0.020936,0.010520,0.291696,2.113812,1.000000,-0.041145,2.509995
2.335000,0.323484,-0.005357,0.477068,0.919523,-0.392340,-0.020906,0.010510,0.290147,2.113975,1.000000,-0.040223,2.537197
2.340000,0.323412,-0.005373,0.477116,0.919533,-0.392319,-0.020879,0.010498,0.288752,2.114134,1.000000,-0.039202,2.564571
2.345000,0.323344,-0.005390,0.477161,0.919542,-0.392297,-0.020853,0.010484,0.287497,2.114289,1.000000,-0.037973,2.585540
2.350000,0.323279,-0.005408,0.477205,0.919552,-0.392276,-0.020831,0.010469,0.286367,2.114436,1.000000,-0.036225,2.575765
2.355000,0.323218,-0.005426,0.477246,0.919562,-0.392254,-0.020810,0.010453,0.286961,2.114585,1.000000,-0.036474,2.742595
2.360000,0.323162,-0.005444,0.477284,0.919571,-0.392234,-0.020791,0.010434,0.287688,2.114726,1.000000,-0.034468,2.751879
2.360300,0.323151,-0.005448,0.477291,0.919573,-0.392229,-0.020787,0.010430,0.288342,2.114734,1.000000,-0.034067,2.751163
