time,x,y,z,qx,qy,qz,qw,alpha,tank_energy,passivity_lambda,passivity_power,autonomy_wrench_norm
0.000000,0.365467,0.179672,0.487503,0.889064,-0.350661,-0.048199,-0.290310,0.045460,2.000000,1.000000,0.000000,0.000000
0.005000,0.365494,0.179515,0.487451,0.889159,-0.350695,-0.048256,-0.289968,0.086377,1.999990,1.000000,0.003849,2.801501
0.010000,0.365526,0.179379,0.487361,0.889228,-0.350742,-0.048179,-0.289710,0.123206,1.999961,1.000000,0.007152,2.796017
0.015000,0.365559,0.179240,0.487268,0.889298,-0.350790,-0.048099,-0.289451,0.156356,1.999918,1.000000,0.009398,2.793757
0.020000,0.365591,0.179102,0.487177,0.889368,-0.350837,-0.048021,-0.289192,0.186198,1.999866,1.000000,0.011033,2.795347
0.025000,0.365623,0.178964,0.487085,0.889438,-0.350884,-0.047943,-0.288932,0.213064,1.999807,1.000000,0.012311,2.800659
0.030000,0.365656,0.178824,0.486993,0.889509,-0.350931,-0.047864,-0.288670,0.237251,1.999742,1.000000,0.013386,2.809745
0.035000,0.365688,0.178685,0.486900,0.889579,-0.350977,-0.047782,-0.288411,0.259020,1.999672,1.000000,0.014349,2.821645
0.040000,0.365721,0.178546,0.486809,0.889649,-0.351023,-0.047704,-0.288151,0.278618,1.999598,1.000000,0.015272,2.837595
0.045000,0.365753,0.178407,0.486716,0.889720,-0.351069,-0.047623,-0.287890,0.296261,1.999518,1.000000,0.016207,2.856983
0.050000,0.365786,0.178268,0.486623,0.889789,-0.351117,-0.047545,-0.287633,0.312142,1.999434,1.000000,0.017184,2.879261
0.055000,0.365818,0.178127,0.486529,0.889858,-0.351165,-0.047464,-0.287372,0.326433,1.999344,1.000000,0.018239,2.905069
0.060000,0.365851,0.177988,0.486436,0.889927,-0.351212,-0.047385,-0.287115,0.339295,1.999249,1.000000,0.019378,2.933730
0.065000,0.365884,0.177846,0.486342,0.889997,-0.351259,-0.047304,-0.286854,0.350871,1.999148,1.000000,0.020627,2.966141
0.070000,0.365916,0.177705,0.486247,0.890067,-0.351306,-0.047223,-0.286592,0.361288,1.999039,1.000000,0.021983,3.001629
0.075000,0.365948,0.177565,0.486155,0.890136,-0.351352,-0.047143,-0.286334,0.370663,1.998924,1.000000,0.023467,3.039518
0.080000,0.365980,0.177424,0.486061,0.890206,-0.351397,-0.047061,-0.286073,0.379099,1.998801,1.000000,0.025113,3.080699
0.085000,0.366012,0.177283,0.485967,0.890275,-0.351444,-0.046983,-0.285815,0.386692,1.998668,1.000000,0.026890,3.124229
0.090000,0.366044,0.177142,0.485873,0.890344,-0.351490,-0.046904,-0.285555,0.393524,1.998527,1.000000,0.028791,3.170592
0.095000,0.366077,0.176999,0.485778,0.890415,-0.351536,-0.046824,-0.285292,0.399673,1.998375,1.000000,0.030815,3.219909
0.100000,0.366108,0.176857,0.485683,0.890484,-0.351582,-0.046745,-0.285032,0.405206,1.998213,1.000000,0.032935,3.271115
0.105000,0.366140,0.176716,0.485589,0.890554,-0.351627,-0.046666,-0.284772,0.410185,1.998040,1.000000,0.035147,3.324349
0.110000,0.366171,0.176574,0.485495,0.890624,-0.351672,-0.046585,-0.284509,0.414665,1.997855,1.000000,0.037470,3.380483
0.115000,0.366203,0.176431,0.485400,0.890695,-0.351716,-0.046506,-0.284247,0.418696,1.997659,1.000000,0.039884,3.438429
0.120000,0.366232,0.176291,0.485308,0.890764,-0.351758,-0.046426,-0.283989,0.422324,1.997450,1.000000,0.042368,3.497467
0.125000,0.366262,0.176149,0.485214,0.890835,-0.351801,-0.046345,-0.283726,0.425587,1.997228,1.000000,0.044960,3.559405
0.130000,0.366292,0.176006,0.485120,0.890907,-0.351844,-0.046264,-0.283463,0.428523,1.996993,1.000000,0.047644,3.623103
0.135000,0.366321,0.175866,0.485028,0.890977,-0.351885,-0.046184,-0.283204,0.431165,1.996744,1.000000,0.050385,3.687433
0.140000,0.366351,0.175724,0.484935,0.891048,-0.351927,-0.046103,-0.282941,0.433541,1.996481,1.000000,0.053223,3.754156
0.145000,0.366380,0.175583,0.484843,0.891118,-0.351968,-0.046024,-0.282681,0.435678,1.996203,1.000000,0.056075,3.821656
0.150000,0.366407,0.175442,0.484752,0.891190,-0.352008,-0.045941,-0.282420,0.437601,1.995911,1.000000,0.059022,3.891037
0.155000,0.366435,0.175300,0.484660,0.891262,-0.352048,-0.045858,-0.282156,0.439332,1.995604,1.000000,0.062096,3.962388
0.160000,0.366462,0.175159,0.484569,0.891333,-0.352087,-0.045775,-0.281895,0.440888,1.995281,1.000000,0.065255,4.034250
0.165000,0.366489,0.175018,0.484479,0.891404,-0.352127,-0.045693,-0.281635,0.442288,1.994942,1.000000,0.068496,4.107014
0.170000,0.366516,0.174876,0.484388,0.891476,-0.352166,-0.045610,-0.281371,0.443546,1.994586,1.000000,0.071845,4.181719
0.175000,0.366543,0.174734,0.484297,0.891547,-0.352205,-0.045527,-0.281109,0.444678,1.994213,1.000000,0.075268,4.257269
0.180000,0.366569,0.174594,0.484207,0.891618,-0.352244,-0.045446,-0.280850,0.445695,1.993823,1.000000,0.078736,4.332864
0.185000,0.366596,0.174450,0.484118,0.891689,-0.352284,-0.045361,-0.280588,0.446609,1.993415,1.000000,0.082300,4.410328
0.190000,0.366624,0.174306,0.484029,0.891759,-0.352325,-0.045277,-0.280326,0.447431,1.992989,1.000000,0.085935,4.488631
0.195000,0.366650,0.174164,0.483942,0.891828,-0.352365,-0.045194,-0.280069,0.448169,1.992545,1.000000,0.089589,4.566439
0.200000,0.366677,0.174020,0.483853,0.891898,-0.352405,-0.045110,-0.279809,0.448831,1.992082,1.000000,0.093326,4.646171
0.205000,0.366704,0.173876,0.483765,0.891968,-0.352445,-0.045026,-0.279548,0.449426,1.991600,1.000000,0.097125,4.726812
0.210000,0.366730,0.173731,0.483677,0.892038,-0.352486,-0.044941,-0.279288,0.449959,1.991099,1.000000,0.100977,4.808143
0.215000,0.366757,0.173587,0.483591,0.892107,-0.352526,-0.044858,-0.279030,0.450437,1.990579,1.000000,0.104861,4.890118
0.220000,0.366786,0.173438,0.483507,0.892174,-0.352571,-0.044773,-0.278774,0.450868,1.990039,1.000000,0.108772,4.971959
0.225000,0.366815,0.173289,0.483423,0.892240,-0.352617,-0.044687,-0.278519,0.451254,1.989479,1.000000,0.112723,5.054265
0.230000,0.366845,0.173138,0.483339,0.892306,-0.352662,-0.044600,-0.278263,0.451600,1.988899,1.000000,0.116729,5.137679
0.235000,0.366874,0.172986,0.483255,0.892372,-0.352708,-0.044513,-0.278005,0.451909,1.988299,1.000000,0.120806,5.222543
0.240000,0.366903,0.172836,0.483173,0.892438,-0.352754,-0.044427,-0.277751,0.452187,1.987678,1.000000,0.124891,5.306818
0.245000,0.366933,0.172686,0.483091,0.892503,-0.352800,-0.044340,-0.277498,0.452435,1.987037,1.000000,0.129011,5.391477
0.250000,0.366962,0.172535,0.483009,0.892567,-0.352846,-0.044254,-0.277245,0.452656,1.986375,1.000000,0.133170,5.476734
0.255000,0.366996,0.172375,0.482924,0.892631,-0.352900,-0.044165,-0.276987,0.452854,1.985692,1.000000,0.137368,5.560476
0.260000,0.367031,0.172212,0.482838,0.892694,-0.352955,-0.044075,-0.276726,0.453030,1.984988,1.000000,0.141704,5.646008
0.265000,0.367066,0.172051,0.482754,0.892757,-0.353010,-0.043985,-0.276468,0.453187,1.984262,1.000000,0.146087,5.730928
0.270000,0.367100,0.171890,0.482670,0.892819,-0.353066,-0.043897,-0.276211,0.453325,1.983513,1.000000,0.150515,5.815804
0.275000,0.367134,0.171729,0.482586,0.892881,-0.353121,-0.043809,-0.275954,0.453450,1.982743,1.000000,0.155005,5.901470
0.280000,0.367169,0.171566,0.482503,0.892942,-0.353177,-0.043720,-0.275697,0.453561,1.981949,1.000000,0.159556,5.987807
0.285000,0.367203,0.171403,0.482419,0.893004,-0.353233,-0.043631,-0.275440,0.453657,1.981133,1.000000,0.164165,6.074748
0.290000,0.367243,0.171229,0.482326,0.893066,-0.353298,-0.043540,-0.275170,0.453742,1.980293,1.000000,0.168793,6.158017
0.295000,0.367283,0.171053,0.482233,0.893127,-0.353364,-0.043449,-0.274900,0.453816,1.979430,1.000000,0.173551,6.241711
0.300000,0.367323,0.170878,0.482141,0.893188,-0.353430,-0.043359,-0.274631,0.453880,1.978543,1.000000,0.178414,6.325660
0.305000,0.367363,0.170700,0.482047,0.893250,-0.353496,-0.043267,-0.274358,0.453935,1.977631,1.000000,0.183483,6.411440
0.310000,0.367403,0.170524,0.481955,0.893310,-0.353563,-0.043178,-0.274090,0.453982,1.976693,1.000000,0.188631,6.495715
0.315000,0.367442,0.170348,0.481864,0.893370,-0.353629,-0.043088,-0.273823,0.454022,1.975729,1.000000,0.193875,6.580270
0.320000,0.367489,0.170151,0.481756,0.893439,-0.353702,-0.042987,-0.273521,0.454056,1.974739,1.000000,0.199251,6.660343
0.325000,0.367537,0.169952,0.481647,0.893508,-0.353775,-0.042885,-0.273216,0.454083,1.973720,1.000000,0.204916,6.741895
0.330000,0.367585,0.169754,0.481539,0.893577,-0.353849,-0.042784,-0.272912,0.454105,1.972673,1.000000,0.210729,6.823173
0.335000,0.367632,0.169555,0.481432,0.893645,-0.353922,-0.042684,-0.272609,0.454125,1.971597,1.000000,0.216641,6.904423
0.340000,0.367679,0.169356,0.481324,0.893713,-0.353996,-0.042583,-0.272307,0.454141,1.970490,1.000000,0.222634,6.985965
0.345000,0.367727,0.169157,0.481217,0.893781,-0.354070,-0.042482,-0.272004,0.454152,1.969353,1.000000,0.228708,7.068181
0.350000,0.367773,0.168959,0.481111,0.893847,-0.354144,-0.042382,-0.271704,0.454159,1.968186,1.000000,0.234771,7.149312
0.355000,0.367832,0.168726,0.480980,0.893934,-0.354220,-0.042255,-0.271340,0.454163,1.966989,1.000000,0.240976,7.223323
0.360000,0.367891,0.168491,0.480848,0.894021,-0.354297,-0.042127,-0.270972,0.454164,1.965759,1.000000,0.247610,7.299070
0.365000,0.367950,0.168259,0.480718,0.894107,-0.354373,-0.042000,-0.270608,0.454162,1.964495,1.000000,0.254410,7.373419
0.370000,0.368008,0.168023,0.480587,0.894193,-0.354451,-0.041871,-0.270241,0.454158,1.963197,1.000000,0.261437,7.449357
0.375000,0.368067,0.167790,0.480457,0.894278,-0.354527,-0.041744,-0.269878,0.454151,1.961863,1.000000,0.268518,7.524156
0.380000,0.368125,0.167557,0.480328,0.894363,-0.354604,-0.041617,-0.269515,0.454142,1.960493,1.000000,0.275644,7.598710
0.385000,0.368183,0.167322,0.480198,0.894449,-0.354681,-0.041489,-0.269150,0.454130,1.959088,1.000000,0.282876,7.674460
0.390000,0.368256,0.167040,0.480032,0.894566,-0.354757,-0.041316,-0.268686,0.454117,1.957646,1.000000,0.290291,7.739336
0.395000,0.368330,0.166757,0.479866,0.894684,-0.354834,-0.041144,-0.268219,0.454106,1.956166,1.000000,0.298294,7.805425
0.400000,0.368403,0.166473,0.479701,0.894801,-0.354911,-0.040970,-0.267753,0.454092,1.954644,1.000000,0.306624,7.871081
0.405000,0.368477,0.166191,0.479536,0.894917,-0.354987,-0.040797,-0.267288,0.454077,1.953080,1.000000,0.315146,7.936307
0.410000,0.368550,0.165907,0.479371,0.895034,-0.355063,-0.040623,-0.266822,0.454060,1.951473,1.000000,0.323854,8.002369
0.415000,0.368623,0.165625,0.479207,0.895150,-0.355139,-0.040449,-0.266359,0.454041,1.949822,1.000000,0.332583,8.067227
0.420000,0.368695,0.165343,0.479044,0.895265,-0.355215,-0.040275,-0.265896,0.454021,1.948127,1.000000,0.341457,8.132052
0.425000,0.368786,0.164999,0.478833,0.895424,-0.355286,-0.040044,-0.265299,0.454000,1.946387,1.000000,0.351027,8.185331
0.430000,0.368877,0.164656,0.478623,0.895582,-0.355356,-0.039814,-0.264705,0.453977,1.944596,1.000000,0.361820,8.237516
0.435000,0.368968,0.164311,0.478413,0.895741,-0.355427,-0.039581,-0.264108,0.453953,1.942747,1.000000,0.373805,8.291097
0.440000,0.369058,0.163968,0.478204,0.895899,-0.355497,-0.039350,-0.263513,0.453928,1.940834,1.000000,0.386705,8.343691
0.445000,0.369149,0.163623,0.477994,0.896056,-0.355567,-0.039117,-0.262916,0.453902,1.938855,1.000000,0.400504,8.396981
0.450000,0.369239,0.163279,0.477786,0.896214,-0.355637,-0.038885,-0.262320,0.453874,1.936804,1.000000,0.415039,8.449881
0.455000,0.369329,0.162933,0.477577,0.896371,-0.355707,-0.038652,-0.261720,0.453849,1.934678,1.000000,0.430322,8.503865
0.460000,0.369435,0.162511,0.477314,0.896576,-0.355772,-0.038350,-0.260974,0.453823,1.932476,1.000000,0.446205,8.540189
0.465000,0.369542,0.162088,0.477051,0.896780,-0.355837,-0.038048,-0.260226,0.453796,1.930190,1.000000,0.463502,8.576667
0.470000,0.369648,0.161664,0.476788,0.896985,-0.355902,-0.037745,-0.259476,0.453767,1.927814,1.000000,0.481979,8.614264
0.475000,0.369755,0.161240,0.476525,0.897188,-0.355966,-0.037441,-0.258726,0.453737,1.925342,1.000000,0.501329,8.651659
0.480000,0.369861,0.160819,0.476264,0.897391,-0.356030,-0.037139,-0.257979,0.453705,1.922772,1.000000,0.521291,8.687562
0.485000,0.369967,0.160395,0.476001,0.897593,-0.356093,-0.036835,-0.257229,0.453672,1.920100,1.000000,0.541974,8.725028
0.490000,0.370092,0.159882,0.475687,0.897839,-0.356159,-0.036456,-0.256334,0.453638,1.917327,1.000000,0.562834,8.741732
0.495000,0.370218,0.159366,0.475371,0.898085,-0.356224,-0.036075,-0.255433,0.453604,1.914444,1.000000,0.585258,8.760757
0.500000,0.370343,0.158849,0.475055,0.898331,-0.356290,-0.035693,-0.254531,0.453569,1.911446,1.000000,0.608749,8.780125
0.505000,0.370468,0.158335,0.474741,0.898574,-0.356354,-0.035312,-0.253632,0.453534,1.908329,1.000000,0.632909,8.798274
0.510000,0.370594,0.157819,0.474426,0.898818,-0.356418,-0.034931,-0.252731,0.453498,1.905088,1.000000,0.657701,8.816974
0.515000,0.370719,0.157300,0.474111,0.899062,-0.356481,-0.034549,-0.251824,0.453465,1.901722,1.000000,0.683148,8.837612
0.520000,0.370844,0.156785,0.473797,0.899303,-0.356544,-0.034168,-0.250923,0.453431,1.898228,1.000000,0.708803,8.856370
0.525000,0.370993,0.156182,0.473438,0.899575,-0.356621,-0.033733,-0.249898,0.453396,1.894610,1.000000,0.734086,8.856366
0.530000,0.371143,0.155577,0.473077,0.899846,-0.356698,-0.033296,-0.248868,0.453360,1.890862,1.000000,0.760616,8.858227
0.535000,0.371293,0.154972,0.472717,0.900116,-0.356774,-0.032860,-0.247838,0.453322,1.886978,1.000000,0.788081,8.859919
0.540000,0.371442,0.154369,0.472358,0.900384,-0.356849,-0.032425,-0.246811,0.453283,1.882956,1.000000,0.816104,8.860387
0.545000,0.371592,0.153763,0.471999,0.900652,-0.356924,-0.031988,-0.245780,0.453243,1.878792,1.000000,0.844682,8.862590
0.550000,0.371741,0.153158,0.471639,0.900919,-0.356998,-0.031551,-0.244749,0.453201,1.874484,1.000000,0.873463,8.864996
0.555000,0.371890,0.152555,0.471281,0.901184,-0.357071,-0.031116,-0.243721,0.453159,1.870033,1.000000,0.902080,8.865764
0.560000,0.372056,0.151870,0.470883,0.901473,-0.357162,-0.030641,-0.242577,0.453115,1.865445,1.000000,0.929853,8.851545
0.565000,0.372222,0.151184,0.470484,0.901761,-0.357251,-0.030165,-0.241430,0.453071,1.860716,1.000000,0.958395,8.838483
0.570000,0.372388,0.150500,0.470085,0.902048,-0.357340,-0.029691,-0.240285,0.453025,1.855845,1.000000,0.987095,8.824455
0.575000,0.372554,0.149815,0.469687,0.902333,-0.357427,-0.029216,-0.239140,0.452979,1.850829,1.000000,1.015921,8.810985
0.580000,0.372720,0.149126,0.469289,0.902618,-0.357515,-0.028740,-0.237987,0.452937,1.845668,1.000000,1.045012,8.799991
0.585000,0.372886,0.148441,0.468891,0.902901,-0.357602,-0.028265,-0.236839,0.452894,1.840364,1.000000,1.073684,8.787075
0.590000,0.373051,0.147756,0.468494,0.903181,-0.357687,-0.027790,-0.235693,0.452850,1.834918,1.000000,1.102005,8.773750
0.595000,0.373221,0.146994,0.468057,0.903482,-0.357786,-0.027286,-0.234445,0.452804,1.829339,1.000000,1.128910,8.746473
0.600000,0.373392,0.146231,0.467619,0.903781,-0.357885,-0.026782,-0.233195,0.452758,1.823624,1.000000,1.156239,8.720090
0.605000,0.373562,0.145468,0.467181,0.904079,-0.357983,-0.026277,-0.231945,0.452710,1.817772,1.000000,1.183585,8.693926
0.610000,0.373731,0.144707,0.466745,0.904374,-0.358079,-0.025774,-0.230699,0.452662,1.811786,1.000000,1.210482,8.666474
0.615000,0.373901,0.143943,0.466308,0.904669,-0.358175,-0.025269,-0.229448,0.452613,1.805666,1.000000,1.237333,8.640863
0.620000,0.374070,0.143180,0.465872,0.904962,-0.358270,-0.024764,-0.228196,0.452562,1.799413,1.000000,1.263820,8.615666
0.625000,0.374239,0.142418,0.465437,0.905252,-0.358364,-0.024259,-0.226947,0.452511,1.793030,1.000000,1.289579,8.589342
0.630000,0.374416,0.141590,0.464981,0.905550,-0.358476,-0.023738,-0.225636,0.452459,1.786527,1.000000,1.313692,8.551542
0.635000,0.374592,0.140760,0.464525,0.905846,-0.358586,-0.023215,-0.224323,0.452407,1.779904,1.000000,1.337900,8.515004
0.640000,0.374768,0.139928,0.464069,0.906141,-0.358696,-0.022693,-0.223004,0.452360,1.773159,1.000000,1.362091,8.480412
0.645000,0.374944,0.139099,0.463614,0.906433,-0.358805,-0.022171,-0.221691,0.452311,1.766298,1.000000,1.385430,8.443916
0.650000,0.375120,0.138271,0.463160,0.906723,-0.358912,-0.021648,-0.220379,0.452261,1.759322,1.000000,1.408117,8.407440
0.655000,0.375296,0.137440,0.462705,0.907012,-0.359019,-0.021124,-0.219063,0.452210,1.752233,1.000000,1.430388,8.372475
0.660000,0.375475,0.136561,0.462252,0.907301,-0.359138,-0.020581,-0.217718,0.452158,1.745042,1.000000,1.451046,8.328481
0.665000,0.375654,0.135680,0.461799,0.907589,-0.359256,-0.020037,-0.216371,0.452105,1.737749,1.000000,1.471309,8.285064
0.670000,0.375832,0.134802,0.461348,0.907873,-0.359373,-0.019495,-0.215029,0.452050,1.730358,1.000000,1.490662,8.240543
0.675000,0.376011,0.133922,0.460896,0.908157,-0.359489,-0.018950,-0.213681,0.451995,1.722872,1.000000,1.509687,8.198140
0.680000,0.376190,0.133041,0.460445,0.908439,-0.359604,-0.018404,-0.212333,0.451939,1.715293,1.000000,1.527975,8.156120
0.685000,0.376368,0.132162,0.459995,0.908718,-0.359718,-0.017860,-0.210988,0.451882,1.707627,1.000000,1.545145,8.113244
0.690000,0.376546,0.131281,0.459545,0.908996,-0.359831,-0.017314,-0.209640,0.451823,1.699877,1.000000,1.561694,8.071724
0.695000,0.376728,0.130355,0.459110,0.909275,-0.359949,-0.016731,-0.208266,0.451764,1.692052,1.000000,1.576608,8.022398
0.700000,0.376909,0.129428,0.458677,0.909553,-0.360066,-0.016148,-0.206892,0.451704,1.684154,1.000000,1.590967,7.973861
0.705000,0.377090,0.128499,0.458244,0.909830,-0.360182,-0.015566,-0.205514,0.451650,1.676187,1.000000,1.604748,7.926596
0.710000,0.377271,0.127573,0.457811,0.910103,-0.360297,-0.014982,-0.204141,0.451595,1.668155,1.000000,1.617343,7.878043
0.715000,0.377452,0.126645,0.457379,0.910375,-0.360411,-0.014397,-0.202766,0.451538,1.660063,1.000000,1.629306,7.830900
0.720000,0.377633,0.125717,0.456947,0.910644,-0.360525,-0.013812,-0.201390,0.451479,1.651913,1.000000,1.640404,7.784274
0.725000,0.377814,0.124790,0.456515,0.910912,-0.360637,-0.013226,-0.200015,0.451420,1.643712,1.000000,1.650519,7.737807
0.730000,0.378000,0.123822,0.456112,0.911176,-0.360756,-0.012599,-0.198633,0.451358,1.635470,1.000000,1.658580,7.682182
0.735000,0.378187,0.122851,0.455709,0.911438,-0.360876,-0.011969,-0.197246,0.451296,1.627188,1.000000,1.666356,7.628799
0.740000,0.378374,0.121879,0.455306,0.911698,-0.360994,-0.011339,-0.195859,0.451232,1.618869,1.000000,1.673352,7.575971
0.745000,0.378561,0.120908,0.454904,0.911956,-0.361111,-0.010709,-0.194472,0.451166,1.610520,1.000000,1.679448,7.523459
0.750000,0.378747,0.119937,0.454502,0.912212,-0.361228,-0.010078,-0.193085,0.451099,1.602142,1.000000,1.684663,7.471444
0.755000,0.379013,0.121512,0.453857,0.911530,-0.360929,-0.008372,-0.196906,0.444215,1.595599,1.000000,1.305997,5.851211
0.760000,0.379185,0.120787,0.453492,0.911722,-0.361000,-0.007888,-0.195909,0.438057,1.589358,1.000000,1.247561,5.656807
0.765000,0.379358,0.119994,0.453159,0.911930,-0.361073,-0.007385,-0.194820,0.432582,1.583379,1.000000,1.196620,5.480872
0.770000,0.379531,0.119195,0.452827,0.912140,-0.361146,-0.006884,-0.193717,0.427740,1.577644,1.000000,1.148124,5.311165
0.775000,0.379704,0.118396,0.452496,0.912349,-0.361219,-0.006385,-0.192613,0.423469,1.572151,1.000000,1.100148,5.144071
0.780000,0.379876,0.117603,0.452165,0.912554,-0.361290,-0.005887,-0.191519,0.419707,1.566903,1.000000,1.051167,4.976103
0.785000,0.380046,0.116802,0.451838,0.912762,-0.361362,-0.005398,-0.190405,0.416438,1.561895,1.000000,1.003006,4.816609
0.790000,0.380219,0.116024,0.451505,0.912959,-0.361430,-0.004892,-0.189342,0.413529,1.557146,1.000000,0.951142,4.645774
0.795000,0.380392,0.115250,0.451171,0.913153,-0.361496,-0.004383,-0.188289,0.410928,1.552661,1.000000,0.898136,4.476130
0.800000,0.380574,0.114459,0.450881,0.913357,-0.361540,-0.003805,-0.187226,0.408597,1.548447,1.000000,0.843857,4.304182
0.805000,0.380757,0.113666,0.450592,0.913559,-0.361584,-0.003225,-0.186161,0.406508,1.544505,1.000000,0.789231,4.137500
0.810000,0.380753,0.111417,0.450728,0.914345,-0.361871,-0.004007,-0.181676,0.410346,1.539848,1.000000,0.936833,4.914527
0.815000,0.380946,0.110356,0.450405,0.914612,-0.361961,-0.003311,-0.180160,0.413883,1.535202,1.000000,0.934031,4.894155
0.820000,0.381141,0.109302,0.450080,0.914873,-0.362049,-0.002610,-0.178664,0.417186,1.530580,1.000000,0.928588,4.869246
0.825000,0.381334,0.108247,0.449757,0.915133,-0.362136,-0.001914,-0.177160,0.420290,1.525987,1.000000,0.922537,4.846763
0.830000,0.381538,0.107169,0.449479,0.915390,-0.362216,-0.001126,-0.175668,0.423212,1.521429,1.000000,0.915372,4.817700
0.835000,0.381747,0.106117,0.449189,0.915633,-0.362290,-0.000300,-0.174247,0.425842,1.516927,1.000000,0.904008,4.770807
0.840000,0.381952,0.105042,0.448910,0.915883,-0.362367,0.000494,-0.172764,0.428320,1.512469,1.000000,0.895326,4.740911
0.845000,0.382157,0.103974,0.448629,0.916128,-0.362443,0.001294,-0.171297,0.430636,1.508059,1.000000,0.885368,4.707817
0.850000,0.382363,0.102914,0.448346,0.916368,-0.362516,0.002102,-0.169847,0.432776,1.503706,1.000000,0.873962,4.670827
0.855000,0.382571,0.101857,0.448059,0.916603,-0.362587,0.002920,-0.168410,0.434730,1.499414,1.000000,0.861702,4.631643
0.860000,0.382776,0.100842,0.447779,0.916825,-0.362650,0.003721,-0.167042,0.436492,1.495222,1.000000,0.841474,4.573681
0.865000,0.383321,0.101269,0.446893,0.916450,-0.362411,0.006576,-0.169511,0.431081,1.492175,1.000000,0.608246,3.511099
0.870000,0.383519,0.100443,0.446675,0.916633,-0.362417,0.007360,-0.168478,0.426248,1.489458,1.000000,0.542787,3.368568
0.875000,0.383711,0.099597,0.446469,0.916822,-0.362426,0.008109,-0.167388,0.421966,1.487053,1.000000,0.480732,3.249684
0.880000,0.383897,0.098740,0.446275,0.917017,-0.362437,0.008821,-0.166258,0.418286,1.484952,1.000000,0.420319,3.151742
0.885000,0.384087,0.097898,0.446071,0.917204,-0.362444,0.009559,-0.165169,0.415054,1.483161,1.000000,0.358150,3.054795
0.890000,0.384278,0.097058,0.445866,0.917387,-0.362450,0.010302,-0.164086,0.412213,1.481682,1.000000,0.295803,2.969177
0.895000,0.384470,0.096223,0.445660,0.917568,-0.362455,0.011049,-0.163013,0.409706,1.480519,1.000000,0.232721,2.895221
0.900000,0.384655,0.095382,0.445481,0.917761,-0.362431,0.011806,-0.161923,0.407481,1.479671,1.000000,0.169744,2.831146
0.905000,0.384840,0.094545,0.445302,0.917951,-0.362406,0.012568,-0.160842,0.405495,1.479140,1.000000,0.106370,2.781716
0.910000,0.385026,0.093707,0.445121,0.918139,-0.362381,0.013333,-0.159761,0.403716,1.478924,1.000000,0.043420,2.749294
0.915000,0.385218,0.092806,0.444927,0.918337,-0.362364,0.014141,-0.158583,0.402123,1.478957,1.000000,-0.007992,2.737441
0.920000,0.384988,0.091473,0.445435,0.918864,-0.362522,0.012655,-0.155264,0.406562,1.479071,1.000000,-0.025693,3.310611
0.925000,0.385179,0.090394,0.445222,0.919097,-0.362540,0.013505,-0.153763,0.410640,1.479246,1.000000,-0.041649,3.332023
0.930000,0.385371,0.089319,0.445006,0.919325,-0.362555,0.014364,-0.152276,0.414427,1.479489,1.000000,-0.058951,3.352428
0.935000,0.385553,0.088230,0.444817,0.919559,-0.362564,0.015155,-0.150759,0.417968,1.479804,1.000000,-0.076827,3.370403
0.940000,0.385734,0.087145,0.444627,0.919789,-0.362572,0.015945,-0.149247,0.421283,1.480192,1.000000,-0.095448,3.390344
0.945000,0.385916,0.086058,0.444435,0.920016,-0.362579,0.016743,-0.147736,0.424378,1.480654,1.000000,-0.113843,3.410726
0.950000,0.386100,0.084972,0.444240,0.920240,-0.362584,0.017552,-0.146233,0.427249,1.481190,1.000000,-0.132253,3.430334
0.955000,0.386287,0.083888,0.444041,0.920458,-0.362587,0.018374,-0.144743,0.429890,1.481801,1.000000,-0.151073,3.449005
0.960000,0.386476,0.082805,0.443838,0.920673,-0.362588,0.019209,-0.143259,0.432294,1.482487,1.000000,-0.169748,3.466688
0.965000,0.386668,0.081722,0.443632,0.920883,-0.362587,0.020058,-0.141785,0.434457,1.483247,1.000000,-0.188494,3.483489
0.970000,0.386830,0.080772,0.443472,0.921077,-0.362558,0.020743,-0.140492,0.436409,1.484177,1.000000,-0.230749,3.513211
0.975000,0.387628,0.079791,0.442359,0.920986,-0.362302,0.024699,-0.141109,0.431006,1.485075,1.000000,-0.225845,2.825671
0.980000,0.387175,0.078758,0.443117,0.921474,-0.362510,0.022235,-0.137762,0.433293,1.486287,1.000000,-0.300233,3.566001
0.985000,0.387343,0.077677,0.442941,0.921685,-0.362498,0.022977,-0.136251,0.435341,1.487566,1.000000,-0.317218,3.597653
0.990000,0.387519,0.076595,0.442755,0.921890,-0.362483,0.023756,-0.134760,0.437176,1.488912,1.000000,-0.334297,3.623206
0.995000,0.387695,0.075512,0.442569,0.922093,-0.362467,0.024536,-0.133268,0.438821,1.490327,1.000000,-0.351802,3.650648
1.000000,0.387857,0.074420,0.442398,0.922288,-0.362468,0.025254,-0.131776,0.440296,1.491811,1.000000,-0.368817,3.676115
1.005000,0.388018,0.073329,0.442228,0.922479,-0.362467,0.025970,-0.130288,0.441622,1.493364,1.000000,-0.386489,3.704235
1.010000,0.388180,0.072239,0.442059,0.922669,-0.362466,0.026686,-0.128799,0.442814,1.494989,1.000000,-0.404282,3.734431
1.015000,0.388341,0.071146,0.441891,0.922856,-0.362463,0.027402,-0.127306,0.443889,1.496684,1.000000,-0.421735,3.766103
1.020000,0.388502,0.070055,0.441723,0.923040,-0.362460,0.028117,-0.125814,0.444858,1.498450,1.000000,-0.439647,3.800008
1.025000,0.388663,0.068964,0.441557,0.923222,-0.362455,0.028831,-0.124324,0.445736,1.500289,1.000000,-0.457819,3.836053
1.030000,0.388825,0.067872,0.441390,0.923401,-0.362450,0.029552,-0.122832,0.446520,1.502199,1.000000,-0.475647,3.872173
1.035000,0.388977,0.066767,0.441234,0.923562,-0.362478,0.030230,-0.121367,0.447226,1.504180,1.000000,-0.493526,3.908720
1.040000,0.389130,0.065662,0.441079,0.923719,-0.362505,0.030909,-0.119905,0.447856,1.506234,1.000000,-0.511647,3.946795
1.045000,0.389283,0.064557,0.440924,0.923875,-0.362531,0.031590,-0.118442,0.448417,1.508360,1.000000,-0.529677,3.986281
1.050000,0.389436,0.063450,0.440770,0.924028,-0.362556,0.032272,-0.116976,0.448917,1.510558,1.000000,-0.547553,4.026961
1.055000,0.389588,0.062345,0.440617,0.924179,-0.362580,0.032953,-0.115514,0.449361,1.512829,1.000000,-0.565915,4.069717
1.060000,0.389741,0.061238,0.440464,0.924327,-0.362604,0.033636,-0.114047,0.449756,1.515172,1.000000,-0.583952,4.113317
1.065000,0.389894,0.060133,0.440313,0.924473,-0.362626,0.034318,-0.112585,0.450105,1.517589,1.000000,-0.602620,4.159137
1.070000,0.390038,0.059025,0.440172,0.924602,-0.362675,0.034969,-0.111154,0.450414,1.520077,1.000000,-0.620176,4.203034
1.075000,0.390181,0.057919,0.440033,0.924728,-0.362724,0.035619,-0.109728,0.450687,1.522637,1.000000,-0.638245,4.249095
1.080000,0.390324,0.056811,0.439894,0.924853,-0.362772,0.036270,-0.108299,0.450927,1.525268,1.000000,-0.656048,4.295867
1.085000,0.390467,0.055704,0.439756,0.924975,-0.362819,0.036920,-0.106872,0.451137,1.527972,1.000000,-0.674212,4.344383
1.090000,0.390611,0.054597,0.439618,0.925094,-0.362865,0.037572,-0.105443,0.451320,1.530748,1.000000,-0.692371,4.393886
1.095000,0.390753,0.053490,0.439482,0.925212,-0.362910,0.038220,-0.104014,0.451485,1.533598,1.000000,-0.710814,4.445378
1.100000,0.390896,0.052383,0.439345,0.925327,-0.362954,0.038871,-0.102587,0.451628,1.536521,1.000000,-0.729322,4.497352
1.105000,0.391032,0.051260,0.439220,0.925422,-0.363037,0.039496,-0.101189,0.451750,1.539518,1.000000,-0.747585,4.548974
1.110000,0.391168,0.050138,0.439095,0.925514,-0.363119,0.040119,-0.099794,0.451854,1.542589,1.000000,-0.766096,4.601981
1.115000,0.391304,0.049018,0.438971,0.925604,-0.363201,0.040741,-0.098401,0.451942,1.545735,1.000000,-0.785059,4.656748
1.120000,0.391439,0.047895,0.438848,0.925692,-0.363282,0.041366,-0.097004,0.452015,1.548956,1.000000,-0.803716,4.711766
1.125000,0.391575,0.046772,0.438724,0.925778,-0.363362,0.041990,-0.095607,0.452074,1.552252,1.000000,-0.822502,4.767644
1.130000,0.391710,0.045649,0.438602,0.925861,-0.363441,0.042615,-0.094211,0.452122,1.555623,1.000000,-0.841475,4.824634
1.135000,0.391845,0.044528,0.438480,0.925943,-0.363519,0.043238,-0.092818,0.452158,1.559073,1.000000,-0.861071,4.883450
1.140000,0.391966,0.043408,0.438366,0.926014,-0.363612,0.043837,-0.091443,0.452185,1.562597,1.000000,-0.879798,4.939937
1.145000,0.392086,0.042287,0.438252,0.926084,-0.363706,0.044437,-0.090068,0.452203,1.566196,1.000000,-0.898490,4.997170
1.150000,0.392207,0.041166,0.438139,0.926151,-0.363798,0.045037,-0.088692,0.452213,1.569871,1.000000,-0.917274,5.055203
1.155000,0.392327,0.040045,0.438027,0.926217,-0.363889,0.045638,-0.087316,0.452215,1.573621,1.000000,-0.936170,5.114121
1.160000,0.392446,0.038925,0.437915,0.926280,-0.363980,0.046234,-0.085940,0.452218,1.577447,1.000000,-0.955354,5.174807
1.165000,0.392566,0.037804,0.437803,0.926341,-0.364070,0.046835,-0.084564,0.452214,1.581350,1.000000,-0.974506,5.235313
1.170000,0.392666,0.036692,0.437697,0.926399,-0.364161,0.047411,-0.083204,0.452204,1.585326,1.000000,-0.992826,5.292980
1.175000,0.392766,0.035581,0.437591,0.926455,-0.364252,0.047988,-0.081843,0.452189,1.589376,1.000000,-1.011157,5.351426
1.180000,0.392865,0.034469,0.437486,0.926509,-0.364342,0.048565,-0.080483,0.452170,1.593499,1.000000,-1.029534,5.410635
1.185000,0.392964,0.033358,0.437380,0.926561,-0.364430,0.049142,-0.079122,0.452146,1.597695,1.000000,-1.047957,5.470467
1.190000,0.393063,0.032246,0.437275,0.926611,-0.364518,0.049719,-0.077761,0.452119,1.601966,1.000000,-1.066485,5.530973
1.195000,0.393162,0.031134,0.437171,0.926659,-0.364605,0.050296,-0.076400,0.452088,1.606311,1.000000,-1.085076,5.592001
1.200000,0.393260,0.030023,0.437066,0.926704,-0.364692,0.050873,-0.075039,0.452054,1.610731,1.000000,-1.103793,5.653716
1.205000,0.393339,0.028913,0.436966,0.926749,-0.364777,0.051431,-0.073684,0.452017,1.615224,1.000000,-1.122088,5.713461
1.210000,0.393417,0.027804,0.436867,0.926791,-0.364862,0.051989,-0.072330,0.451978,1.619790,1.000000,-1.140409,5.773914
1.215000,0.393496,0.026695,0.436767,0.926831,-0.364946,0.052547,-0.070975,0.451937,1.624430,1.000000,-1.158766,5.834908
1.220000,0.393574,0.025585,0.436668,0.926869,-0.365029,0.053105,-0.069620,0.451893,1.629143,1.000000,-1.177158,5.896356
1.225000,0.393651,0.024477,0.436570,0.926906,-0.365112,0.053659,-0.068265,0.451854,1.633930,1.000000,-1.195838,5.959503
1.230000,0.393728,0.023367,0.436472,0.926940,-0.365193,0.054217,-0.066909,0.451812,1.638792,1.000000,-1.214383,6.022043
1.235000,0.393806,0.022258,0.436373,0.926972,-0.365273,0.054775,-0.065554,0.451768,1.643729,1.000000,-1.233008,6.084979
1.240000,0.393863,0.021171,0.436281,0.927012,-0.365331,0.055319,-0.064202,0.451721,1.648734,1.000000,-1.250299,6.142854
1.245000,0.393920,0.020084,0.436190,0.927050,-0.365387,0.055863,-0.062850,0.451673,1.653809,1.000000,-1.267530,6.201373
1.250000,0.393977,0.018998,0.436098,0.927086,-0.365442,0.056407,-0.061498,0.451621,1.658952,1.000000,-1.284716,6.260328
1.255000,0.394034,0.017910,0.436007,0.927120,-0.365495,0.056952,-0.060145,0.451564,1.664164,1.000000,-1.301666,6.318917
1.260000,0.394091,0.016820,0.435917,0.927153,-0.365549,0.057496,-0.058787,0.451506,1.669441,1.000000,-1.318225,6.377340
1.265000,0.394147,0.015733,0.435827,0.927183,-0.365601,0.058038,-0.057433,0.451447,1.674787,1.000000,-1.335377,6.437463
1.270000,0.394204,0.014646,0.435738,0.927212,-0.365653,0.058581,-0.056078,0.451387,1.680202,1.000000,-1.352531,6.497961
1.275000,0.394242,0.013580,0.435656,0.927246,-0.365685,0.059110,-0.054731,0.451326,1.685680,1.000000,-1.368360,6.553585
1.280000,0.394281,0.012514,0.435575,0.927278,-0.365717,0.059639,-0.053384,0.451263,1.691222,1.000000,-1.384051,6.609583
1.285000,0.394319,0.011448,0.435494,0.927308,-0.365748,0.060168,-0.052036,0.451198,1.696825,1.000000,-1.399626,6.665913
1.290000,0.394357,0.010382,0.435413,0.927337,-0.365778,0.060697,-0.050688,0.451132,1.702491,1.000000,-1.415146,6.722583
1.295000,0.394394,0.009318,0.435334,0.927363,-0.365807,0.061222,-0.049339,0.451073,1.708220,1.000000,-1.430953,6.781190
1.300000,0.394431,0.008251,0.435254,0.927388,-0.365834,0.061751,-0.047991,0.451011,1.714011,1.000000,-1.446369,6.838367
1.305000,0.394469,0.007185,0.435173,0.927411,-0.365861,0.062280,-0.046642,0.450946,1.719864,1.000000,-1.461777,6.895849
1.310000,0.394493,0.006136,0.435104,0.927434,-0.365883,0.062796,-0.045311,0.450880,1.725773,1.000000,-1.475936,6.949019
1.315000,0.394516,0.005087,0.435035,0.927454,-0.365904,0.063311,-0.043980,0.450811,1.731739,1.000000,-1.489959,7.002619
1.320000,0.394540,0.004038,0.434967,0.927473,-0.365924,0.063827,-0.042648,0.450740,1.737760,1.000000,-1.503843,7.056422
1.325000,0.394563,0.002989,0.434898,0.927491,-0.365943,0.064342,-0.041317,0.450668,1.743837,1.000000,-1.517664,7.110535
1.330000,0.394586,0.001939,0.434830,0.927506,-0.365960,0.064858,-0.039984,0.450593,1.749969,1.000000,-1.531386,7.164820
1.335000,0.394609,0.000890,0.434762,0.927520,-0.365977,0.065373,-0.038652,0.450518,1.756155,1.000000,-1.545093,7.219560
1.340000,0.394623,-0.000128,0.434715,0.927535,-0.365982,0.065886,-0.037348,0.450441,1.762387,1.000000,-1.556155,7.265647
1.345000,0.394637,-0.001145,0.434669,0.927549,-0.365986,0.066398,-0.036048,0.450362,1.768663,1.000000,-1.567381,7.313175
1.350000,0.394651,-0.002161,0.434622,0.927560,-0.365988,0.066909,-0.034748,0.450283,1.774985,1.000000,-1.578509,7.361210
1.355000,0.394665,-0.003176,0.434576,0.927571,-0.365990,0.067420,-0.033448,0.450203,1.781350,1.000000,-1.589492,7.409531
1.360000,0.394679,-0.004192,0.434530,0.927579,-0.365991,0.067931,-0.032148,0.450122,1.787759,1.000000,-1.600334,7.458059
1.365000,0.394691,-0.005206,0.434486,0.927586,-0.365991,0.068438,-0.030847,0.450049,1.794213,1.000000,-1.611458,7.508836
1.370000,0.394704,-0.006222,0.434441,0.927591,-0.365989,0.068949,-0.029546,0.449974,1.800709,1.000000,-1.622055,7.557831
1.375000,0.394714,-0.007206,0.434425,0.927594,-0.365982,0.069465,-0.028291,0.449898,1.807239,1.000000,-1.630493,7.599357
1.380000,0.394725,-0.008191,0.434409,0.927596,-0.365974,0.069982,-0.027036,0.449820,1.813803,1.000000,-1.638721,7.641348
1.385000,0.394735,-0.009175,0.434394,0.927596,-0.365966,0.070499,-0.025781,0.449742,1.820399,1.000000,-1.646720,7.683569
1.390000,0.394745,-0.010160,0.434378,0.927595,-0.365956,0.071016,-0.024526,0.449662,1.827027,1.000000,-1.654531,7.725963
1.395000,0.394754,-0.011144,0.434364,0.927591,-0.365945,0.071533,-0.023272,0.449581,1.833685,1.000000,-1.662186,7.768579
1.400000,0.394764,-0.012129,0.434349,0.927587,-0.365933,0.072051,-0.022017,0.449500,1.840373,1.000000,-1.669690,7.811341
1.405000,0.394774,-0.013114,0.434335,0.927580,-0.365921,0.072569,-0.020762,0.449417,1.847091,1.000000,-1.677068,7.854291
1.410000,0.394784,-0.014075,0.434351,0.927566,-0.365918,0.073089,-0.019559,0.449334,1.853829,1.000000,-1.681965,7.889516
1.415000,0.394793,-0.015035,0.434368,0.927551,-0.365914,0.073609,-0.018360,0.449249,1.860588,1.000000,-1.686991,7.926097
1.420000,0.394803,-0.015994,0.434385,0.927534,-0.365910,0.074129,-0.017162,0.449164,1.867367,1.000000,-1.691905,7.963205
1.425000,0.394813,-0.016954,0.434402,0.927516,-0.365905,0.074649,-0.015965,0.449079,1.874164,1.000000,-1.696599,8.000412
1.430000,0.394821,-0.017910,0.434422,0.927496,-0.365900,0.075165,-0.014768,0.449001,1.880982,1.000000,-1.701572,8.040133
1.435000,0.394830,-0.018869,0.434440,0.927475,-0.365893,0.075687,-0.013570,0.448923,1.887817,1.000000,-1.705930,8.077813
1.440000,0.394840,-0.019829,0.434458,0.927452,-0.365885,0.076210,-0.012374,0.448842,1.894670,1.000000,-1.710148,8.115552
1.445000,0.394853,-0.020752,0.434511,0.927429,-0.365870,0.076737,-0.011223,0.448760,1.901530,1.000000,-1.712035,8.145001
1.450000,0.394866,-0.021675,0.434564,0.927405,-0.365854,0.077265,-0.010074,0.448677,1.908398,1.000000,-1.713679,8.174966
1.455000,0.394879,-0.022598,0.434618,0.927379,-0.365838,0.077794,-0.008925,0.448592,1.915271,1.000000,-1.715060,8.205151
1.460000,0.394892,-0.023521,0.434673,0.927351,-0.365821,0.078324,-0.007776,0.448506,1.922149,1.000000,-1.716221,8.235442
1.465000,0.394905,-0.024444,0.434727,0.927322,-0.365802,0.078855,-0.006628,0.448418,1.929032,1.000000,-1.717201,8.265857
1.470000,0.394919,-0.025367,0.434782,0.927292,-0.365783,0.079388,-0.005481,0.448329,1.935918,1.000000,-1.718016,8.296368
1.475000,0.394932,-0.026290,0.434837,0.927260,-0.365764,0.079922,-0.004334,0.448239,1.942806,1.000000,-1.718702,8.327040
1.480000,0.394950,-0.027184,0.434930,0.927230,-0.365729,0.080470,-0.003216,0.448147,1.949691,1.000000,-1.717674,8.350306
1.485000,0.394969,-0.028077,0.435023,0.927200,-0.365694,0.081020,-0.002100,0.448054,1.956572,1.000000,-1.716462,8.374015
1.490000,0.394987,-0.028969,0.435117,0.927167,-0.365658,0.081571,-0.000984,0.447960,1.963447,1.000000,-1.715045,8.397866
1.495000,0.395006,-0.029862,0.435211,0.927134,-0.365621,0.082123,0.000132,0.447864,1.970316,1.000000,-1.713445,8.421826
1.500000,0.395023,-0.030751,0.435307,0.927099,-0.365583,0.082671,0.001247,0.447778,1.977180,1.000000,-1.712224,8.448742
1.505000,0.395041,-0.031644,0.435402,0.927062,-0.365545,0.083227,0.002361,0.447689,1.984037,1.000000,-1.710315,8.472987
1.510000,0.395052,-0.032414,0.435506,0.927028,-0.365520,0.083685,0.003276,0.447598,1.990955,1.000000,-1.725064,8.545670
1.515000,0.396076,-0.036031,0.434205,0.926712,-0.365227,0.088300,0.004192,0.439002,1.996399,1.000000,-1.369135,6.603916
1.520000,0.396089,-0.036710,0.434288,0.926682,-0.365205,0.088669,0.004913,0.431288,2.002084,1.000000,-1.425118,6.720700
1.525000,0.396087,-0.037344,0.434390,0.926656,-0.365187,0.088974,0.005630,0.424386,2.007999,1.000000,-1.479595,6.869849
1.530000,0.396085,-0.037972,0.434494,0.926630,-0.365168,0.089272,0.006341,0.418223,2.014121,1.000000,-1.529295,7.024253
1.535000,0.396082,-0.038603,0.434597,0.926603,-0.365150,0.089573,0.007055,0.412723,2.020429,1.000000,-1.574175,7.178546
1.540000,0.396077,-0.039225,0.434703,0.926576,-0.365132,0.089862,0.007767,0.407839,2.026913,1.000000,-1.616894,7.339719
1.545000,0.396067,-0.039835,0.434814,0.926545,-0.365122,0.090165,0.008438,0.403462,2.033547,1.000000,-1.653326,7.486347
1.550000,0.396057,-0.040448,0.434925,0.926512,-0.365112,0.090472,0.009109,0.399533,2.040318,1.000000,-1.687154,7.632724
1.555000,0.396048,-0.041060,0.435036,0.926479,-0.365103,0.090778,0.009779,0.396008,2.047220,1.000000,-1.719064,7.780324
1.560000,0.396041,-0.041738,0.435155,0.926440,-0.365090,0.091146,0.010551,0.392846,2.054200,1.000000,-1.738637,7.893159
1.565000,0.395069,-0.039008,0.436445,0.926729,-0.365346,0.087115,0.010301,0.397916,2.063094,1.000000,-2.191581,10.260784
1.570000,0.395046,-0.039752,0.436610,0.926685,-0.365330,0.087527,0.011308,0.402602,2.071781,1.000000,-2.147829,10.347684
1.575000,0.395029,-0.040519,0.436767,0.926638,-0.365311,0.087968,0.012320,0.406978,2.080315,1.000000,-2.114914,10.419980
1.580000,0.395007,-0.041255,0.436949,0.926592,-0.365285,0.088413,0.013307,0.411085,2.088738,1.000000,-2.090255,10.489804
1.585000,0.394987,-0.041994,0.437130,0.926545,-0.365258,0.088864,0.014296,0.414942,2.097074,1.000000,-2.070678,10.557520
1.590000,0.394970,-0.042742,0.437306,0.926496,-0.365229,0.089327,0.015285,0.418552,2.105336,1.000000,-2.053814,10.619499
1.595000,0.394958,-0.043507,0.437478,0.926444,-0.365199,0.089812,0.016283,0.421907,2.113529,1.000000,-2.037421,10.670142
1.600000,0.394950,-0.044289,0.437644,0.926389,-0.365167,0.090320,0.017285,0.424998,2.121653,1.000000,-2.021211,10.709823
1.605000,0.394947,-0.045090,0.437806,0.926331,-0.365133,0.090852,0.018294,0.427815,2.129708,1.000000,-2.004585,10.737417
1.610000,0.396116,-0.050250,0.436628,0.925826,-0.364764,0.096772,0.020693,0.420733,2.135710,1.000000,-1.517206,7.920487
1.615000,0.396128,-0.050913,0.436780,0.925778,-0.364730,0.097214,0.021370,0.414332,2.141970,1.000000,-1.573832,8.014923
1.620000,0.396122,-0.051506,0.436954,0.925737,-0.364701,0.097570,0.022022,0.408576,2.148456,1.000000,-1.625433,8.155692
1.625000,0.396114,-0.052090,0.437130,0.925696,-0.364672,0.097914,0.022671,0.403422,2.155131,1.000000,-1.668784,8.303671
1.630000,0.396100,-0.052650,0.437311,0.925657,-0.364645,0.098232,0.023307,0.398851,2.161974,1.000000,-1.708234,8.466689
1.635000,0.396091,-0.053228,0.437486,0.925616,-0.364617,0.098570,0.023950,0.394767,2.168954,1.000000,-1.740743,8.619275
1.640000,0.396082,-0.053811,0.437662,0.925574,-0.364588,0.098913,0.024595,0.391113,2.176052,1.000000,-1.769370,8.769899
1.645000,0.396075,-0.054397,0.437836,0.925531,-0.364559,0.099261,0.025242,0.387837,2.183258,1.000000,-1.795155,8.919012
1.650000,0.396067,-0.054982,0.438032,0.925486,-0.364526,0.099626,0.025889,0.384899,2.190560,1.000000,-1.818976,9.066541
1.655000,0.396059,-0.055561,0.438230,0.925442,-0.364494,0.099983,0.026534,0.382275,2.197957,1.000000,-1.842113,9.218767
1.660000,0.396051,-0.056146,0.438427,0.925397,-0.364462,0.100348,0.027180,0.379922,2.205440,1.000000,-1.863375,9.368091
1.665000,0.394931,-0.051815,0.439637,0.925881,-0.364781,0.095058,0.025369,0.386792,2.215244,1.000000,-2.397439,12.625023
1.670000,0.394910,-0.052507,0.439872,0.925823,-0.364743,0.095512,0.026314,0.393075,2.224652,1.000000,-2.313529,12.718053
1.675000,0.394897,-0.053235,0.440100,0.925760,-0.364701,0.096006,0.027280,0.398866,2.233774,1.000000,-2.252458,12.788444
1.680000,0.394881,-0.053933,0.440337,0.925706,-0.364636,0.096494,0.028250,0.404230,2.242699,1.000000,-2.209493,12.861467
1.685000,0.394865,-0.054634,0.440573,0.925651,-0.364570,0.096984,0.029222,0.409203,2.251479,1.000000,-2.177641,12.933465
1.690000,0.394869,-0.055427,0.440792,0.925584,-0.364497,0.097580,0.030245,0.413680,2.260116,1.000000,-2.145339,12.946974
1.695000,0.394857,-0.056143,0.441026,0.925524,-0.364429,0.098088,0.031227,0.417835,2.268670,1.000000,-2.126958,13.009643
1.700000,0.394848,-0.056874,0.441256,0.925462,-0.364359,0.098614,0.032215,0.421674,2.277155,1.000000,-2.111410,13.062711
1.705000,0.394844,-0.057625,0.441482,0.925396,-0.364287,0.099166,0.033214,0.425194,2.285579,1.000000,-2.097539,13.102688
1.710000,0.394843,-0.058366,0.441701,0.925331,-0.364214,0.099711,0.034175,0.428396,2.293962,1.000000,-2.088091,13.148440
1.715000,0.396159,-0.065106,0.440907,0.924583,-0.363642,0.107009,0.038207,0.420645,2.300106,1.000000,-1.570383,9.418441
1.720000,0.396181,-0.065772,0.441119,0.924536,-0.363526,0.107531,0.038970,0.413616,2.306630,1.000000,-1.653216,9.491550
1.725000,0.396178,-0.066326,0.441348,0.924502,-0.363418,0.107930,0.039671,0.407300,2.313475,1.000000,-1.724354,9.635193
1.730000,0.396175,-0.066874,0.441579,0.924468,-0.363311,0.108322,0.040372,0.401636,2.320568,1.000000,-1.780322,9.782745
1.735000,0.396171,-0.067419,0.441809,0.924434,-0.363203,0.108710,0.041068,0.396562,2.327860,1.000000,-1.826228,9.932824
1.740000,0.396165,-0.067956,0.442041,0.924401,-0.363096,0.109089,0.041759,0.392031,2.335322,1.000000,-1.865870,10.088380
1.745000,0.396162,-0.068508,0.442270,0.924364,-0.362988,0.109485,0.042460,0.387965,2.342923,1.000000,-1.899005,10.234758
1.750000,0.396163,-0.069044,0.442519,0.924337,-0.362848,0.109900,0.043181,0.384313,2.350649,1.000000,-1.929013,10.379616
1.755000,0.396161,-0.069572,0.442769,0.924310,-0.362708,0.110307,0.043898,0.381048,2.358492,1.000000,-1.957445,10.529680
1.760000,0.396162,-0.070108,0.443019,0.924281,-0.362568,0.110721,0.044619,0.378119,2.366441,1.000000,-1.983344,10.675557
1.765000,0.394915,-0.064126,0.443935,0.925046,-0.362984,0.104118,0.041126,0.385384,2.377165,1.000000,-2.604351,14.853853
1.770000,0.394902,-0.064753,0.444208,0.925001,-0.362847,0.104609,0.042105,0.392000,2.387296,1.000000,-2.480012,14.948141
1.775000,0.394899,-0.065429,0.444475,0.924948,-0.362706,0.105151,0.043118,0.398071,2.397020,1.000000,-2.394779,15.012387
1.780000,0.394893,-0.066092,0.444742,0.924895,-0.362566,0.105680,0.044120,0.403669,2.406480,1.000000,-2.339386,15.084906
1.785000,0.394908,-0.066832,0.445013,0.924834,-0.362406,0.106317,0.045183,0.408707,2.415731,1.000000,-2.294916,15.092872
1.790000,0.394904,-0.067477,0.445293,0.924782,-0.362254,0.106853,0.046183,0.413372,2.424871,1.000000,-2.271301,15.159783
1.795000,0.394903,-0.068134,0.445571,0.924727,-0.362101,0.107402,0.047192,0.417686,2.433931,1.000000,-2.254348,15.219408
1.800000,0.394905,-0.068808,0.445847,0.924669,-0.361946,0.107970,0.048210,0.421658,2.442931,1.000000,-2.241712,15.268449
1.805000,0.394911,-0.069505,0.446121,0.924607,-0.361787,0.108564,0.049244,0.425291,2.451885,1.000000,-2.231806,15.303483
1.810000,0.394922,-0.070224,0.446394,0.924541,-0.361627,0.109182,0.050291,0.428591,2.460801,1.000000,-2.224070,15.325140
1.815000,0.394935,-0.070952,0.446666,0.924472,-0.361464,0.109813,0.051342,0.431577,2.469691,1.000000,-2.218933,15.341215
1.820000,0.394956,-0.071656,0.446952,0.924405,-0.361291,0.110459,0.052371,0.434264,2.478558,1.000000,-2.213934,15.341808
1.825000,0.394978,-0.072360,0.447238,0.924336,-0.361117,0.111108,0.053398,0.436683,2.487410,1.000000,-2.210762,15.342424
1.830000,0.395000,-0.073063,0.447525,0.924267,-0.360943,0.111756,0.054422,0.438861,2.496253,1.000000,-2.209330,15.344422
1.835000,0.395022,-0.073766,0.447811,0.924195,-0.360768,0.112407,0.055447,0.440822,2.505094,1.000000,-2.209151,15.345996
1.840000,0.395044,-0.074470,0.448099,0.924122,-0.360591,0.113061,0.056473,0.442586,2.513937,1.000000,-2.210067,15.346762
1.845000,0.395066,-0.075174,0.448386,0.924048,-0.360414,0.113715,0.057496,0.444175,2.522786,1.000000,-2.212247,15.348551
1.850000,0.395091,-0.075826,0.448670,0.923980,-0.360234,0.114345,0.058463,0.445605,2.531639,1.000000,-2.212795,15.341376
1.855000,0.395116,-0.076479,0.448954,0.923910,-0.360054,0.114979,0.059431,0.446892,2.540493,1.000000,-2.213169,15.333366
1.860000,0.395141,-0.077133,0.449239,0.923839,-0.359872,0.115614,0.060399,0.448051,2.549349,1.000000,-2.213838,15.325443
1.865000,0.395166,-0.077787,0.449524,0.923766,-0.359689,0.116250,0.061366,0.449094,2.558208,1.000000,-2.214966,15.317769
1.870000,0.395191,-0.078437,0.449809,0.923693,-0.359506,0.116885,0.062330,0.450033,2.567075,1.000000,-2.216868,15.311878
1.875000,0.395215,-0.079090,0.450094,0.923618,-0.359321,0.117523,0.063297,0.450879,2.575950,1.000000,-2.219112,15.304711
1.880000,0.395240,-0.079744,0.450380,0.923542,-0.359135,0.118162,0.064264,0.451640,2.584835,1.000000,-2.221941,15.297354
1.885000,0.395266,-0.080355,0.450660,0.923464,-0.358976,0.118770,0.065151,0.452326,2.593723,1.000000,-2.222517,15.281992
1.890000,0.395293,-0.080965,0.450940,0.923385,-0.358816,0.119377,0.066036,0.452942,2.602614,1.000000,-2.222881,15.267825
1.895000,0.395319,-0.081575,0.451220,0.923305,-0.358656,0.119984,0.066920,0.453498,2.611506,1.000000,-2.223182,15.253958
1.900000,0.395345,-0.082186,0.451501,0.923223,-0.358494,0.120594,0.067806,0.453998,2.620399,1.000000,-2.223474,15.239304
1.905000,0.395371,-0.082796,0.451782,0.923141,-0.358331,0.121204,0.068693,0.454448,2.629293,1.000000,-2.224121,15.225177
1.910000,0.395397,-0.083405,0.452063,0.923059,-0.358168,0.121812,0.069576,0.454854,2.638192,1.000000,-2.225287,15.212239
1.915000,0.395423,-0.084016,0.452345,0.922974,-0.358002,0.122424,0.070464,0.455219,2.647096,1.000000,-2.226563,15.197840
1.920000,0.395448,-0.084591,0.452623,0.922885,-0.357874,0.123006,0.071273,0.455548,2.655997,1.000000,-2.225677,15.176638
1.925000,0.395474,-0.085166,0.452900,0.922794,-0.357744,0.123588,0.072082,0.455844,2.664893,1.000000,-2.224377,15.155774
1.930000,0.395499,-0.085739,0.453178,0.922704,-0.357614,0.124168,0.072887,0.456111,2.673785,1.000000,-2.223113,15.136415
1.935000,0.395525,-0.086313,0.453456,0.922612,-0.357483,0.124749,0.073696,0.456352,2.682671,1.000000,-2.221704,15.116326
1.940000,0.395550,-0.086888,0.453735,0.922519,-0.357350,0.125332,0.074506,0.456569,2.691551,1.000000,-2.220353,15.095839
1.945000,0.395576,-0.087464,0.454014,0.922426,-0.357216,0.125916,0.075317,0.456764,2.700426,1.000000,-2.219219,15.075383
1.950000,0.395601,-0.088037,0.454293,0.922332,-0.357081,0.126498,0.076127,0.456939,2.709298,1.000000,-2.218460,15.055792
1.955000,0.395627,-0.088579,0.454570,0.922236,-0.356967,0.127059,0.076885,0.457098,2.718161,1.000000,-2.216096,15.030850
1.960000,0.395653,-0.089123,0.454848,0.922139,-0.356852,0.127622,0.077647,0.457240,2.727013,1.000000,-2.213139,15.004942
1.965000,0.395679,-0.089666,0.455126,0.922041,-0.356736,0.128185,0.078409,0.457369,2.735853,1.000000,-2.210047,14.979228
1.970000,0.395705,-0.090209,0.455404,0.921943,-0.356619,0.128747,0.079172,0.457485,2.744681,1.000000,-2.206945,14.953618
1.975000,0.395731,-0.090750,0.455683,0.921845,-0.356501,0.129306,0.079932,0.457590,2.753497,1.000000,-2.204152,14.929755
1.980000,0.395756,-0.091293,0.455962,0.921746,-0.356381,0.129868,0.080696,0.457684,2.762301,1.000000,-2.201217,14.904723
1.985000,0.395782,-0.091836,0.456242,0.921646,-0.356260,0.130430,0.081463,0.457770,2.771094,1.000000,-2.198381,14.879513
1.990000,0.395813,-0.092352,0.456525,0.921550,-0.356132,0.130987,0.082207,0.457847,2.779871,1.000000,-2.194556,14.849378
1.995000,0.395844,-0.092866,0.456810,0.921454,-0.356003,0.131543,0.082950,0.457916,2.788634,1.000000,-2.190644,14.820350
2.000000,0.395875,-0.093379,0.457094,0.921358,-0.355872,0.132097,0.083694,0.457978,2.797380,1.000000,-2.186606,14.791589
2.005000,0.395906,-0.093895,0.457379,0.921261,-0.355740,0.132653,0.084441,0.458035,2.806110,1.000000,-2.182361,14.762018
2.010000,0.395936,-0.094410,0.457665,0.921163,-0.355607,0.133209,0.085190,0.458086,2.814822,1.000000,-2.178145,14.732609
2.015000,0.395967,-0.094925,0.457950,0.921065,-0.355472,0.133765,0.085939,0.458132,2.823518,1.000000,-2.173959,14.703195
2.020000,0.395994,-0.095406,0.458215,0.920982,-0.355304,0.134298,0.086690,0.458174,2.832191,1.000000,-2.168052,14.666990
2.025000,0.396021,-0.095883,0.458479,0.920899,-0.355135,0.134828,0.087437,0.458212,2.840841,1.000000,-2.161855,14.632817
2.030000,0.396049,-0.096363,0.458744,0.920816,-0.354964,0.135360,0.088189,0.458246,2.849463,1.000000,-2.155012,14.597276
2.035000,0.396075,-0.096843,0.459009,0.920731,-0.354791,0.135893,0.088942,0.458277,2.858058,1.000000,-2.147926,14.561621
2.040000,0.396102,-0.097323,0.459275,0.920646,-0.354618,0.136425,0.089696,0.458305,2.866624,1.000000,-2.140725,14.526020
2.045000,0.396129,-0.097801,0.459541,0.920561,-0.354444,0.136955,0.090449,0.458331,2.875161,1.000000,-2.133620,14.491504
2.050000,0.396156,-0.098280,0.459807,0.920474,-0.354269,0.137486,0.091202,0.458354,2.883670,1.000000,-2.126413,14.456887
2.055000,0.396182,-0.098725,0.460053,0.920404,-0.354054,0.138000,0.091969,0.458375,2.892144,1.000000,-2.117457,14.414631
2.060000,0.396207,-0.099170,0.460299,0.920333,-0.353837,0.138514,0.092737,0.458394,2.900581,1.000000,-2.107990,14.372705
2.065000,0.396233,-0.099614,0.460546,0.920262,-0.353619,0.139028,0.093505,0.458411,2.908979,1.000000,-2.098213,14.331075
2.070000,0.396258,-0.100056,0.460792,0.920190,-0.353402,0.139539,0.094269,0.458425,2.917339,1.000000,-2.088407,14.290812
2.075000,0.396284,-0.100501,0.461040,0.920117,-0.353182,0.140054,0.095039,0.458438,2.925658,1.000000,-2.078129,14.248900
2.080000,0.396310,-0.100946,0.461288,0.920043,-0.352961,0.140569,0.095808,0.458448,2.933935,1.000000,-2.067776,14.206841
2.085000,0.396336,-0.101392,0.461537,0.919969,-0.352739,0.141085,0.096578,0.458455,2.942170,1.000000,-2.057352,14.164641
2.090000,0.396366,-0.101814,0.461791,0.919899,-0.352503,0.141600,0.097348,0.458466,2.950364,1.000000,-2.046758,14.121995
2.095000,0.396396,-0.102239,0.462045,0.919829,-0.352264,0.142118,0.098121,0.458476,2.958514,1.000000,-2.035702,14.077614
2.100000,0.396427,-0.102664,0.462300,0.919757,-0.352025,0.142636,0.098895,0.458485,2.966619,1.000000,-2.024513,14.033190
2.105000,0.396457,-0.103087,0.462556,0.919685,-0.351786,0.143152,0.099667,0.458493,2.974680,1.000000,-2.013356,13.989548
2.110000,0.396487,-0.103510,0.462811,0.919613,-0.351546,0.143668,0.100438,0.458501,2.982696,1.000000,-2.002171,13.946394
2.115000,0.396517,-0.103935,0.463068,0.919539,-0.351305,0.144184,0.101213,0.458508,2.990666,1.000000,-1.990733,13.902231
2.120000,0.396547,-0.104360,0.463325,0.919464,-0.351063,0.144701,0.101988,0.458513,2.998591,1.000000,-1.979265,13.857999
2.125000,0.396577,-0.104779,0.463590,0.919387,-0.350826,0.145220,0.102758,0.458518,3.006469,1.000000,-1.967725,13.813158
2.130000,0.396607,-0.105195,0.463854,0.919310,-0.350589,0.145735,0.103523,0.458523,3.014303,1.000000,-1.956398,13.770063
2.135000,0.396637,-0.105614,0.464120,0.919232,-0.350351,0.146252,0.104292,0.458526,3.022089,1.000000,-1.944727,13.725534
2.140000,0.396667,-0.106033,0.464387,0.919153,-0.350112,0.146769,0.105062,0.458529,3.029829,1.000000,-1.933019,13.680904
2.145000,0.396696,-0.106452,0.464654,0.919073,-0.349874,0.147284,0.105832,0.458532,3.037522,1.000000,-1.921312,13.636443
2.150000,0.396726,-0.106869,0.464921,0.918993,-0.349636,0.147797,0.106600,0.458534,3.045169,1.000000,-1.909768,13.593214
2.155000,0.396756,-0.107286,0.465188,0.918911,-0.349397,0.148309,0.107368,0.458536,3.052770,1.000000,-1.898155,13.549931
2.160000,0.396792,-0.107712,0.465483,0.918821,-0.349169,0.148845,0.108139,0.458538,3.060327,1.000000,-1.887308,13.508167
2.165000,0.396828,-0.108138,0.465779,0.918730,-0.348940,0.149379,0.108911,0.458539,3.067841,1.000000,-1.876777,13.466495
2.170000,0.396863,-0.108564,0.466075,0.918638,-0.348712,0.149912,0.109682,0.458540,3.075313,1.000000,-1.866455,13.424855
2.175000,0.396899,-0.108989,0.466372,0.918545,-0.348484,0.150445,0.110453,0.458541,3.082745,1.000000,-1.856304,13.383661
2.180000,0.396935,-0.109412,0.466669,0.918452,-0.348256,0.150973,0.111220,0.458542,3.090137,1.000000,-1.846451,13.344064
2.185000,0.396970,-0.109837,0.466967,0.918358,-0.348028,0.151503,0.111991,0.458543,3.097489,1.000000,-1.836318,13.302998
2.190000,0.397013,-0.110276,0.467306,0.918250,-0.347809,0.152070,0.112783,0.458544,3.104805,1.000000,-1.827664,13.265857
2.195000,0.397055,-0.110715,0.467645,0.918142,-0.347589,0.152636,0.113576,0.458545,3.112087,1.000000,-1.819273,13.228701
2.200000,0.397098,-0.111152,0.467985,0.918033,-0.347371,0.153199,0.114365,0.458545,3.119337,1.000000,-1.811198,13.192963
2.205000,0.397140,-0.111589,0.468325,0.917923,-0.347153,0.153761,0.115154,0.458546,3.126554,1.000000,-1.803056,13.157010
2.210000,0.397182,-0.112027,0.468667,0.917811,-0.346934,0.154324,0.115946,0.458547,3.133739,1.000000,-1.794780,13.120473
2.215000,0.397224,-0.112464,0.469009,0.917699,-0.346716,0.154885,0.116736,0.458547,3.140890,1.000000,-1.786606,13.084805
2.220000,0.397265,-0.112900,0.469352,0.917586,-0.346498,0.155443,0.117524,0.458548,3.148010,1.000000,-1.778499,13.049949
2.225000,0.397306,-0.113347,0.469718,0.917466,-0.346270,0.156024,0.118363,0.458549,3.155100,1.000000,-1.771558,13.016539
2.230000,0.397346,-0.113794,0.470086,0.917344,-0.346042,0.156604,0.119203,0.458550,3.162164,1.000000,-1.765048,12.983421
2.235000,0.397386,-0.114238,0.470454,0.917222,-0.345816,0.157181,0.120037,0.458552,3.169204,1.000000,-1.759060,12.952168
2.240000,0.397426,-0.114685,0.470823,0.917099,-0.345589,0.157758,0.120876,0.458554,3.176219,1.000000,-1.752945,12.919607
2.245000,0.397466,-0.115131,0.471193,0.916974,-0.345362,0.158335,0.121714,0.458556,3.183209,1.000000,-1.746918,12.887121
2.250000,0.397505,-0.115575,0.471563,0.916848,-0.345136,0.158909,0.122549,0.458559,3.190177,1.000000,-1.741150,12.856105
2.255000,0.397544,-0.116020,0.471935,0.916722,-0.344910,0.159483,0.123385,0.458562,3.197122,1.000000,-1.735305,12.824840
2.260000,0.397583,-0.116475,0.472321,0.916592,-0.344666,0.160066,0.124275,0.458565,3.204047,1.000000,-1.730734,12.796033
2.265000,0.397621,-0.116929,0.472708,0.916460,-0.344422,0.160649,0.125165,0.458568,3.210955,1.000000,-1.726608,12.767902
2.270000,0.397659,-0.117385,0.473096,0.916327,-0.344177,0.161232,0.126057,0.458572,3.217847,1.000000,-1.722574,12.739068
2.275000,0.397698,-0.117839,0.473485,0.916194,-0.343933,0.161814,0.126948,0.458576,3.224723,1.000000,-1.718757,12.710643
2.280000,0.397736,-0.118292,0.473873,0.916059,-0.343690,0.162393,0.127835,0.458582,3.231585,1.000000,-1.715255,12.683811
2.285000,0.397774,-0.118746,0.474264,0.915923,-0.343446,0.162974,0.128725,0.458588,3.238432,1.000000,-1.711524,12.655572
2.290000,0.397812,-0.119198,0.474655,0.915786,-0.343203,0.163552,0.129610,0.458594,3.245265,1.000000,-1.708130,12.629239
2.295000,0.397850,-0.119659,0.475060,0.915644,-0.342945,0.164146,0.130538,0.458601,3.252088,1.000000,-1.705543,12.603778
2.300000,0.397888,-0.120119,0.475467,0.915502,-0.342688,0.164737,0.131462,0.458609,3.258901,1.000000,-1.703448,12.579459
2.305000,0.397926,-0.120580,0.475874,0.915358,-0.342430,0.165330,0.132388,0.458618,3.265707,1.000000,-1.701452,12.554712
2.310000,0.397965,-0.121040,0.476282,0.915213,-0.342172,0.165923,0.133312,0.458625,3.272504,1.000000,-1.699576,12.529832
2.315000,0.398003,-0.121500,0.476690,0.915067,-0.341915,0.166514,0.134236,0.458633,3.279295,1.000000,-1.697870,12.505778
2.320000,0.398042,-0.121960,0.477100,0.914920,-0.341656,0.167106,0.135159,0.458642,3.286079,1.000000,-1.696133,12.481444
2.325000,0.398080,-0.122417,0.477510,0.914772,-0.341399,0.167697,0.136079,0.458651,3.292857,1.000000,-1.694633,12.458494
2.330000,0.398116,-0.122886,0.477936,0.914616,-0.341136,0.168304,0.137029,0.458661,3.299632,1.000000,-1.694222,12.438251
2.335000,0.398152,-0.123358,0.478365,0.914459,-0.340873,0.168914,0.137983,0.458671,3.306405,1.000000,-1.693877,12.416588
2.340000,0.398188,-0.123826,0.478793,0.914301,-0.340610,0.169521,0.138931,0.458681,3.313179,1.000000,-1.694060,12.396731
2.345000,0.398224,-0.124296,0.479223,0.914141,-0.340346,0.170130,0.139882,0.458692,3.319953,1.000000,-1.694149,12.375757
2.350000,0.398260,-0.124765,0.479654,0.913980,-0.340083,0.170737,0.140830,0.458702,3.326728,1.000000,-1.694509,12.355891
2.355000,0.398296,-0.125232,0.480084,0.913818,-0.339820,0.171344,0.141775,0.458712,3.333506,1.000000,-1.694988,12.336618
2.360000,0.398327,-0.125714,0.480524,0.913649,-0.339552,0.171962,0.142756,0.458721,3.340287,1.000000,-1.696280,12.318993
2.365000,0.398358,-0.126197,0.480964,0.913478,-0.339282,0.172584,0.143739,0.458729,3.347074,1.000000,-1.697713,12.300438
2.370000,0.398389,-0.126676,0.481405,0.913306,-0.339013,0.173202,0.144718,0.458738,3.353869,1.000000,-1.699617,12.283852
2.375000,0.398420,-0.127155,0.481846,0.913133,-0.338745,0.173819,0.145695,0.458749,3.360671,1.000000,-1.701749,12.267975
2.380000,0.398450,-0.127635,0.482288,0.912958,-0.338476,0.174438,0.146673,0.458760,3.367482,1.000000,-1.703726,12.251067
2.385000,0.398481,-0.128113,0.482730,0.912782,-0.338209,0.175054,0.147646,0.458771,3.374301,1.000000,-1.706028,12.235860
2.390000,0.398512,-0.128593,0.483175,0.912604,-0.337941,0.175673,0.148623,0.458783,3.381129,1.000000,-1.708043,12.219117
2.395000,0.398541,-0.129081,0.483627,0.912420,-0.337667,0.176298,0.149632,0.458795,3.387969,1.000000,-1.711327,12.206299
2.400000,0.398569,-0.129570,0.484080,0.912234,-0.337392,0.176925,0.150643,0.458808,3.394823,1.000000,-1.714709,12.192806
2.405000,0.398597,-0.130058,0.484534,0.912047,-0.337118,0.177550,0.151652,0.458820,3.401691,1.000000,-1.718394,12.180086
2.410000,0.398626,-0.130547,0.484989,0.911858,-0.336844,0.178176,0.152660,0.458832,3.408573,1.000000,-1.722060,12.166656
2.415000,0.398654,-0.131034,0.485444,0.911667,-0.336570,0.178801,0.153667,0.458844,3.415471,1.000000,-1.725865,12.154014
2.420000,0.398683,-0.131521,0.485900,0.911476,-0.336297,0.179424,0.154672,0.458857,3.422384,1.000000,-1.729788,12.142093
2.425000,0.398711,-0.132008,0.486357,0.911282,-0.336024,0.180049,0.155678,0.458870,3.429312,1.000000,-1.733557,12.129538
2.430000,0.398740,-0.132507,0.486839,0.911077,-0.335759,0.180690,0.156704,0.458884,3.436262,1.000000,-1.738974,12.122271
2.435000,0.398768,-0.133008,0.487323,0.910869,-0.335493,0.181333,0.157733,0.458899,3.443232,1.000000,-1.744458,12.113653
2.440000,0.398796,-0.133507,0.487806,0.910661,-0.335229,0.181972,0.158757,0.458914,3.450227,1.000000,-1.750500,12.106795
2.445000,0.398824,-0.134007,0.488291,0.910451,-0.334964,0.182614,0.159783,0.458930,3.457245,1.000000,-1.756398,12.098799
2.450000,0.398853,-0.134504,0.488775,0.910239,-0.334700,0.183253,0.160805,0.458946,3.464287,1.000000,-1.762576,12.092127
2.455000,0.398881,-0.135003,0.489261,0.910026,-0.334436,0.183893,0.161828,0.458964,3.471354,1.000000,-1.768647,12.084969
2.460000,0.398909,-0.135502,0.489747,0.909811,-0.334172,0.184534,0.162850,0.458979,3.478445,1.000000,-1.774673,12.077446
2.465000,0.398931,-0.136008,0.490254,0.909585,-0.333926,0.185184,0.163875,0.458995,3.485564,1.000000,-1.781649,12.073186
2.470000,0.398953,-0.136514,0.490761,0.909358,-0.333680,0.185834,0.164900,0.459013,3.492711,1.000000,-1.788720,12.068620
2.475000,0.398975,-0.137018,0.491268,0.909129,-0.333435,0.186482,0.165921,0.459031,3.499886,1.000000,-1.796041,12.065005
2.480000,0.398997,-0.137524,0.491777,0.908898,-0.333189,0.187132,0.166945,0.459049,3.507091,1.000000,-1.803196,12.060643
2.485000,0.399018,-0.138027,0.492284,0.908667,-0.332945,0.187779,0.167963,0.459069,3.514325,1.000000,-1.810624,12.057746
2.490000,0.399040,-0.138532,0.492794,0.908433,-0.332700,0.188428,0.168985,0.459089,3.521588,1.000000,-1.817714,12.053662
2.495000,0.399061,-0.139035,0.493303,0.908198,-0.332456,0.189074,0.170002,0.459109,3.528880,1.000000,-1.825042,12.051025
2.500000,0.399073,-0.139539,0.493823,0.907956,-0.332210,0.189724,0.171047,0.459130,3.536203,1.000000,-1.832691,12.047617
2.505000,0.399084,-0.140041,0.494343,0.907713,-0.331964,0.190371,0.172090,0.459152,3.543556,1.000000,-1.840540,12.045011
2.510000,0.399095,-0.140546,0.494864,0.907468,-0.331718,0.191020,0.173134,0.459172,3.550941,1.000000,-1.848212,12.041302
2.515000,0.399106,-0.141048,0.495386,0.907222,-0.331473,0.191668,0.174176,0.459192,3.558357,1.000000,-1.855999,12.038730
2.520000,0.399116,-0.141550,0.495907,0.906975,-0.331228,0.192314,0.175216,0.459213,3.565804,1.000000,-1.863800,12.036709
2.525000,0.399127,-0.142053,0.496429,0.906725,-0.330982,0.192961,0.176259,0.459234,3.573281,1.000000,-1.871310,12.033780
2.530000,0.399130,-0.142538,0.496946,0.906477,-0.330724,0.193595,0.177319,0.459256,3.580787,1.000000,-1.878292,12.027462
2.535000,0.399133,-0.143021,0.497463,0.906230,-0.330465,0.194225,0.178374,0.459279,3.588321,1.000000,-1.885297,12.022798
2.540000,0.399135,-0.143505,0.497980,0.905979,-0.330206,0.194857,0.179434,0.459302,3.595882,1.000000,-1.891746,12.016769
2.545000,0.399138,-0.143990,0.498499,0.905727,-0.329948,0.195490,0.180492,0.459325,3.603468,1.000000,-1.898014,12.010769
2.550000,0.399140,-0.144472,0.499016,0.905474,-0.329689,0.196119,0.181547,0.459348,3.611079,1.000000,-1.904392,12.006351
2.555000,0.399142,-0.144956,0.499534,0.905219,-0.329430,0.196749,0.182604,0.459372,3.618716,1.000000,-1.910442,12.001366
2.560000,0.399144,-0.145438,0.500052,0.904963,-0.329171,0.197378,0.183659,0.459396,3.626376,1.000000,-1.916424,11.996895
2.565000,0.399146,-0.145925,0.500601,0.904695,-0.328888,0.198039,0.184768,0.459418,3.634066,1.000000,-1.923993,11.993939
2.570000,0.399148,-0.146411,0.501152,0.904426,-0.328605,0.198701,0.185880,0.459440,3.641786,1.000000,-1.931836,11.991247
2.575000,0.399149,-0.146896,0.501702,0.904154,-0.328322,0.199361,0.186990,0.459463,3.649539,1.000000,-1.939933,11.989075
2.580000,0.399150,-0.147380,0.502252,0.903882,-0.328039,0.200018,0.188097,0.459486,3.657325,1.000000,-1.948272,11.988057
2.585000,0.399151,-0.147866,0.502803,0.903607,-0.327755,0.200678,0.189207,0.459510,3.665144,1.000000,-1.956273,11.985904
2.590000,0.399151,-0.148351,0.503355,0.903330,-0.327471,0.201337,0.190317,0.459533,3.672994,1.000000,-1.964216,11.983905
2.595000,0.399152,-0.148835,0.503905,0.903053,-0.327187,0.201993,0.191423,0.459557,3.680877,1.000000,-1.972359,11.983548
2.600000,0.399152,-0.149323,0.504483,0.902765,-0.326896,0.202675,0.192556,0.459581,3.688796,1.000000,-1.981484,11.984501
2.605000,0.399152,-0.149811,0.505062,0.902474,-0.326604,0.203359,0.193690,0.459606,3.696752,1.000000,-1.990727,11.985246
2.610000,0.399152,-0.150298,0.505641,0.902182,-0.326313,0.204040,0.194821,0.459630,3.704746,1.000000,-2.000264,11.987146
2.615000,0.399152,-0.150786,0.506220,0.901888,-0.326020,0.204722,0.195953,0.459652,3.712777,1.000000,-2.009598,11.988140
2.620000,0.399151,-0.151274,0.506800,0.901592,-0.325726,0.205404,0.197087,0.459674,3.720845,1.000000,-2.018820,11.989417
2.625000,0.399150,-0.151762,0.507380,0.901294,-0.325432,0.206086,0.198220,0.459696,3.728950,1.000000,-2.027965,11.991054
2.630000,0.399151,-0.152254,0.507962,0.900994,-0.325136,0.206772,0.199355,0.459709,3.737089,1.000000,-2.036555,11.989648
2.635000,0.399148,-0.152717,0.508531,0.900701,-0.324857,0.207432,0.200444,0.459727,3.745261,1.000000,-2.044379,11.988924
2.640000,0.399145,-0.153179,0.509100,0.900408,-0.324576,0.208090,0.201531,0.459748,3.753464,1.000000,-2.052038,11.989178
2.645000,0.399142,-0.153645,0.509670,0.900111,-0.324295,0.208751,0.202622,0.459769,3.761694,1.000000,-2.058875,11.987412
2.650000,0.399139,-0.154110,0.510242,0.899813,-0.324012,0.209413,0.203714,0.459791,3.769951,1.000000,-2.065325,11.985480
2.655000,0.399136,-0.154574,0.510812,0.899514,-0.323729,0.210073,0.204804,0.459813,3.778234,1.000000,-2.071711,11.984782
2.660000,0.399132,-0.155039,0.511383,0.899212,-0.323444,0.210733,0.205896,0.459834,3.786542,1.000000,-2.077622,11.983516
2.665000,0.399129,-0.155504,0.511955,0.898909,-0.323158,0.211394,0.206988,0.459854,3.794872,1.000000,-2.083263,11.982088
2.670000,0.399127,-0.155961,0.512542,0.898602,-0.322880,0.212061,0.208070,0.459872,3.803225,1.000000,-2.088987,11.981229
2.675000,0.399125,-0.156417,0.513130,0.898293,-0.322600,0.212728,0.209154,0.459891,3.811600,1.000000,-2.094476,11.980269
2.680000,0.399123,-0.156872,0.513718,0.897983,-0.322320,0.213393,0.210236,0.459909,3.819998,1.000000,-2.099961,11.980124
2.685000,0.399121,-0.157329,0.514307,0.897671,-0.322038,0.214061,0.211322,0.459926,3.828415,1.000000,-2.105019,11.979018
2.690000,0.399118,-0.157786,0.514896,0.897356,-0.321755,0.214727,0.212408,0.459943,3.836853,1.000000,-2.109949,11.977995
2.695000,0.399116,-0.158241,0.515484,0.897042,-0.321472,0.215391,0.213491,0.459959,3.845312,1.000000,-2.115099,11.978825
2.700000,0.399113,-0.158682,0.516072,0.896729,-0.321186,0.216048,0.214570,0.459975,3.853787,1.000000,-2.119105,11.975619
2.705000,0.399110,-0.159121,0.516660,0.896415,-0.320900,0.216703,0.215646,0.459990,3.862279,1.000000,-2.123080,11.973845
2.710000,0.399106,-0.159561,0.517248,0.896099,-0.320612,0.217358,0.216725,0.460006,3.870785,1.000000,-2.126613,11.971495
2.715000,0.399103,-0.160000,0.517836,0.895782,-0.320324,0.218013,0.217803,0.460021,3.879305,1.000000,-2.130029,11.969727
2.720000,0.399100,-0.160440,0.518424,0.895462,-0.320034,0.218668,0.218883,0.460034,3.887838,1.000000,-2.133179,11.967599
2.725000,0.399096,-0.160881,0.519014,0.895141,-0.319743,0.219323,0.219964,0.460048,3.896383,1.000000,-2.136059,11.965200
2.730000,0.399092,-0.161321,0.519603,0.894818,-0.319452,0.219977,0.221045,0.460061,3.904939,1.000000,-2.138910,11.963371
2.735000,0.399087,-0.161738,0.520178,0.894505,-0.319164,0.220608,0.222100,0.460074,3.913502,1.000000,-2.140325,11.957719
2.740000,0.399081,-0.162156,0.520754,0.894188,-0.318874,0.221240,0.223159,0.460087,3.922068,1.000000,-2.140925,11.951174
2.745000,0.399075,-0.162572,0.521329,0.893871,-0.318584,0.221868,0.224215,0.460100,3.930637,1.000000,-2.141506,11.946297
2.750000,0.399069,-0.162989,0.521906,0.893552,-0.318293,0.222499,0.225274,0.460113,3.939206,1.000000,-2.141460,11.940116
2.755000,0.399063,-0.163406,0.522481,0.893232,-0.318002,0.223128,0.226332,0.460126,3.947776,1.000000,-2.141478,11.935222
2.760000,0.399057,-0.163823,0.523058,0.892909,-0.317708,0.223758,0.227392,0.460138,3.956345,1.000000,-2.141148,11.929749
2.765000,0.399051,-0.164239,0.523634,0.892586,-0.317415,0.224386,0.228451,0.460151,3.964912,1.000000,-2.140813,11.924917
2.770000,0.399049,-0.164637,0.524217,0.892265,-0.317140,0.225011,0.229468,0.460162,3.973474,1.000000,-2.139402,11.917179
2.775000,0.399047,-0.165035,0.524801,0.891942,-0.316865,0.225636,0.230486,0.460173,3.982030,1.000000,-2.137741,11.909901
2.780000,0.399045,-0.165431,0.525384,0.891619,-0.316589,0.226260,0.231503,0.460184,3.990580,1.000000,-2.136012,11.903493
2.785000,0.399043,-0.165829,0.525969,0.891293,-0.316311,0.226885,0.232523,0.460195,3.999121,1.000000,-2.133910,11.896335
2.790000,0.399040,-0.166225,0.526552,0.890967,-0.316032,0.227507,0.233541,0.460207,4.007655,1.000000,-2.132000,11.890550
2.795000,0.399038,-0.166622,0.527138,0.890638,-0.315752,0.228132,0.234564,0.460218,4.016179,1.000000,-2.129627,11.883511
2.800000,0.399036,-0.167018,0.527722,0.890309,-0.315471,0.228754,0.235583,0.460229,4.024695,1.000000,-2.127562,11.878099
2.805000,0.399036,-0.167393,0.528293,0.889989,-0.315204,0.229355,0.236563,0.460240,4.033195,1.000000,-2.123311,11.866706
2.810000,0.399036,-0.167766,0.528864,0.889669,-0.314936,0.229955,0.237542,0.460251,4.041678,1.000000,-2.118799,11.856515
2.815000,0.399036,-0.168138,0.529435,0.889347,-0.314666,0.230554,0.238520,0.460262,4.050142,1.000000,-2.114041,11.846959
2.820000,0.399037,-0.168512,0.530007,0.889023,-0.314395,0.231154,0.239502,0.460272,4.058585,1.000000,-2.108818,11.836439
2.825000,0.399037,-0.168885,0.530579,0.888698,-0.314123,0.231755,0.240485,0.460281,4.067007,1.000000,-2.103473,11.826178
2.830000,0.399037,-0.169257,0.531151,0.888371,-0.313849,0.232354,0.241468,0.460291,4.075409,1.000000,-2.098195,11.816705
2.835000,0.399038,-0.169631,0.531725,0.888043,-0.313573,0.232955,0.242455,0.460299,4.083787,1.000000,-2.092574,11.806000
2.840000,0.399034,-0.169969,0.532254,0.887740,-0.313307,0.233492,0.243390,0.460304,4.092144,1.000000,-2.086621,11.798734
2.845000,0.401438,-0.176021,0.535778,0.885574,-0.310296,0.240736,0.248034,0.446870,4.097712,1.000000,-1.428115,7.630379
2.850000,0.401533,-0.176374,0.536315,0.885317,-0.309937,0.241323,0.248829,0.434488,4.103599,1.000000,-1.496315,7.594668
2.855000,0.401585,-0.176624,0.536799,0.885093,-0.309629,0.241788,0.249556,0.423132,4.109755,1.000000,-1.554387,7.633716
2.860000,0.401647,-0.176901,0.537297,0.884859,-0.309311,0.242282,0.250302,0.412636,4.116087,1.000000,-1.592256,7.654475
2.865000,0.401687,-0.177122,0.537763,0.884644,-0.309019,0.242709,0.251007,0.403057,4.122575,1.000000,-1.626605,7.716154
2.870000,0.401705,-0.177268,0.538165,0.884466,-0.308753,0.243034,0.251645,0.394419,4.129201,1.000000,-1.657331,7.808091
2.875000,0.401704,-0.177366,0.538540,0.884307,-0.308509,0.243302,0.252245,0.386744,4.135960,1.000000,-1.687766,7.935893
2.880000,0.399937,-0.172783,0.536268,0.885913,-0.310346,0.238102,0.249301,0.390336,4.145500,1.000000,-2.330135,11.485854
2.885000,0.399899,-0.173022,0.536728,0.885643,-0.310114,0.238509,0.250159,0.393615,4.154592,1.000000,-2.233492,11.525395
2.890000,0.399865,-0.173275,0.537194,0.885367,-0.309876,0.238931,0.251026,0.396703,4.163360,1.000000,-2.163206,11.555468
2.895000,0.399825,-0.173510,0.537650,0.885096,-0.309646,0.239333,0.251881,0.399654,4.171903,1.000000,-2.113728,11.598273
2.900000,0.399784,-0.173748,0.538107,0.884824,-0.309415,0.239737,0.252736,0.402477,4.180278,1.000000,-2.076194,11.639699
2.905000,0.399749,-0.173977,0.538530,0.884566,-0.309190,0.240117,0.253550,0.405148,4.188505,1.000000,-2.042165,11.660166
2.910000,0.399725,-0.174234,0.538969,0.884297,-0.308952,0.240530,0.254387,0.407625,4.196596,1.000000,-2.010557,11.659865
2.915000,0.399713,-0.174525,0.539428,0.884014,-0.308699,0.240981,0.255249,0.409864,4.204557,1.000000,-1.980021,11.635424
2.920000,0.399702,-0.174820,0.539889,0.883729,-0.308443,0.241438,0.256114,0.411878,4.212404,1.000000,-1.952961,11.607784
2.925000,0.399702,-0.175141,0.540367,0.883432,-0.308174,0.241925,0.257001,0.413638,4.220138,1.000000,-1.926116,11.560478
2.930000,0.399710,-0.175486,0.540859,0.883124,-0.307894,0.242441,0.257906,0.415120,4.227760,1.000000,-1.899512,11.495445
2.935000,0.402139,-0.181949,0.545029,0.880403,-0.304765,0.250174,0.263482,0.402021,4.232439,1.000000,-1.204928,6.873214
2.940000,0.402250,-0.182306,0.545480,0.880160,-0.304413,0.250709,0.264190,0.389754,4.237349,1.000000,-1.251149,6.746819
2.945000,0.402313,-0.182542,0.545857,0.879965,-0.304120,0.251098,0.264805,0.378350,4.242444,1.000000,-1.288184,6.711432
2.950000,0.402341,-0.182685,0.546176,0.879810,-0.303869,0.251377,0.265345,0.367957,4.247696,1.000000,-1.320577,6.745473
2.955000,0.402343,-0.182761,0.546455,0.879681,-0.303648,0.251579,0.265833,0.358641,4.253083,1.000000,-1.349521,6.828710
2.960000,0.402344,-0.182850,0.546743,0.879541,-0.303428,0.251794,0.266343,0.350297,4.258555,1.000000,-1.367344,6.903795
2.965000,0.400674,-0.178524,0.544301,0.881254,-0.305179,0.246830,0.263309,0.353258,4.266489,1.000000,-1.936304,10.276342
2.970000,0.400657,-0.178760,0.544681,0.881008,-0.304954,0.247196,0.264048,0.355832,4.273989,1.000000,-1.841218,10.254046
2.975000,0.400655,-0.178987,0.544992,0.880797,-0.304756,0.247535,0.264663,0.358097,4.281135,1.000000,-1.761163,10.191099
2.980000,0.400646,-0.179195,0.545292,0.880594,-0.304565,0.247853,0.265260,0.360122,4.288010,1.000000,-1.698968,10.141945
2.985000,0.400641,-0.179413,0.545597,0.880387,-0.304370,0.248181,0.265864,0.361910,4.294660,1.000000,-1.646257,10.086236
2.990000,0.400642,-0.179648,0.545914,0.880171,-0.304167,0.248530,0.266484,0.363449,4.301109,1.000000,-1.599006,10.017082
2.995000,0.400652,-0.179905,0.546244,0.879946,-0.303955,0.248904,0.267119,0.364713,4.307374,1.000000,-1.555133,9.931872
3.000000,0.400713,-0.180295,0.546657,0.879665,-0.303684,0.249434,0.267859,0.365435,4.313418,1.000000,-1.502760,9.747222
3.005000,0.402399,-0.184839,0.549684,0.877619,-0.301543,0.254838,0.271871,0.355432,4.317463,1.000000,-1.031783,6.436404
3.010000,0.400671,-0.180524,0.547094,0.879377,-0.303387,0.249853,0.268747,0.357383,4.323657,1.000000,-1.525673,9.742496
3.015000,0.400663,-0.180674,0.547313,0.879224,-0.303253,0.250095,0.269175,0.359025,4.329599,1.000000,-1.467185,9.693604
3.020000,0.400674,-0.180878,0.547566,0.879048,-0.303095,0.250400,0.269646,0.360396,4.335308,1.000000,-1.411990,9.605103
3.025000,0.400685,-0.181078,0.547818,0.878872,-0.302937,0.250701,0.270116,0.361531,4.340814,1.000000,-1.363801,9.518571
3.030000,0.400694,-0.181275,0.548068,0.878698,-0.302779,0.250999,0.270583,0.362458,4.346141,1.000000,-1.320636,9.434603
3.035000,0.400703,-0.181469,0.548315,0.878524,-0.302622,0.251293,0.271048,0.363202,4.351305,1.000000,-1.281071,9.352920
3.040000,0.400711,-0.181642,0.548529,0.878373,-0.302496,0.251556,0.271434,0.363784,4.356313,1.000000,-1.242422,9.268369
3.045000,0.400719,-0.181813,0.548741,0.878223,-0.302371,0.251816,0.271818,0.364222,4.361170,1.000000,-1.205259,9.185189
3.050000,0.400743,-0.182023,0.548978,0.878057,-0.302228,0.252122,0.272231,0.364439,4.365868,1.000000,-1.166110,9.072804
3.055000,0.400751,-0.182195,0.549192,0.877905,-0.302100,0.252384,0.272617,0.364547,4.370428,1.000000,-1.131665,8.989041
3.060000,0.400759,-0.182362,0.549402,0.877756,-0.301975,0.252641,0.272998,0.364561,4.374854,1.000000,-1.098454,8.908740
3.064700,0.400766,-0.182520,0.549602,0.877615,-0.301855,0.252884,0.273358,0.364492,4.378895,1.000000,-1.066337,8.832232
