time,x,y,z,qx,qy,qz,qw,fx,fy,fz
0.0,0.313422,0.013211,0.410357,0.917011,-0.398759,-0.005095,0.007454,-0.2828,4.196429,-8.751151
0.0009,0.313418,0.013278,0.410353,0.917608,-0.397378,-0.005084,0.007823,-0.280825,4.2033,-8.759499
0.0034,0.313403,0.013477,0.41034,0.918201,-0.395997,-0.005062,0.008191,-0.274881,4.224586,-8.784149
0.0077,0.313379,0.013808,0.41032,0.918792,-0.394618,-0.005024,0.008557,-0.266531,4.259203,-8.827393
0.0137,0.313346,0.014273,0.410293,0.919375,-0.39325,-0.004981,0.008926,-0.258574,4.30706,-8.891335
0.0214,0.313302,0.014871,0.410259,0.919953,-0.391888,-0.004935,0.009298,-0.254206,4.369153,-8.974564
0.0308,0.313249,0.015601,0.410218,0.920523,-0.390537,-0.004891,0.009684,-0.262009,4.443908,-9.075281
0.0419,0.313186,0.016464,0.41017,0.921077,-0.389221,-0.004821,0.010059,-0.269321,4.5331,-9.194681
0.0547,0.313112,0.017459,0.410113,0.921645,-0.387865,-0.004769,0.010426,-0.260004,4.636946,-9.334506
0.0676,0.313037,0.018455,0.410059,0.922209,-0.386512,-0.004711,0.010792,-0.251691,4.730885,-9.468425
0.0804,0.312963,0.019451,0.410007,0.92277,-0.385161,-0.004649,0.011157,-0.236497,4.816201,-9.597101
0.0932,0.312887,0.020446,0.409958,0.923327,-0.383815,-0.004584,0.011519,-0.213047,4.898835,-9.71727
0.106,0.31281,0.021442,0.409909,0.923879,-0.382473,-0.004517,0.011879,-0.18604,4.980252,-9.826854
0.1189,0.312731,0.022438,0.409862,0.924428,-0.381134,-0.004448,0.012236,-0.160743,5.060775,-9.922595
0.1317,0.31265,0.023433,0.409817,0.924974,-0.379796,-0.004375,0.01259,-0.141979,5.134277,-10.008976
0.1445,0.312567,0.024429,0.409773,0.925517,-0.378459,-0.0043,0.012941,-0.130968,5.197543,-10.090329
0.1574,0.312482,0.025424,0.40973,0.926058,-0.377123,-0.00422,0.013287,-0.119772,5.254016,-10.169037
0.1702,0.312396,0.02642,0.409689,0.926597,-0.375787,-0.004137,0.013628,-0.105788,5.309491,-10.243083
0.183,0.312308,0.027415,0.409649,0.927132,-0.374452,-0.00405,0.013966,-0.0885,5.362011,-10.314532
0.1958,0.312219,0.02841,0.409609,0.927666,-0.373117,-0.00396,0.014302,-0.061295,5.412054,-10.388961
0.2087,0.312127,0.029405,0.40957,0.928196,-0.371782,-0.003867,0.014635,-0.024173,5.459619,-10.466369
0.2215,0.312034,0.0304,0.409531,0.928725,-0.370448,-0.003773,0.014965,0.023334,5.507452,-10.543957
0.2343,0.311937,0.031394,0.409493,0.929251,-0.369115,-0.00368,0.015288,0.072394,5.554921,-10.61505
0.2472,0.311837,0.032389,0.409454,0.929774,-0.367783,-0.003586,0.015604,0.114963,5.603019,-10.678652
0.26,0.311735,0.033383,0.409416,0.930294,-0.366452,-0.003493,0.015913,0.144467,5.653544,-10.736423
0.2728,0.311631,0.034376,0.409379,0.930812,-0.365122,-0.003402,0.016211,0.160962,5.707767,-10.791754
0.2856,0.311524,0.03537,0.409342,0.931328,-0.363792,-0.003311,0.016501,0.175916,5.761669,-10.849089
0.2985,0.311415,0.036363,0.409305,0.931842,-0.362461,-0.00322,0.016783,0.188823,5.811473,-10.905114
0.3113,0.311302,0.037356,0.40927,0.932355,-0.361128,-0.003127,0.017058,0.201317,5.854623,-10.958838
0.3241,0.311188,0.038349,0.409235,0.932865,-0.359796,-0.003034,0.017325,0.216242,5.892042,-11.012797
0.337,0.31107,0.039341,0.409201,0.933374,-0.358463,-0.00294,0.017586,0.238294,5.927702,-11.068575
0.3498,0.310949,0.040333,0.409169,0.93388,-0.35713,-0.002843,0.017841,0.263463,5.969126,-11.120479
0.3626,0.310825,0.041325,0.409138,0.934384,-0.355797,-0.002744,0.018092,0.289353,6.017681,-11.166351
0.3754,0.310698,0.042316,0.409109,0.934886,-0.354465,-0.002643,0.018337,0.314024,6.06876,-11.204093
0.3883,0.310568,0.043307,0.409081,0.935385,-0.353134,-0.002542,0.018574,0.330204,6.113045,-11.231296
0.4011,0.310434,0.044298,0.409055,0.935881,-0.351805,-0.002439,0.018805,0.337895,6.150537,-11.24796
0.4139,0.310298,0.045288,0.40903,0.936376,-0.350476,-0.002336,0.019029,0.339299,6.182023,-11.254899
0.4267,0.310159,0.046278,0.409006,0.936868,-0.349146,-0.002232,0.019247,0.341966,6.208882,-11.256695
0.4396,0.310016,0.047267,0.408985,0.937358,-0.347816,-0.002126,0.01946,0.345896,6.231114,-11.253349
0.4524,0.309871,0.048256,0.408964,0.937847,-0.346485,-0.002019,0.019668,0.352403,6.246789,-11.24228
0.4652,0.309723,0.049245,0.408945,0.938334,-0.345153,-0.001909,0.019874,0.363792,6.252899,-11.219964
0.4781,0.309571,0.050233,0.408928,0.938819,-0.343821,-0.001797,0.020077,0.380065,6.249442,-11.186401
0.4909,0.309416,0.051221,0.408912,0.939302,-0.342489,-0.001683,0.020276,0.401753,6.240872,-11.144808
0.5037,0.309258,0.052208,0.408897,0.939782,-0.341158,-0.001568,0.020472,0.429411,6.23381,-11.097529
0.5165,0.309097,0.053195,0.408884,0.940259,-0.339828,-0.001451,0.020663,0.46304,6.228257,-11.044563
0.5294,0.308933,0.054181,0.408872,0.940734,-0.3385,-0.001335,0.02085,0.497944,6.220242,-10.984325
0.5422,0.308767,0.055167,0.40886,0.941207,-0.337173,-0.001219,0.021032,0.53009,6.206523,-10.918312
0.555,0.308597,0.056152,0.40885,0.941678,-0.335845,-0.001104,0.021209,0.559444,6.187087,-10.846801
0.5679,0.308424,0.057137,0.408839,0.942147,-0.334516,-0.00099,0.021383,0.587771,6.166371,-10.771867
0.5807,0.308249,0.058122,0.40883,0.942615,-0.333185,-0.000876,0.021552,0.612639,6.14641,-10.697391
0.5935,0.308072,0.059106,0.408821,0.943081,-0.331852,-0.000764,0.021716,0.631566,6.12613,-10.624729
0.6063,0.307892,0.060089,0.408814,0.943546,-0.330517,-0.000652,0.021875,0.645761,6.105039,-10.555585
0.6192,0.30771,0.061072,0.408807,0.94401,-0.329181,-0.00054,0.022031,0.65855,6.082147,-10.490597
0.632,0.307525,0.062055,0.408802,0.944471,-0.327846,-0.000429,0.022182,0.675764,6.056233,-10.425243
0.6448,0.307338,0.063037,0.408797,0.944929,-0.326512,-0.000317,0.02233,0.696205,6.028225,-10.359641
0.6576,0.307149,0.064019,0.408794,0.945386,-0.325177,-0.000205,0.022474,0.717724,5.999791,-10.294007
0.6705,0.306957,0.065001,0.408793,0.94584,-0.323843,-9.3e-05,0.022615,0.740212,5.976303,-10.231709
0.6833,0.306764,0.065982,0.408793,0.946293,-0.322509,2e-05,0.022751,0.7636,5.959399,-10.174294
0.6961,0.306569,0.066963,0.408795,0.946744,-0.321173,0.000133,0.022882,0.787765,5.945685,-10.122253
0.709,0.306373,0.067943,0.4088,0.947193,-0.319837,0.000246,0.023008,0.811352,5.93336,-10.074929
0.7218,0.306175,0.068923,0.408806,0.94764,-0.318501,0.000357,0.023126,0.824281,5.909034,-10.027438
0.7346,0.305976,0.069903,0.408813,0.948085,-0.317167,0.000467,0.023236,0.826879,5.87282,-9.977031
0.7474,0.305776,0.070883,0.408822,0.948527,-0.315834,0.000574,0.023338,0.819181,5.824727,-9.923434
0.7603,0.305575,0.071862,0.408832,0.948967,-0.314503,0.000678,0.02343,0.806629,5.770846,-9.86723
0.7731,0.305373,0.072841,0.408844,0.949404,-0.313176,0.000779,0.023513,0.799419,5.719901,-9.806958
0.7859,0.305171,0.073821,0.408857,0.949837,-0.311853,0.000877,0.023587,0.800031,5.672963,-9.741261
0.7988,0.304968,0.0748,0.408871,0.950268,-0.310533,0.000971,0.023653,0.808465,5.630032,-9.670141
0.8116,0.304765,0.075779,0.408886,0.950695,-0.309216,0.001063,0.023713,0.825763,5.5882,-9.595745
0.8244,0.304561,0.076758,0.408901,0.951121,-0.3079,0.001153,0.023767,0.847213,5.547419,-9.522869
0.8372,0.304357,0.077736,0.408917,0.951544,-0.306585,0.00124,0.023816,0.872815,5.507687,-9.451514
0.8501,0.304152,0.078715,0.408934,0.951966,-0.30527,0.001324,0.02386,0.902568,5.469005,-9.381677
0.8629,0.303947,0.079694,0.40895,0.952385,-0.303957,0.001404,0.023899,0.923433,5.425615,-9.311307
0.8757,0.303742,0.080672,0.408964,0.952802,-0.302645,0.001478,0.023934,0.933876,5.375155,-9.239108
0.8886,0.303535,0.081651,0.408977,0.953216,-0.301334,0.001547,0.023963,0.933898,5.317625,-9.165081
0.9014,0.303328,0.082629,0.408989,0.953628,-0.300025,0.00161,0.023989,0.925282,5.254951,-9.08987
0.9142,0.303121,0.083607,0.408999,0.954039,-0.298715,0.001671,0.024017,0.925521,5.202642,-9.018112
0.927,0.302914,0.084585,0.409008,0.954447,-0.297405,0.00173,0.024048,0.934613,5.160699,-8.949807
0.9399,0.302708,0.085564,0.409016,0.954853,-0.296095,0.001785,0.024082,0.95256,5.129121,-8.884955
0.9527,0.302501,0.086542,0.409022,0.955257,-0.294785,0.001839,0.024121,0.97505,5.101987,-8.823289
0.9655,0.302296,0.087521,0.409028,0.955659,-0.293475,0.001891,0.024165,1.000512,5.072971,-8.765453
0.9784,0.30209,0.088499,0.409034,0.956059,-0.292166,0.001943,0.024215,1.028947,5.042074,-8.711448
0.9912,0.301886,0.089478,0.409039,0.956456,-0.290857,0.001993,0.02427,1.060354,5.009296,-8.661273
1.004,0.301682,0.090457,0.409045,0.956852,-0.289549,0.002042,0.02433,1.09199,4.97847,-8.613424
1.0168,0.30148,0.091436,0.40905,0.957246,-0.288239,0.002089,0.024395,1.123069,4.952016,-8.565935
1.0297,0.30128,0.092416,0.409057,0.957638,-0.286927,0.002135,0.024463,1.15359,4.929933,-8.518805
1.0425,0.301081,0.093396,0.409064,0.958028,-0.285615,0.002179,0.024536,1.183553,4.912222,-8.472035
1.0553,0.300885,0.094376,0.409072,0.958417,-0.2843,0.002222,0.024614,1.218681,4.896282,-8.423108
1.0682,0.300692,0.095357,0.409081,0.958805,-0.282981,0.002264,0.024698,1.252559,4.878944,-8.37057
1.081,0.300501,0.096339,0.40909,0.959191,-0.28166,0.002304,0.024786,1.285185,4.860208,-8.314421
1.0938,0.300314,0.097321,0.409101,0.959577,-0.280336,0.002343,0.02488,1.316132,4.839953,-8.254676
1.1066,0.30013,0.098303,0.409111,0.95996,-0.279011,0.002377,0.024975,1.3456,4.82171,-8.196938
1.1195,0.299947,0.099286,0.409121,0.960341,-0.277687,0.002405,0.025072,1.377755,4.808576,-8.14414
1.1323,0.299768,0.10027,0.40913,0.960721,-0.276363,0.002428,0.025171,1.412597,4.800548,-8.096281
1.1451,0.299591,0.101254,0.409137,0.961098,-0.27504,0.002446,0.025273,1.448993,4.797459,-8.053044
1.1579,0.299416,0.102238,0.409142,0.961474,-0.273712,0.002459,0.02538,1.484411,4.79452,-8.012033
1.1708,0.299243,0.103223,0.409143,0.961849,-0.27238,0.002467,0.025494,1.519025,4.791405,-7.973161
1.1836,0.299072,0.104208,0.40914,0.962223,-0.271043,0.00247,0.025615,1.552836,4.788114,-7.936428
1.1964,0.298903,0.105193,0.409133,0.962596,-0.269703,0.002468,0.025741,1.583028,4.785252,-7.905406
1.2092,0.298735,0.106178,0.409121,0.962967,-0.268363,0.00246,0.025872,1.602803,4.784449,-7.88854
1.2221,0.298568,0.107164,0.409104,0.963336,-0.267022,0.002446,0.026009,1.612163,4.785707,-7.88583
1.2349,0.298403,0.10815,0.409081,0.963703,-0.26568,0.002426,0.02615,1.611105,4.789025,-7.897276
1.2477,0.29824,0.109135,0.409054,0.964069,-0.264337,0.002402,0.026297,1.604459,4.797831,-7.923918
1.2605,0.29808,0.110122,0.409024,0.964433,-0.26299,0.002376,0.02645,1.599376,4.815486,-7.966998
1.2734,0.297921,0.111108,0.408992,0.964795,-0.261642,0.002346,0.026608,1.595859,4.84199,-8.026516
1.2862,0.297766,0.112095,0.408957,0.965156,-0.260291,0.002315,0.026773,1.597428,4.877383,-8.103405
1.299,0.297615,0.113083,0.408924,0.965517,-0.258933,0.002285,0.026945,1.602968,4.916088,-8.194027
1.3118,0.297468,0.114071,0.408893,0.965876,-0.257569,0.002257,0.027124,1.608313,4.95501,-8.295448
1.3247,0.297327,0.11506,0.408863,0.966236,-0.256199,0.002232,0.027309,1.614218,4.994225,-8.406086
1.3375,0.297191,0.116049,0.408836,0.966594,-0.254822,0.002208,0.027502,1.62756,5.03442,-8.511548
1.3503,0.297062,0.117039,0.408814,0.966951,-0.253444,0.002186,0.027697,1.646159,5.079677,-8.612909
1.3631,0.296939,0.118031,0.408796,0.967306,-0.252063,0.002167,0.027896,1.669839,5.130323,-8.710257
1.3759,0.296823,0.119022,0.40878,0.967659,-0.250681,0.002145,0.028098,1.699238,5.185191,-8.808469
1.3887,0.296714,0.120015,0.408766,0.968011,-0.249299,0.002122,0.028304,1.73713,5.242925,-8.905654
1.4015,0.296612,0.121009,0.408755,0.96836,-0.247914,0.002096,0.028515,1.789981,5.300748,-8.995061
1.4144,0.296518,0.122003,0.408747,0.968707,-0.246528,0.002068,0.028731,1.84387,5.35536,-9.074334
1.4272,0.296434,0.122999,0.408739,0.969053,-0.24514,0.002037,0.028954,1.890878,5.404885,-9.142133
1.44,0.296358,0.123995,0.408732,0.969396,-0.243753,0.002003,0.029183,1.933604,5.448878,-9.198623
1.4528,0.296292,0.124991,0.408726,0.969737,-0.242366,0.001965,0.029418,1.978254,5.487172,-9.246527
1.4656,0.296237,0.125989,0.408723,0.970075,-0.240981,0.001925,0.029659,2.028734,5.519746,-9.287789
1.4784,0.296193,0.126987,0.40872,0.97041,-0.239597,0.001881,0.029904,2.08152,5.546559,-9.321477
1.4912,0.29616,0.127984,0.408717,0.970742,-0.238218,0.001831,0.03015,2.129395,5.568724,-9.343017
1.5041,0.29614,0.128982,0.408716,0.97107,-0.236846,0.001774,0.030398,2.171768,5.587214,-9.350072
1.5169,0.296132,0.12998,0.408717,0.971394,-0.23548,0.001711,0.030647,2.207884,5.601953,-9.344225
1.5297,0.296136,0.130978,0.408716,0.971715,-0.23412,0.001639,0.030897,2.220071,5.610583,-9.340083
1.5424,0.296155,0.131975,0.408715,0.972032,-0.232767,0.001558,0.031149,2.199989,5.611811,-9.337813
1.5552,0.296189,0.132971,0.408712,0.972346,-0.231421,0.001468,0.031404,2.147638,5.605639,-9.337413
1.568,0.296238,0.133967,0.408712,0.972656,-0.230079,0.001373,0.031659,2.11344,5.600067,-9.343785
1.5808,0.296305,0.134961,0.408716,0.972964,-0.228739,0.001275,0.031917,2.117536,5.598022,-9.359922
1.5936,0.296389,0.135954,0.408724,0.973268,-0.227403,0.001173,0.032175,2.159925,5.599501,-9.385824
1.6064,0.296493,0.136944,0.408735,0.97357,-0.226073,0.001065,0.032436,2.202447,5.601303,-9.409637
1.6191,0.296614,0.137933,0.408749,0.973867,-0.22475,0.00095,0.032699,2.245647,5.604382,-9.43069
1.6319,0.296754,0.138919,0.408766,0.974161,-0.223434,0.000829,0.032963,2.291674,5.608455,-9.450181
1.6447,0.296915,0.139902,0.408785,0.974452,-0.222123,0.000702,0.033228,2.35425,5.611014,-9.476075
1.6575,0.297093,0.140882,0.408806,0.974739,-0.220819,0.00057,0.033494,2.429473,5.612077,-9.506429
1.6703,0.297291,0.141858,0.408828,0.975023,-0.219523,0.000431,0.033761,2.515234,5.614494,-9.536804
1.683,0.297509,0.142829,0.408851,0.975302,-0.218237,0.000284,0.034029,2.608447,5.622218,-9.562042
1.6958,0.297746,0.143796,0.408874,0.975578,-0.216957,0.00013,0.034299,2.709703,5.634276,-9.584479
1.7086,0.298002,0.144759,0.408897,0.97585,-0.215687,-3.1e-05,0.03457,2.81219,5.642192,-9.603088
1.7214,0.298276,0.145716,0.40892,0.976118,-0.214428,-0.000198,0.034841,2.922243,5.642089,-9.616985
1.7342,0.298565,0.146669,0.408945,0.976382,-0.213179,-0.000368,0.035112,3.048203,5.635256,-9.626005
1.7469,0.298873,0.147617,0.40897,0.976641,-0.211943,-0.000545,0.035382,3.200195,5.626208,-9.63384
1.7597,0.299198,0.148559,0.408996,0.976895,-0.210723,-0.000729,0.03565,3.329441,5.609126,-9.631544
1.7725,0.299538,0.149496,0.40902,0.977145,-0.209517,-0.00092,0.035915,3.415688,5.581298,-9.615237
1.7853,0.299894,0.150427,0.409042,0.977388,-0.208335,-0.001119,0.036177,3.448334,5.547407,-9.5928
1.7981,0.300265,0.151353,0.409062,0.977625,-0.207174,-0.001322,0.036435,3.47854,5.514361,-9.579124
1.8109,0.300649,0.152274,0.409082,0.977856,-0.206033,-0.001529,0.036688,3.513979,5.482926,-9.576076
1.8237,0.301048,0.153189,0.409103,0.978081,-0.204916,-0.001739,0.036936,3.566369,5.446056,-9.57561
1.8365,0.301461,0.154097,0.409125,0.978299,-0.203824,-0.001952,0.037177,3.616621,5.406286,-9.567088
1.8493,0.301886,0.155,0.409148,0.978512,-0.202756,-0.00217,0.037413,3.66367,5.3644,-9.55061
1.8621,0.302326,0.155896,0.40917,0.978718,-0.201716,-0.002394,0.037641,3.696643,5.327098,-9.531825
1.8749,0.302778,0.156785,0.409192,0.978917,-0.2007,-0.002621,0.037863,3.719345,5.289239,-9.518745
1.8877,0.303243,0.157668,0.409213,0.979111,-0.199709,-0.002851,0.038077,3.734807,5.250892,-9.512492
1.9005,0.30372,0.158543,0.409234,0.979299,-0.198742,-0.003085,0.038283,3.782738,5.221287,-9.526259
1.9133,0.30421,0.159412,0.409256,0.979482,-0.197797,-0.003321,0.038482,3.867599,5.205973,-9.56072
1.9261,0.304714,0.160273,0.409279,0.979659,-0.196875,-0.003561,0.038673,3.984446,5.202965,-9.613317
1.9389,0.305229,0.161127,0.409302,0.97983,-0.19598,-0.003802,0.038857,4.073443,5.187773,-9.654652
1.9517,0.305757,0.161973,0.409324,0.979996,-0.19511,-0.004044,0.039036,4.132309,5.159382,-9.683893
1.9645,0.306296,0.162812,0.409347,0.980156,-0.194265,-0.004288,0.039208,4.161726,5.118235,-9.701622
1.9773,0.306848,0.163643,0.409372,0.980311,-0.193444,-0.00453,0.039372,4.196974,5.07581,-9.721062
1.9901,0.307411,0.164467,0.409399,0.980461,-0.192644,-0.004772,0.039528,4.238972,5.0317,-9.741531
2.003,0.307986,0.165283,0.409429,0.980606,-0.191867,-0.005013,0.039675,4.287425,4.986061,-9.763173
2.0158,0.30857,0.166092,0.409459,0.980747,-0.191111,-0.005255,0.039815,4.33802,4.950213,-9.789581
2.0286,0.309163,0.166895,0.409488,0.980883,-0.190376,-0.0055,0.039949,4.392036,4.92469,-9.820316
2.0414,0.309766,0.167691,0.409516,0.981014,-0.189662,-0.005745,0.040076,4.45054,4.908707,-9.855281
2.0542,0.310376,0.168482,0.409543,0.981142,-0.188967,-0.005991,0.040198,4.512667,4.889557,-9.883688
2.067,0.310994,0.169267,0.409569,0.981266,-0.188291,-0.006236,0.040315,4.571647,4.865694,-9.900852
2.0798,0.311618,0.170046,0.409592,0.981385,-0.187635,-0.006482,0.040426,4.62445,4.83705,-9.905653
2.0927,0.31225,0.17082,0.409613,0.981501,-0.186997,-0.006728,0.040533,4.651216,4.804991,-9.90026
2.1055,0.312888,0.171589,0.409634,0.981613,-0.186379,-0.006972,0.040632,4.673801,4.773074,-9.908717
2.1183,0.313533,0.172352,0.409653,0.981721,-0.185779,-0.007215,0.040725,4.697151,4.743285,-9.93358
2.1311,0.314184,0.17311,0.409672,0.981826,-0.185193,-0.007458,0.040812,4.769421,4.735179,-9.999231
2.1439,0.314841,0.173863,0.409687,0.981928,-0.184622,-0.007705,0.040894,4.849951,4.737737,-10.07101
2.1568,0.315504,0.17461,0.409699,0.982027,-0.184066,-0.007957,0.040972,4.938059,4.750514,-10.148336
2.1696,0.316172,0.175353,0.409706,0.982124,-0.183519,-0.008216,0.041048,5.009065,4.757352,-10.210104
2.1824,0.316845,0.176091,0.40971,0.982219,-0.182984,-0.008482,0.04112,5.093609,4.76991,-10.277679
2.1952,0.317524,0.176824,0.40971,0.982311,-0.182462,-0.008754,0.041187,5.202237,4.792202,-10.358416
2.208,0.318209,0.177552,0.409709,0.982401,-0.18195,-0.009031,0.04125,5.325395,4.820236,-10.455573
2.2209,0.318898,0.178275,0.409705,0.982488,-0.18145,-0.009314,0.041308,5.438308,4.846023,-10.555925
2.2337,0.319593,0.178993,0.409699,0.982573,-0.180962,-0.009601,0.04136,5.505119,4.85818,-10.638628
2.2465,0.320293,0.179707,0.409693,0.982656,-0.180485,-0.009894,0.041408,5.539672,4.859866,-10.713259
2.2593,0.320996,0.180418,0.409688,0.982737,-0.180017,-0.01019,0.041451,5.551038,4.853127,-10.786447
2.2722,0.321704,0.181123,0.409682,0.982816,-0.179558,-0.010491,0.041489,5.58079,4.847042,-10.893343
2.285,0.322416,0.181824,0.409675,0.982894,-0.179107,-0.010798,0.041522,5.615893,4.83949,-11.019609
2.2978,0.323132,0.182522,0.409666,0.982969,-0.178664,-0.01111,0.041553,5.634487,4.826914,-11.141203
2.3106,0.323851,0.183217,0.409655,0.983044,-0.178229,-0.011428,0.04158,5.628913,4.810638,-11.245779
2.3235,0.324573,0.183908,0.409643,0.983116,-0.177803,-0.011751,0.041603,5.597683,4.791607,-11.329762
2.3363,0.325298,0.184597,0.409633,0.983187,-0.177382,-0.012074,0.04162,5.581462,4.78084,-11.427812
2.3491,0.326026,0.185282,0.409624,0.983258,-0.176969,-0.012396,0.041631,5.585017,4.781159,-11.53839
2.3619,0.326756,0.185965,0.409615,0.983326,-0.176562,-0.012719,0.041636,5.614947,4.79647,-11.659363
2.3748,0.327488,0.186646,0.409605,0.983394,-0.176161,-0.013044,0.041637,5.640611,4.815114,-11.769366
2.3876,0.328223,0.187325,0.409594,0.983461,-0.175764,-0.013369,0.041634,5.651541,4.832341,-11.86257
2.4004,0.328958,0.188002,0.409584,0.983527,-0.175371,-0.013693,0.041625,5.648432,4.84163,-11.952487
2.4132,0.329694,0.188678,0.409575,0.983592,-0.174982,-0.014014,0.041612,5.65478,4.850439,-12.052776
2.4261,0.330431,0.189354,0.409566,0.983657,-0.174594,-0.014333,0.041594,5.706443,4.870148,-12.184282
2.4389,0.33117,0.190028,0.409557,0.983722,-0.17421,-0.014651,0.041571,5.788334,4.899727,-12.340712
2.4517,0.331911,0.190699,0.409549,0.983785,-0.17383,-0.014967,0.041541,5.894483,4.93842,-12.518591
2.4646,0.332653,0.191369,0.40954,0.983848,-0.173453,-0.015281,0.041507,5.983317,4.977151,-12.682766
2.4774,0.333396,0.192039,0.409533,0.983911,-0.17308,-0.015592,0.041468,6.073366,5.022537,-12.836351
2.4902,0.33414,0.192707,0.409529,0.983973,-0.172711,-0.015898,0.041423,6.184663,5.08173,-12.982708
2.503,0.334884,0.193374,0.409527,0.984034,-0.172346,-0.016201,0.041373,6.324866,5.153407,-13.134184
2.5159,0.33563,0.19404,0.409527,0.984094,-0.171985,-0.016501,0.041318,6.48504,5.232384,-13.288581
2.5287,0.336377,0.194705,0.409527,0.984154,-0.171628,-0.016798,0.041258,6.617182,5.299989,-13.417448
2.5415,0.337124,0.195369,0.409527,0.984213,-0.171274,-0.017092,0.041193,6.716526,5.353398,-13.522328
2.5543,0.337872,0.196032,0.40953,0.984272,-0.170924,-0.017382,0.041124,6.776473,5.388707,-13.605351
2.5672,0.33862,0.196696,0.409535,0.98433,-0.170578,-0.017663,0.041047,6.822206,5.411085,-13.690068
2.58,0.339368,0.197359,0.409545,0.984388,-0.170237,-0.017935,0.040962,6.857221,5.422,-13.778297
2.5928,0.340118,0.19802,0.409556,0.984445,-0.169899,-0.018202,0.040871,6.880822,5.427975,-13.856527
2.6056,0.340868,0.198681,0.409569,0.984502,-0.169566,-0.018463,0.040772,6.885866,5.426655,-13.917454
2.6185,0.341621,0.199339,0.409583,0.984558,-0.169238,-0.018716,0.040666,6.864992,5.415615,-13.953551
2.6313,0.342374,0.199997,0.4096,0.984614,-0.168914,-0.018962,0.040553,6.833284,5.395886,-13.971112
2.6441,0.343127,0.200654,0.409618,0.984669,-0.168594,-0.019199,0.040433,6.796039,5.369045,-13.972992
2.657,0.343882,0.201309,0.409639,0.984724,-0.168279,-0.019426,0.040302,6.768327,5.347389,-13.971481
2.6698,0.344639,0.201962,0.409663,0.984778,-0.16797,-0.019642,0.040162,6.731614,5.3243,-13.963465
2.6826,0.345398,0.202612,0.409687,0.984832,-0.167666,-0.019849,0.040013,6.665873,5.292626,-13.945581
2.6954,0.346158,0.203261,0.409712,0.984885,-0.167367,-0.020047,0.039854,6.579558,5.2519,-13.910508
2.7083,0.34692,0.203907,0.40974,0.984938,-0.167073,-0.020234,0.039685,6.490507,5.206457,-13.860267
2.7211,0.347684,0.204551,0.409772,0.98499,-0.166785,-0.020409,0.039506,6.44672,5.174968,-13.823308
2.7339,0.34845,0.205193,0.409808,0.985042,-0.1665,-0.020573,0.039317,6.445562,5.155965,-13.799704
2.7467,0.349218,0.205832,0.409845,0.985094,-0.166222,-0.020721,0.039113,6.456438,5.132369,-13.790323
2.7596,0.349989,0.206466,0.409883,0.985146,-0.16595,-0.020859,0.038898,6.454166,5.099012,-13.771614
2.7724,0.350763,0.207098,0.40992,0.985197,-0.165683,-0.020986,0.038673,6.43517,5.055159,-13.740235
2.7852,0.351541,0.207725,0.409958,0.985248,-0.165423,-0.0211,0.038434,6.413913,5.009091,-13.704443
2.798,0.352322,0.208347,0.409997,0.985298,-0.16517,-0.0212,0.038182,6.417575,4.974633,-13.682982
2.8109,0.353106,0.208966,0.410038,0.985347,-0.164923,-0.021285,0.037916,6.453518,4.954213,-13.68338
2.8237,0.353894,0.20958,0.410079,0.985397,-0.164683,-0.021357,0.037636,6.521742,4.947829,-13.705636
2.8365,0.354686,0.210189,0.410119,0.985446,-0.16445,-0.021418,0.037345,6.597179,4.945593,-13.728226
2.8493,0.35548,0.210794,0.410155,0.985494,-0.164222,-0.021474,0.037046,6.654868,4.931596,-13.730341
2.8621,0.356277,0.211396,0.410186,0.985541,-0.164,-0.021523,0.03674,6.694812,4.905837,-13.711979
2.875,0.357078,0.211993,0.410213,0.985588,-0.163783,-0.021566,0.036426,6.71792,4.868701,-13.674068
2.8878,0.357881,0.212587,0.410238,0.985634,-0.163572,-0.021604,0.036104,6.747527,4.834055,-13.656263
2.9006,0.358687,0.213177,0.41026,0.985679,-0.163366,-0.021635,0.035775,6.777771,4.802223,-13.663637
2.9134,0.359497,0.213763,0.410279,0.985724,-0.163166,-0.021661,0.035439,6.808652,4.773206,-13.696192
2.9262,0.36031,0.214344,0.410295,0.985768,-0.162971,-0.021683,0.035097,6.828367,4.741461,-13.740436
2.9391,0.361124,0.214923,0.41031,0.985811,-0.162781,-0.021707,0.034754,6.84264,4.71199,-13.772392
2.9519,0.361942,0.215498,0.410323,0.985853,-0.162595,-0.021734,0.03441,6.851471,4.684792,-13.792059
2.9647,0.362761,0.216071,0.410336,0.985894,-0.162414,-0.021762,0.034066,6.85486,4.659868,-13.799439
2.9775,0.363582,0.21664,0.410346,0.985935,-0.162237,-0.021795,0.033722,6.861735,4.638557,-13.815217
2.9904,0.364406,0.217208,0.410355,0.985974,-0.162063,-0.021835,0.033381,6.858659,4.612103,-13.836123
3.0032,0.36523,0.217772,0.410362,0.986012,-0.161892,-0.021883,0.033044,6.845633,4.580506,-13.862156
3.016,0.366057,0.218335,0.410366,0.98605,-0.161725,-0.021937,0.03271,6.822645,4.544788,-13.892145
3.0288,0.366885,0.218895,0.410373,0.986086,-0.16156,-0.021995,0.032378,6.813105,4.516632,-13.94271
3.0417,0.367714,0.219454,0.410384,0.986122,-0.161398,-0.022055,0.032047,6.826902,4.499652,-14.022375
3.0545,0.368545,0.22001,0.410398,0.986158,-0.161238,-0.022118,0.031717,6.864036,4.493847,-14.131137
3.0673,0.369377,0.220565,0.410412,0.986192,-0.161081,-0.022184,0.03139,6.914304,4.498043,-14.251856
3.0802,0.37021,0.221117,0.410425,0.986226,-0.160926,-0.022256,0.031067,6.943304,4.498618,-14.347646
3.093,0.371046,0.221666,0.410434,0.986259,-0.160775,-0.022335,0.030747,6.951038,4.495572,-14.418506
3.1058,0.371882,0.222213,0.410442,0.986291,-0.160626,-0.022418,0.030431,6.947674,4.49025,-14.473143
3.1186,0.372721,0.222758,0.41045,0.986323,-0.16048,-0.022503,0.030115,6.964225,4.491856,-14.539163
3.1315,0.37356,0.2233,0.410459,0.986354,-0.160336,-0.022587,0.029798,7.025561,4.512466,-14.639676
3.1443,0.374401,0.223841,0.41047,0.986385,-0.160194,-0.022669,0.02948,7.128913,4.550861,-14.772915
3.1571,0.375243,0.224379,0.41048,0.986415,-0.160056,-0.022748,0.029161,7.231673,4.588242,-14.911693
3.1699,0.376087,0.224915,0.410491,0.986445,-0.15992,-0.022825,0.02884,7.310452,4.614989,-15.027066
3.1828,0.376932,0.225449,0.410503,0.986474,-0.159786,-0.022899,0.028517,7.358648,4.628387,-15.110862
3.1956,0.377779,0.225981,0.410515,0.986503,-0.159656,-0.022968,0.02819,7.399122,4.639836,-15.183584
3.2084,0.378627,0.22651,0.410528,0.986531,-0.159529,-0.023031,0.027858,7.437798,4.651263,-15.251705
3.2212,0.379476,0.227037,0.41054,0.986559,-0.159405,-0.023088,0.027521,7.474712,4.659547,-15.318805
3.2341,0.380327,0.227562,0.410552,0.986587,-0.159285,-0.023137,0.027178,7.511653,4.667809,-15.37648
3.2469,0.381179,0.228085,0.410566,0.986615,-0.159168,-0.023176,0.026827,7.550166,4.678742,-15.417487
3.2597,0.382032,0.228606,0.410583,0.986642,-0.159055,-0.023203,0.026467,7.599544,4.693134,-15.458042
3.2725,0.382886,0.229125,0.410603,0.98667,-0.158944,-0.023217,0.026099,7.655384,4.705605,-15.500841
3.2854,0.383742,0.229643,0.410625,0.986697,-0.158836,-0.023216,0.025719,7.700661,4.702557,-15.541386
3.2982,0.384598,0.230158,0.410647,0.986724,-0.15873,-0.0232,0.025329,7.725205,4.682644,-15.570968
3.311,0.385455,0.230672,0.410667,0.986752,-0.158628,-0.023172,0.024931,7.713038,4.643943,-15.575871
3.3239,0.386314,0.231183,0.410689,0.986779,-0.15853,-0.02313,0.024522,7.686462,4.596541,-15.573885
3.3367,0.387175,0.231692,0.410712,0.986805,-0.158436,-0.023075,0.024102,7.648244,4.541658,-15.566773
3.3495,0.388036,0.232199,0.410736,0.986832,-0.158345,-0.023006,0.023673,7.640995,4.498093,-15.581725
3.3623,0.388899,0.232703,0.410764,0.986858,-0.158258,-0.022927,0.023236,7.665505,4.473882,-15.613138
3.3752,0.389763,0.233205,0.410797,0.986884,-0.158176,-0.022838,0.022792,7.721948,4.470771,-15.659796
3.388,0.390629,0.233703,0.410832,0.986909,-0.158098,-0.02274,0.022343,7.78746,4.47736,-15.701195
3.4008,0.391496,0.234199,0.41087,0.986933,-0.158023,-0.022637,0.021891,7.840131,4.481634,-15.716281
3.4136,0.392364,0.234692,0.41091,0.986957,-0.157952,-0.022529,0.021436,7.871474,4.478783,-15.696698
3.4264,0.393235,0.235181,0.41095,0.98698,-0.157884,-0.022417,0.020979,7.879698,4.465687,-15.650849
3.4393,0.394107,0.235668,0.410992,0.987003,-0.157819,-0.022303,0.020522,7.86662,4.436539,-15.595451
3.4521,0.394981,0.236151,0.411035,0.987025,-0.157758,-0.022184,0.020063,7.836643,4.387256,-15.542926
3.4649,0.395856,0.236631,0.41108,0.987046,-0.1577,-0.02206,0.019603,7.79678,4.323438,-15.495126
3.4777,0.396733,0.237108,0.411131,0.987067,-0.157645,-0.021934,0.019143,7.767038,4.260885,-15.455929
3.4906,0.397612,0.23758,0.411187,0.987086,-0.157596,-0.021808,0.018684,7.763258,4.211266,-15.422013
3.5034,0.398493,0.238049,0.411247,0.987105,-0.157551,-0.021683,0.018225,7.784844,4.174313,-15.392905
3.5162,0.399376,0.238515,0.411309,0.987122,-0.157511,-0.021558,0.017769,7.809496,4.139938,-15.350817
3.529,0.400261,0.238975,0.41137,0.987138,-0.157475,-0.021438,0.017316,7.845318,4.124144,-15.293972
3.5419,0.401149,0.239429,0.411427,0.987153,-0.157445,-0.021322,0.016869,7.893208,4.128702,-15.222172
3.5547,0.40204,0.239879,0.41148,0.987168,-0.157418,-0.021209,0.016425,7.952374,4.145574,-15.141019
3.5675,0.402933,0.240325,0.411531,0.987181,-0.157396,-0.021093,0.015981,8.012836,4.152574,-15.060677
3.5803,0.403828,0.240767,0.411579,0.987194,-0.157376,-0.020972,0.015536,8.070598,4.141373,-14.984791
3.5931,0.404725,0.241206,0.411628,0.987206,-0.157359,-0.020846,0.01509,8.141659,4.121038,-14.929116
3.606,0.405623,0.241641,0.411677,0.987218,-0.157344,-0.02071,0.014639,8.219823,4.094564,-14.88681
3.6188,0.406522,0.242074,0.411728,0.98723,-0.157332,-0.020563,0.014184,8.296261,4.060859,-14.84874
3.6316,0.407423,0.242504,0.411781,0.987241,-0.157322,-0.020407,0.013724,8.367616,4.023039,-14.805428
3.6444,0.408325,0.242931,0.411831,0.987252,-0.157315,-0.020244,0.013261,8.444955,3.997806,-14.754132
3.6572,0.409229,0.243355,0.411876,0.987262,-0.15731,-0.020076,0.012797,8.541967,3.996322,-14.70341
3.6701,0.410134,0.243777,0.411917,0.987272,-0.157307,-0.019903,0.012331,8.655669,4.016388,-14.653888
3.6829,0.411041,0.244196,0.411953,0.987282,-0.157305,-0.019722,0.011863,8.757756,4.037926,-14.609063
3.6957,0.411948,0.244613,0.411985,0.987291,-0.157304,-0.019534,0.011393,8.833057,4.050697,-14.569153
3.7085,0.412858,0.245027,0.412014,0.9873,-0.157304,-0.019337,0.010922,8.881572,4.054704,-14.534156
3.7214,0.413767,0.24544,0.412044,0.98731,-0.157305,-0.01913,0.010448,8.902002,4.034974,-14.505437
3.7342,0.414678,0.245851,0.412077,0.987318,-0.157306,-0.018913,0.009971,8.903078,3.991196,-14.482602
3.747,0.415589,0.24626,0.412114,0.987327,-0.157307,-0.018686,0.009492,8.884801,3.92337,-14.465653
3.7598,0.416502,0.246665,0.412151,0.987336,-0.157311,-0.018454,0.009013,8.859374,3.856667,-14.445623
3.7726,0.417417,0.247065,0.412187,0.987343,-0.157318,-0.01822,0.008537,8.834569,3.806866,-14.418838
3.7855,0.418334,0.247459,0.412219,0.987349,-0.15733,-0.017984,0.008063,8.810386,3.773966,-14.385296
3.7983,0.419254,0.247848,0.412249,0.987355,-0.157346,-0.017749,0.007593,8.797768,3.753174,-14.35986
3.8111,0.420177,0.24823,0.412275,0.987359,-0.157368,-0.017516,0.007127,8.798387,3.73294,-14.351024
3.8239,0.421103,0.248605,0.412298,0.987362,-0.157396,-0.017284,0.006666,8.812242,3.713264,-14.358787
3.8367,0.422031,0.248973,0.41232,0.987364,-0.157429,-0.017052,0.006209,8.824449,3.683521,-14.374764
3.8495,0.422962,0.249334,0.412346,0.987364,-0.157468,-0.016816,0.005755,8.8225,3.63655,-14.392979
3.8624,0.423896,0.249687,0.412374,0.987363,-0.157513,-0.016577,0.005304,8.806393,3.57235,-14.413433
3.8752,0.424833,0.250033,0.412404,0.987361,-0.157566,-0.016335,0.004853,8.789388,3.500861,-14.433419
3.888,0.425773,0.25037,0.412431,0.987358,-0.157628,-0.016089,0.004402,8.788357,3.435594,-14.447309
3.9008,0.426716,0.250698,0.412456,0.987352,-0.157699,-0.01584,0.003948,8.803299,3.376551,-14.455103
3.9136,0.427662,0.251017,0.412477,0.987345,-0.157781,-0.015586,0.003492,8.827244,3.320533,-14.46135
3.9264,0.428612,0.251327,0.412491,0.987336,-0.157872,-0.015328,0.00303,8.850125,3.260249,-14.477761
3.9392,0.429564,0.251628,0.412499,0.987325,-0.157974,-0.015066,0.002564,8.871941,3.195699,-14.504335
3.9521,0.430519,0.251921,0.412503,0.987312,-0.158085,-0.014799,0.002093,8.89527,3.125556,-14.54209
3.9649,0.431476,0.252205,0.412505,0.987298,-0.158206,-0.014531,0.001619,8.932002,3.053097,-14.594193
3.9777,0.432437,0.25248,0.412506,0.987282,-0.158335,-0.014261,0.001143,8.982137,2.978322,-14.660647
3.9905,0.433399,0.252745,0.412505,0.987264,-0.158475,-0.01399,0.000666,9.03932,2.902314,-14.737288
4.0033,0.434365,0.253,0.412504,0.987244,-0.158624,-0.013718,0.000189,9.090175,2.826487,-14.815615
4.0161,0.435333,0.253244,0.4125,0.987222,-0.158783,-0.013446,-0.000288,9.134704,2.750838,-14.895629
4.0289,0.436303,0.253477,0.412496,0.987198,-0.158952,-0.013175,-0.000763,9.179768,2.675572,-14.98047
4.0417,0.437276,0.2537,0.41249,0.987172,-0.159131,-0.012906,-0.001235,9.231646,2.598889,-15.071989
4.0545,0.438252,0.25391,0.412483,0.987145,-0.159319,-0.01264,-0.001704,9.290339,2.520789,-15.170186
4.0673,0.439231,0.254108,0.412474,0.987115,-0.159517,-0.012377,-0.002169,9.355629,2.447838,-15.272193
4.0801,0.440211,0.254293,0.412468,0.987084,-0.159723,-0.012116,-0.002625,9.426084,2.380503,-15.380929
4.0929,0.441194,0.254465,0.412463,0.987051,-0.159936,-0.011859,-0.003072,9.501704,2.318783,-15.496393
4.1057,0.442179,0.254624,0.412464,0.987017,-0.160157,-0.011603,-0.003512,9.586521,2.251468,-15.616291
4.1185,0.443166,0.254771,0.412469,0.986981,-0.160385,-0.011347,-0.003941,9.681352,2.18308,-15.729678
4.1314,0.444155,0.254907,0.41248,0.986944,-0.16062,-0.011092,-0.004361,9.783105,2.114403,-15.834102
4.1442,0.445146,0.25503,0.412491,0.986906,-0.16086,-0.010837,-0.004768,9.860541,2.04869,-15.907736
4.157,0.446138,0.255142,0.412501,0.986867,-0.161104,-0.010577,-0.005166,9.897993,1.975215,-15.947438
4.1698,0.447131,0.255242,0.41251,0.986827,-0.161352,-0.01031,-0.005556,9.901371,1.891728,-15.960015
4.1826,0.448126,0.255333,0.412521,0.986787,-0.161606,-0.010029,-0.005944,9.89747,1.79739,-15.969197
4.1954,0.449121,0.255414,0.412533,0.986745,-0.161862,-0.009733,-0.006331,9.90682,1.703431,-15.984127
4.2082,0.450117,0.255486,0.412548,0.986703,-0.162122,-0.009424,-0.006717,9.930762,1.616394,-16.006709
4.221,0.451114,0.255547,0.412563,0.98666,-0.162387,-0.009099,-0.007105,9.965077,1.549844,-16.037099
4.2339,0.452112,0.2556,0.412577,0.986616,-0.162655,-0.008759,-0.007496,10.002306,1.501581,-16.070862
4.2467,0.45311,0.255642,0.412592,0.986571,-0.162928,-0.008404,-0.007891,10.03987,1.467936,-16.103976
4.2595,0.454108,0.255674,0.412609,0.986525,-0.163206,-0.008035,-0.008286,10.060764,1.417445,-16.116221
4.2723,0.455107,0.255697,0.412627,0.986478,-0.163487,-0.007653,-0.008682,10.064721,1.346368,-16.11009
4.2851,0.456105,0.255711,0.412646,0.98643,-0.163772,-0.007258,-0.00908,10.05174,1.254705,-16.085582
4.2979,0.457103,0.255713,0.412666,0.986381,-0.164062,-0.006852,-0.009478,10.023471,1.168313,-16.055728
4.3107,0.458101,0.255703,0.412686,0.98633,-0.164358,-0.006437,-0.009876,9.979604,1.088658,-16.020535
4.3235,0.459099,0.255682,0.412705,0.986279,-0.164658,-0.006013,-0.010274,9.923232,1.014956,-15.982456
4.3363,0.460096,0.25565,0.412729,0.986226,-0.164965,-0.00558,-0.010676,9.864374,0.933859,-15.95042
4.3491,0.461093,0.255606,0.412757,0.986171,-0.165281,-0.005139,-0.01108,9.792875,0.841187,-15.916989
4.3619,0.462089,0.25555,0.412788,0.986114,-0.165604,-0.004692,-0.011485,9.702829,0.739189,-15.875359
4.3748,0.463084,0.255482,0.412821,0.986056,-0.165934,-0.004248,-0.011887,9.584484,0.636482,-15.810473
4.3876,0.464079,0.255402,0.412858,0.985996,-0.166271,-0.003804,-0.012288,9.490315,0.550083,-15.753873
4.4004,0.465072,0.25531,0.412899,0.985935,-0.166615,-0.003362,-0.012686,9.418978,0.473448,-15.703657
4.4132,0.466064,0.255209,0.412945,0.985872,-0.166965,-0.002921,-0.01308,9.367243,0.390816,-15.655239
4.426,0.467056,0.255098,0.412993,0.985807,-0.167322,-0.002482,-0.013469,9.311021,0.293465,-15.583802
4.4388,0.468046,0.254976,0.413042,0.985741,-0.167685,-0.002045,-0.013854,9.229757,0.176687,-15.469537
4.4516,0.469036,0.254847,0.413089,0.985674,-0.168053,-0.001607,-0.014237,9.13988,0.063847,-15.338061
4.4644,0.470024,0.25471,0.413136,0.985605,-0.168425,-0.001171,-0.014618,9.041389,-0.045054,-15.189373
4.4773,0.471012,0.254565,0.413182,0.985535,-0.168803,-0.00073,-0.015001,8.951212,-0.139334,-15.05323
4.4901,0.471999,0.254414,0.413227,0.985464,-0.169185,-0.000285,-0.015388,8.867002,-0.229471,-14.920338
4.5029,0.472985,0.254257,0.413271,0.985391,-0.169572,0.000166,-0.015779,8.788691,-0.315621,-14.790512
4.5157,0.47397,0.254095,0.413313,0.985317,-0.169964,0.000621,-0.016172,8.715101,-0.397915,-14.66416
4.5285,0.474954,0.253927,0.413354,0.985242,-0.170359,0.001077,-0.016566,8.651981,-0.470827,-14.556845
4.5414,0.475937,0.253754,0.413393,0.985166,-0.170758,0.001533,-0.01696,8.609484,-0.530174,-14.476003
4.5542,0.47692,0.253577,0.41343,0.985088,-0.17116,0.00199,-0.017355,8.58761,-0.575958,-14.421634
4.567,0.477902,0.253395,0.413465,0.98501,-0.171566,0.002445,-0.017751,8.587316,-0.610516,-14.386811
4.5798,0.478883,0.253208,0.413496,0.984929,-0.171977,0.002896,-0.018147,8.579649,-0.651123,-14.331811
4.5926,0.479864,0.253018,0.413522,0.984848,-0.172394,0.003342,-0.018544,8.564609,-0.697777,-14.256633
4.6055,0.480844,0.252823,0.413545,0.984765,-0.172815,0.003783,-0.018942,8.542195,-0.750478,-14.161278
4.6183,0.481824,0.252624,0.413565,0.98468,-0.173242,0.004218,-0.01934,8.528467,-0.801337,-14.078925
4.6311,0.482803,0.25242,0.413585,0.984594,-0.173674,0.004647,-0.019738,8.543042,-0.842341,-14.037068
4.644,0.483781,0.252213,0.413606,0.984507,-0.174112,0.005071,-0.020138,8.585921,-0.873491,-14.035707
4.6568,0.484757,0.252001,0.413627,0.984418,-0.174555,0.005488,-0.020537,8.649295,-0.895986,-14.068919
4.6696,0.485733,0.251784,0.413649,0.984328,-0.175003,0.005896,-0.020932,8.681535,-0.925839,-14.080627
4.6824,0.486707,0.251561,0.413671,0.984236,-0.175455,0.006294,-0.021322,8.679472,-0.96505,-14.065259
4.6953,0.48768,0.251333,0.413694,0.984144,-0.175912,0.006683,-0.021705,8.643106,-1.01362,-14.022813
4.7081,0.488652,0.251099,0.413715,0.98405,-0.176374,0.007062,-0.022084,8.60878,-1.06236,-13.97681
4.7209,0.489622,0.250858,0.413737,0.983955,-0.176841,0.007439,-0.022462,8.606522,-1.105076,-13.936879
4.7337,0.49059,0.250611,0.413757,0.983858,-0.177313,0.007813,-0.022838,8.636332,-1.141769,-13.903019
4.7465,0.491556,0.250357,0.413776,0.98376,-0.177791,0.008184,-0.023214,8.694786,-1.173678,-13.873335
4.7594,0.492521,0.250098,0.413792,0.983661,-0.178274,0.008554,-0.023589,8.740982,-1.212677,-13.832295
4.7722,0.493484,0.249832,0.413805,0.98356,-0.178761,0.008926,-0.023963,8.7514,-1.258511,-13.788076
4.785,0.494445,0.24956,0.413815,0.983458,-0.179251,0.009301,-0.024335,8.726041,-1.311181,-13.740679
4.7978,0.495404,0.24928,0.41382,0.983355,-0.179746,0.009677,-0.024705,8.692656,-1.364416,-13.712999
4.8106,0.496361,0.248993,0.41382,0.983251,-0.180245,0.010055,-0.025072,8.672705,-1.414352,-13.707749
4.8234,0.497316,0.2487,0.413814,0.983145,-0.180749,0.010435,-0.025438,8.669704,-1.460623,-13.721266
4.8363,0.49827,0.248401,0.413803,0.983038,-0.181258,0.010815,-0.025802,8.658532,-1.506239,-13.737784
4.8491,0.499221,0.248096,0.413789,0.982929,-0.181772,0.011191,-0.026165,8.614993,-1.553833,-13.743132
4.8619,0.500171,0.247787,0.41377,0.982818,-0.182292,0.011563,-0.026529,8.573787,-1.598077,-13.763632
4.8747,0.50112,0.247474,0.413748,0.982707,-0.182817,0.011932,-0.026893,8.553026,-1.636243,-13.809986
4.8876,0.502068,0.247156,0.413722,0.982593,-0.183347,0.012298,-0.02726,8.601244,-1.661024,-13.910867
4.9004,0.503014,0.246836,0.413694,0.982478,-0.183883,0.012659,-0.027628,8.683275,-1.68148,-14.042346
4.9132,0.50396,0.246513,0.413666,0.982362,-0.184424,0.013014,-0.027997,8.76636,-1.707129,-14.181336
4.926,0.504904,0.246187,0.413638,0.982244,-0.18497,0.013361,-0.028366,8.823823,-1.747028,-14.30808
4.9389,0.505848,0.245857,0.413611,0.982124,-0.185523,0.0137,-0.028734,8.859086,-1.799936,-14.424473
4.9517,0.506789,0.245522,0.413584,0.982003,-0.186082,0.01403,-0.0291,8.906827,-1.849692,-14.551719
4.9645,0.507728,0.245181,0.413557,0.981879,-0.186651,0.014352,-0.029463,8.968452,-1.892778,-14.692264
4.9773,0.508665,0.244833,0.413529,0.981754,-0.187229,0.014665,-0.029825,9.043962,-1.929194,-14.846108
4.9901,0.5096,0.244482,0.413505,0.981627,-0.187813,0.014973,-0.030186,9.087349,-1.962171,-14.974365
5.003,0.510534,0.244127,0.413483,0.981498,-0.188402,0.015275,-0.030547,9.082462,-1.99429,-15.06357
5.0158,0.511467,0.243769,0.413466,0.981368,-0.188996,0.015573,-0.030908,9.035737,-2.026672,-15.118656
5.0286,0.512397,0.243405,0.413451,0.981236,-0.189597,0.015871,-0.03127,9.001015,-2.061311,-15.177393
5.0414,0.513326,0.243035,0.41344,0.981101,-0.190205,0.01617,-0.031632,9.010299,-2.094374,-15.259873
5.0542,0.514251,0.242657,0.413431,0.980965,-0.190821,0.016475,-0.031994,9.059057,-2.125151,-15.353896
5.0671,0.515172,0.242271,0.413423,0.980827,-0.191443,0.016785,-0.032357,9.125344,-2.15577,-15.438446
5.0799,0.51609,0.241876,0.413415,0.980686,-0.192073,0.017101,-0.032719,9.160625,-2.193538,-15.484849
5.0927,0.517004,0.241472,0.413411,0.980544,-0.192707,0.01743,-0.033081,9.154144,-2.24035,-15.498907
5.1055,0.517913,0.241061,0.41341,0.9804,-0.193343,0.017774,-0.033445,9.116917,-2.292106,-15.491614
5.1183,0.51882,0.240641,0.413413,0.980255,-0.19398,0.018135,-0.033812,9.07562,-2.339749,-15.482728
5.1311,0.51972,0.24021,0.413415,0.980108,-0.194622,0.018511,-0.034175,9.02,-2.379801,-15.458774
5.1439,0.520615,0.239767,0.413419,0.97996,-0.195265,0.0189,-0.034535,8.947261,-2.416085,-15.415364
5.1567,0.521504,0.239314,0.413424,0.979811,-0.195908,0.019301,-0.034891,8.855997,-2.45212,-15.350053
5.1695,0.522387,0.238851,0.413432,0.979662,-0.196549,0.019716,-0.035242,8.767877,-2.488716,-15.280928
5.1823,0.523264,0.238376,0.413443,0.979512,-0.197191,0.020142,-0.035586,8.707258,-2.529137,-15.229071
5.1951,0.524134,0.237889,0.413456,0.979361,-0.197834,0.020579,-0.035924,8.676863,-2.573837,-15.19687
5.2079,0.524997,0.237389,0.413473,0.979209,-0.198477,0.021025,-0.036254,8.660084,-2.622729,-15.167536
5.2207,0.525854,0.236879,0.413494,0.979058,-0.199116,0.021479,-0.036573,8.616878,-2.671962,-15.105866
5.2335,0.526704,0.236357,0.41352,0.978906,-0.199752,0.02194,-0.036882,8.547246,-2.721535,-15.01186
5.2463,0.527549,0.235827,0.41355,0.978755,-0.200384,0.022405,-0.03718,8.455721,-2.772157,-14.897716
5.2591,0.528387,0.235286,0.413586,0.978605,-0.201012,0.022874,-0.037464,8.357778,-2.821119,-14.779386
5.2719,0.529217,0.234734,0.413626,0.978455,-0.201636,0.023346,-0.037734,8.25356,-2.86838,-14.656937
5.2847,0.530042,0.234173,0.413667,0.978305,-0.202259,0.023815,-0.037989,8.153823,-2.912045,-14.524567
5.2975,0.530859,0.233601,0.41371,0.978155,-0.202882,0.024278,-0.038228,8.055493,-2.949891,-14.380789
5.3104,0.53167,0.233019,0.413753,0.978006,-0.203505,0.024735,-0.038452,7.948216,-2.978329,-14.225037
5.3232,0.532476,0.232431,0.4138,0.977857,-0.204125,0.025189,-0.038666,7.842246,-3.000839,-14.070786
5.336,0.533279,0.231839,0.413851,0.977707,-0.204743,0.025641,-0.038871,7.738696,-3.017799,-13.919501
5.3488,0.534078,0.23124,0.413907,0.977559,-0.205359,0.02609,-0.039067,7.645654,-3.030739,-13.774113
5.3616,0.53487,0.230635,0.413964,0.97741,-0.205973,0.026539,-0.039253,7.553809,-3.041188,-13.621014
5.3744,0.535658,0.230023,0.414022,0.977261,-0.206586,0.026988,-0.03943,7.45706,-3.048917,-13.455113
5.3873,0.53644,0.229404,0.414082,0.977112,-0.207198,0.027436,-0.039597,7.355406,-3.053927,-13.276409
5.4001,0.537217,0.228779,0.414142,0.976963,-0.20781,0.027885,-0.039758,7.254516,-3.056605,-13.094232
5.4129,0.53799,0.228148,0.414199,0.976813,-0.208423,0.028338,-0.039916,7.148699,-3.061171,-12.91223
5.4257,0.538758,0.22751,0.414254,0.976662,-0.209037,0.028795,-0.040072,7.037955,-3.067626,-12.730405
5.4385,0.539521,0.226867,0.414306,0.97651,-0.209653,0.029255,-0.040224,6.922283,-3.07597,-12.548755
5.4514,0.540281,0.22622,0.414356,0.976357,-0.21027,0.02972,-0.040376,6.790041,-3.089511,-12.361646
5.4642,0.541038,0.22557,0.414405,0.976203,-0.210888,0.030188,-0.040528,6.662444,-3.097577,-12.189678
5.477,0.541792,0.224915,0.414452,0.976048,-0.211507,0.030658,-0.040678,6.542376,-3.098721,-12.035642
5.4898,0.542542,0.224256,0.414498,0.975892,-0.212127,0.031131,-0.040827,6.435125,-3.094777,-11.899827
5.5027,0.543289,0.223592,0.414542,0.975735,-0.212749,0.031609,-0.040975,6.351046,-3.089332,-11.782802
5.5155,0.544031,0.222924,0.414583,0.975577,-0.213374,0.032087,-0.041122,6.283622,-3.088291,-11.676661
5.5283,0.544768,0.22225,0.414619,0.975418,-0.214002,0.032563,-0.041267,6.226577,-3.097338,-11.573788
5.5411,0.5455,0.22157,0.414652,0.975257,-0.214634,0.033036,-0.04141,6.171826,-3.114943,-11.471256
5.554,0.54623,0.220888,0.414681,0.975095,-0.215269,0.033506,-0.041554,6.107009,-3.138769,-11.364584
5.5668,0.546956,0.220201,0.414706,0.974931,-0.215909,0.033971,-0.041697,6.033529,-3.168104,-11.25596
5.5796,0.547678,0.219511,0.414731,0.974766,-0.216551,0.034432,-0.041838,5.958577,-3.199303,-11.156599
5.5924,0.548396,0.218816,0.414755,0.974601,-0.217196,0.034888,-0.041975,5.886654,-3.230946,-11.069028
5.6052,0.54911,0.218117,0.41478,0.974435,-0.217843,0.035335,-0.042107,5.834775,-3.257661,-11.002798
5.6181,0.54982,0.217415,0.414804,0.974268,-0.218493,0.035776,-0.042234,5.80294,-3.279447,-10.95791
5.6309,0.550524,0.216706,0.414828,0.9741,-0.219146,0.036205,-0.042354,5.785559,-3.294749,-10.927461
5.6437,0.551221,0.215991,0.414851,0.973931,-0.219802,0.036623,-0.042466,5.78089,-3.303084,-10.909301
5.6565,0.551912,0.21527,0.414872,0.973762,-0.220463,0.03703,-0.042571,5.767574,-3.315164,-10.882761
5.6693,0.552598,0.214543,0.414891,0.973592,-0.221127,0.037427,-0.04267,5.742729,-3.332437,-10.845051
5.6821,0.553277,0.21381,0.414909,0.973421,-0.221795,0.037814,-0.042762,5.705068,-3.355266,-10.797862
5.695,0.553948,0.21307,0.414924,0.97325,-0.222466,0.038189,-0.042845,5.652086,-3.384359,-10.744497
5.7078,0.554612,0.212325,0.414937,0.973078,-0.223139,0.038556,-0.042921,5.590298,-3.413815,-10.692862
5.7206,0.555271,0.211574,0.41495,0.972905,-0.223814,0.038919,-0.042991,5.525981,-3.437946,-10.65057
5.7334,0.555924,0.210818,0.414962,0.972732,-0.22449,0.039276,-0.043053,5.459134,-3.456755,-10.617621
5.7462,0.55657,0.210056,0.414975,0.972559,-0.225168,0.039626,-0.04311,5.404723,-3.468347,-10.600171
5.759,0.55721,0.209289,0.414987,0.972385,-0.225849,0.03997,-0.043161,5.362222,-3.473324,-10.596392
5.7719,0.557845,0.208518,0.414998,0.972209,-0.226533,0.040307,-0.043209,5.32444,-3.475329,-10.59507
5.7847,0.558473,0.207741,0.415006,0.972033,-0.227221,0.040637,-0.043253,5.291377,-3.474363,-10.596205
5.7975,0.559095,0.206959,0.415011,0.971855,-0.227914,0.04096,-0.043295,5.257422,-3.474487,-10.596239
5.8103,0.559709,0.20617,0.415014,0.971676,-0.228612,0.041274,-0.043334,5.219563,-3.477883,-10.593262
5.8231,0.560316,0.205376,0.415015,0.971496,-0.229315,0.041584,-0.043371,5.183389,-3.486106,-10.594176
5.836,0.560919,0.204579,0.415016,0.971314,-0.230021,0.04189,-0.043408,5.150643,-3.49964,-10.601132
5.8488,0.561516,0.203777,0.415015,0.971131,-0.230731,0.042193,-0.043446,5.117968,-3.521481,-10.611901
5.8616,0.562106,0.20297,0.415012,0.970946,-0.231446,0.042495,-0.043485,5.082154,-3.554492,-10.62435
5.8744,0.562689,0.202159,0.415008,0.970759,-0.232165,0.042796,-0.043526,5.044485,-3.598311,-10.636786
5.8872,0.563267,0.201344,0.415002,0.97057,-0.232889,0.043096,-0.04357,5.007467,-3.65223,-10.645908
5.9001,0.56384,0.200525,0.414995,0.97038,-0.233618,0.043396,-0.043618,4.974352,-3.71194,-10.657406
5.9129,0.564406,0.199702,0.414987,0.970187,-0.234352,0.043696,-0.043669,4.948924,-3.77243,-10.677905
5.9257,0.564965,0.198873,0.414977,0.969992,-0.235091,0.043996,-0.043724,4.931182,-3.8337,-10.707405
5.9385,0.565518,0.198041,0.414964,0.969795,-0.235834,0.044298,-0.043782,4.90616,-3.897642,-10.73975
5.9513,0.566064,0.197205,0.414949,0.969597,-0.236581,0.0446,-0.043841,4.881783,-3.965337,-10.777245
5.9642,0.566603,0.196363,0.414932,0.969396,-0.237334,0.044902,-0.043902,4.863538,-4.037387,-10.821554
5.977,0.567134,0.195517,0.414914,0.969194,-0.238091,0.045204,-0.043965,4.851426,-4.113793,-10.872675
5.9898,0.56766,0.194668,0.414894,0.968989,-0.238853,0.045507,-0.044028,4.851056,-4.190494,-10.934165
6.0026,0.568179,0.193814,0.414875,0.968783,-0.239617,0.045809,-0.044091,4.844595,-4.269234,-10.98977
6.0154,0.568692,0.192957,0.414858,0.968576,-0.240386,0.04611,-0.044152,4.831085,-4.350196,-11.038654
6.0283,0.569199,0.192095,0.414842,0.968367,-0.241158,0.04641,-0.044213,4.810526,-4.433377,-11.080818
6.0411,0.569699,0.191231,0.414828,0.968157,-0.241932,0.046708,-0.04427,4.788778,-4.510718,-11.120736
6.0539,0.570194,0.190362,0.414818,0.967946,-0.242709,0.046999,-0.044322,4.773753,-4.56985,-11.164757
6.0667,0.570682,0.189491,0.414811,0.967734,-0.243489,0.047283,-0.044368,4.765449,-4.610772,-11.21288
6.0795,0.571165,0.188616,0.414808,0.967521,-0.24427,0.047561,-0.044409,4.763867,-4.633484,-11.265106
6.0924,0.571643,0.187738,0.414807,0.967308,-0.245054,0.047832,-0.044444,4.763484,-4.645389,-11.309998
6.1052,0.572115,0.186858,0.41481,0.967095,-0.24584,0.048092,-0.044472,4.759192,-4.653308,-11.337578
6.118,0.572582,0.185974,0.414816,0.966881,-0.246627,0.048344,-0.044494,4.75099,-4.65724,-11.347847
6.1308,0.573044,0.185088,0.414825,0.966666,-0.247416,0.048586,-0.044509,4.738974,-4.657232,-11.340896
6.1436,0.5735,0.184199,0.414835,0.966452,-0.248205,0.048819,-0.044517,4.727053,-4.6586,-11.326171
6.1565,0.57395,0.183307,0.414847,0.966237,-0.248994,0.049045,-0.044519,4.709739,-4.660739,-11.302011
6.1693,0.574395,0.182412,0.414859,0.966023,-0.249783,0.049262,-0.044515,4.687033,-4.663649,-11.268415
6.1821,0.574833,0.181513,0.414873,0.965808,-0.250573,0.049471,-0.044503,4.652583,-4.668824,-11.221752
6.1949,0.575264,0.180612,0.414884,0.965593,-0.251362,0.049673,-0.044486,4.621052,-4.673789,-11.176652
6.2078,0.575689,0.179708,0.414891,0.965378,-0.252152,0.049869,-0.044465,4.5934,-4.678364,-11.133951
6.2206,0.576108,0.1788,0.414896,0.965163,-0.252943,0.050058,-0.044438,4.567585,-4.68084,-11.093448
6.2334,0.576519,0.17789,0.4149,0.964947,-0.253736,0.050243,-0.044408,4.531685,-4.678404,-11.051974
6.2462,0.576924,0.176976,0.414901,0.964729,-0.254532,0.050425,-0.044375,4.481002,-4.680561,-11.005314
6.259,0.577323,0.17606,0.414899,0.96451,-0.255331,0.050604,-0.04434,4.415537,-4.68731,-10.953467
6.2718,0.577714,0.175141,0.414896,0.96429,-0.256133,0.05078,-0.044303,4.361514,-4.707882,-10.906822
6.2847,0.578098,0.174218,0.414892,0.964068,-0.256939,0.050956,-0.044265,4.321915,-4.739431,-10.871405
6.2975,0.578475,0.173293,0.414887,0.963844,-0.257749,0.051132,-0.044225,4.298065,-4.78015,-10.85057
6.3103,0.578843,0.172364,0.41488,0.963619,-0.258562,0.051306,-0.044182,4.27807,-4.82353,-10.84181
6.3231,0.579202,0.171431,0.414873,0.963392,-0.25938,0.051477,-0.044136,4.261313,-4.869239,-10.844925
6.3359,0.579553,0.170496,0.414865,0.963163,-0.260203,0.051646,-0.044087,4.235218,-4.910737,-10.848004
6.3488,0.579897,0.169557,0.414858,0.962931,-0.261037,0.051813,-0.044035,4.200522,-4.946602,-10.852155
6.3616,0.580233,0.168616,0.414851,0.962695,-0.261882,0.051978,-0.043981,4.157224,-4.976836,-10.857378
6.3744,0.580563,0.167673,0.414844,0.962456,-0.262736,0.05214,-0.043924,4.10766,-5.002395,-10.863651
6.3872,0.580888,0.166728,0.414835,0.962215,-0.263597,0.052301,-0.043864,4.053527,-5.024565,-10.870428
6.4001,0.581207,0.165781,0.414826,0.961971,-0.264466,0.052459,-0.0438,3.994827,-5.043344,-10.877708
6.4129,0.58152,0.164832,0.414816,0.961724,-0.265341,0.052614,-0.043734,3.946221,-5.062538,-10.897643
6.4257,0.581829,0.163881,0.414803,0.961476,-0.266221,0.052765,-0.043664,3.919878,-5.090483,-10.933763
6.4385,0.582133,0.162929,0.414788,0.961226,-0.267104,0.052912,-0.043591,3.914458,-5.125975,-10.984499
6.4513,0.582432,0.161975,0.41477,0.960976,-0.267987,0.053054,-0.043512,3.923501,-5.163209,-11.042291
6.4642,0.582727,0.16102,0.414747,0.960725,-0.268871,0.05319,-0.043428,3.920781,-5.192954,-11.096752
6.477,0.583019,0.160065,0.414721,0.960474,-0.269756,0.05332,-0.043338,3.906793,-5.221503,-11.149014
6.4898,0.583307,0.159108,0.41469,0.960222,-0.270644,0.053443,-0.043241,3.882783,-5.255618,-11.200539
6.5026,0.583594,0.158151,0.414655,0.959969,-0.271533,0.053563,-0.043141,3.860646,-5.301808,-11.253833
6.5155,0.58388,0.157194,0.414616,0.959714,-0.272426,0.053678,-0.043037,3.844393,-5.347596,-11.319034
6.5283,0.584165,0.156236,0.414573,0.959458,-0.273322,0.05379,-0.042928,3.834481,-5.391079,-11.397641
6.5411,0.58445,0.155279,0.414524,0.959202,-0.274215,0.0539,-0.042816,3.830573,-5.43736,-11.486082
6.554,0.584733,0.154322,0.414471,0.958946,-0.275104,0.054005,-0.042698,3.833688,-5.495911,-11.578029
6.5668,0.585016,0.153365,0.414414,0.958691,-0.275992,0.054108,-0.042576,3.847843,-5.564282,-11.677136
6.5796,0.585298,0.152407,0.414356,0.958434,-0.276882,0.05421,-0.042452,3.87652,-5.637927,-11.787893
6.5924,0.585579,0.151449,0.414297,0.958175,-0.277774,0.054311,-0.042326,3.919566,-5.716572,-11.910363
6.6053,0.58586,0.150491,0.414236,0.957914,-0.278673,0.054412,-0.042198,3.958038,-5.793499,-12.029098
6.6181,0.586139,0.149533,0.414176,0.95765,-0.279581,0.054512,-0.042069,3.984296,-5.864674,-12.138786
6.6309,0.586418,0.148575,0.414115,0.957382,-0.280498,0.054614,-0.041938,4.009338,-5.92852,-12.246975
6.6437,0.586697,0.147617,0.414056,0.957108,-0.28143,0.054718,-0.041808,4.053842,-5.986748,-12.370026
6.6566,0.586976,0.146658,0.413998,0.956828,-0.282379,0.054825,-0.041679,4.10945,-6.0494,-12.495701
6.6694,0.587254,0.1457,0.413944,0.95654,-0.283348,0.054937,-0.041553,4.165109,-6.121758,-12.608168
6.6822,0.587533,0.144741,0.413897,0.956242,-0.284349,0.055059,-0.04143,4.223889,-6.171959,-12.715923
6.695,0.587813,0.143782,0.413858,0.95593,-0.285385,0.055193,-0.04131,4.282737,-6.196616,-12.813575
6.7079,0.588095,0.142825,0.413828,0.955605,-0.286458,0.055346,-0.041193,4.334902,-6.213669,-12.879339
6.7207,0.588379,0.141867,0.413809,0.955266,-0.287571,0.055523,-0.041073,4.392108,-6.229888,-12.90943
6.7335,0.588665,0.140911,0.4138,0.954911,-0.288725,0.055727,-0.040955,4.451831,-6.223108,-12.889725
6.7463,0.588956,0.139956,0.4138,0.954547,-0.289897,0.055962,-0.040845,4.49464,-6.189971,-12.844596
6.7591,0.589249,0.139002,0.413809,0.954174,-0.291086,0.056222,-0.040745,4.53763,-6.146667,-12.778095
6.7719,0.589546,0.138049,0.41382,0.953795,-0.292283,0.056503,-0.040653,4.577092,-6.096912,-12.693566
6.7847,0.589845,0.137096,0.413832,0.953412,-0.293483,0.056802,-0.040567,4.610715,-6.039071,-12.60139
6.7975,0.590145,0.136144,0.413843,0.953027,-0.294682,0.057113,-0.040484,4.654646,-5.976834,-12.524254
6.8103,0.590446,0.135193,0.41385,0.952641,-0.295878,0.057431,-0.040405,4.697542,-5.935932,-12.460334
6.8231,0.59075,0.134243,0.41385,0.952254,-0.29707,0.057754,-0.040329,4.733255,-5.9021,-12.404597
6.8359,0.591057,0.133294,0.413841,0.951866,-0.298257,0.05808,-0.040256,4.752697,-5.868873,-12.351209
6.8487,0.591366,0.132348,0.413822,0.95148,-0.299432,0.058405,-0.040185,4.778419,-5.863131,-12.329997
6.8614,0.591678,0.131403,0.413794,0.951096,-0.300597,0.058728,-0.040118,4.811867,-5.86002,-12.344814
6.8742,0.591993,0.130461,0.413752,0.950715,-0.301745,0.059044,-0.040053,4.844347,-5.879362,-12.393969
6.887,0.592311,0.129519,0.413698,0.950339,-0.302876,0.059347,-0.039992,4.879092,-5.925125,-12.474835
6.8997,0.592632,0.128579,0.413636,0.949966,-0.303996,0.059636,-0.039936,4.925364,-5.982513,-12.581994
6.9125,0.592958,0.127641,0.413571,0.949595,-0.305104,0.059907,-0.03989,4.975135,-6.030955,-12.708338
6.9253,0.593294,0.126707,0.413505,0.949225,-0.306212,0.060158,-0.039854,5.030387,-6.090534,-12.845477
6.938,0.593646,0.125781,0.413443,0.948847,-0.307337,0.060393,-0.039823,5.149327,-6.140924,-12.979604
6.9507,0.594016,0.124867,0.413391,0.948464,-0.308477,0.060619,-0.039796,5.262757,-6.158896,-13.08367
6.9633,0.594406,0.123964,0.41335,0.948077,-0.309625,0.060838,-0.039774,5.384319,-6.158815,-13.131162
6.9759,0.59481,0.123069,0.413318,0.947685,-0.310784,0.06105,-0.039756,5.506096,-6.12845,-13.162661
6.9885,0.595232,0.122183,0.413285,0.947279,-0.311979,0.061255,-0.039745,5.624239,-6.079327,-13.204045
7.001,0.595667,0.121312,0.413275,0.94684,-0.313255,0.061514,-0.039769,5.711073,-6.065384,-13.066267
7.0119,0.596049,0.120552,0.413258,0.9465,-0.314316,0.061423,-0.039629,5.840793,-5.990406,-13.076334
7.0211,0.596371,0.119909,0.413259,0.945993,-0.315775,0.061722,-0.03968,5.964363,-5.941046,-13.037702
7.0287,0.596638,0.119383,0.413263,0.945508,-0.317147,0.06207,-0.03974,6.073568,-5.890974,-12.977852
7.0346,0.596843,0.118972,0.413268,0.945093,-0.318315,0.062391,-0.039783,6.166427,-5.839081,-12.958372
7.0388,0.596984,0.118674,0.413272,0.944683,-0.319472,0.062664,-0.039814,6.256249,-5.806918,-12.948235
7.0414,0.597065,0.118492,0.413275,0.944153,-0.320992,0.062855,-0.039862,6.290752,-5.786864,-12.932462
7.0422,0.597092,0.118431,0.413278,0.943313,-0.323189,0.0639,-0.040315,6.303729,-5.774325,-12.932467
