time,x,y,z,qx,qy,qz,qw
1.77126e+09,0.388988,0.036368,0.455683,-0.593451,0.804731,0.0051427,0.0140113
1.77126e+09,0.38899,0.0363689,0.45568,-0.593455,0.804729,0.00514289,0.0140086
1.77126e+09,0.388987,0.0363699,0.455681,-0.593455,0.804729,0.00514277,0.0140089
1.77126e+09,0.388987,0.0363699,0.455681,-0.593455,0.804729,0.00514277,0.0140089
1.77126e+09,0.388988,0.036367,0.455682,-0.593452,0.804731,0.00514391,0.0140106
1.77126e+09,0.388988,0.0363676,0.455681,-0.59345,0.804732,0.00514339,0.0140106
1.77126e+09,0.388988,0.0363685,0.455681,-0.593452,0.804731,0.0051426,0.0140093
1.77126e+09,0.388988,0.0363688,0.455683,-0.59345,0.804732,0.00514241,0.0140115
1.77126e+09,0.388989,0.0363687,0.455679,-0.59345,0.804733,0.00514324,0.0140079
1.77126e+09,0.388989,0.0363661,0.455683,-0.593452,0.804731,0.00514497,0.0140127
1.77126e+09,0.388988,0.0363692,0.455682,-0.593452,0.804731,0.00514237,0.0140115
1.77126e+09,0.388989,0.0363639,0.455679,-0.593448,0.804734,0.00514659,0.0140086
1.77126e+09,0.388988,0.0363701,0.455681,-0.593457,0.804728,0.00514357,0.0140089
1.77126e+09,0.388988,0.0363674,0.455679,-0.593454,0.80473,0.00514551,0.0140088
1.77126e+09,0.388988,0.0363688,0.45568,-0.593454,0.804729,0.00514333,0.0140099
1.77126e+09,0.388988,0.036365,0.455679,-0.593447,0.804735,0.00514537,0.014008
1.77126e+09,0.388987,0.0363678,0.455682,-0.593451,0.804732,0.00514404,0.0140112
1.77126e+09,0.388989,0.0363673,0.455682,-0.593456,0.804728,0.00514364,0.0140103
1.77126e+09,0.388988,0.0363665,0.45568,-0.593454,0.80473,0.00514361,0.0140095
1.77126e+09,0.38899,0.0363662,0.455686,-0.59345,0.804732,0.0051424,0.0140151
1.77126e+09,0.388988,0.0363677,0.455682,-0.593451,0.804732,0.00514386,0.0140106
1.77126e+09,0.388988,0.0363712,0.455683,-0.593455,0.804729,0.00514133,0.0140111
1.77126e+09,0.388989,0.0363667,0.455684,-0.593451,0.804731,0.00514271,0.0140126
1.77126e+09,0.388989,0.0363687,0.455682,-0.593456,0.804728,0.00514306,0.0140108
1.77126e+09,0.388989,0.0363696,0.455679,-0.593453,0.804731,0.00514411,0.0140056
1.77126e+09,0.38899,0.0363651,0.45568,-0.593452,0.804731,0.00514562,0.0140096
1.77126e+09,0.388991,0.0363673,0.455683,-0.593449,0.804733,0.00514328,0.0140116
1.77126e+09,0.388989,0.0363658,0.455679,-0.593451,0.804732,0.0051466,0.0140078
1.77126e+09,0.388981,0.0363653,0.455659,-0.59345,0.804733,0.00515753,0.013988
1.77126e+09,0.388975,0.0363605,0.455636,-0.593449,0.804734,0.00517234,0.0139677
1.77126e+09,0.388968,0.0363639,0.455604,-0.593453,0.804731,0.00519079,0.0139377
1.77126e+09,0.38897,0.0363683,0.455615,-0.59345,0.804733,0.0051813,0.0139475
1.77126e+09,0.38897,0.0363631,0.455615,-0.59345,0.804733,0.00518154,0.0139506
1.77126e+09,0.388949,0.0363534,0.455569,-0.593439,0.804742,0.00521567,0.0139039
1.77126e+09,0.38877,0.0363441,0.455109,-0.593448,0.804741,0.00547116,0.0134852
1.77126e+09,0.388658,0.036325,0.454766,-0.593434,0.804755,0.00566824,0.0131674
1.77126e+09,0.388653,0.0363112,0.454672,-0.59342,0.804766,0.00573713,0.0130696
1.77126e+09,0.388656,0.0363119,0.454578,-0.593421,0.804767,0.00579753,0.0129738
1.77126e+09,0.388707,0.0363271,0.454427,-0.593437,0.804757,0.0059013,0.0128098
1.77126e+09,0.388744,0.0363146,0.45435,-0.593419,0.804771,0.0059583,0.0127292
1.77126e+09,0.388766,0.0362991,0.454353,-0.593403,0.804783,0.00596625,0.0127397
1.77126e+09,0.388851,0.03623,0.454388,-0.593333,0.804834,0.00599111,0.0127914
1.77126e+09,0.389028,0.0361248,0.454442,-0.593226,0.80491,0.00602735,0.0128828
1.77126e+09,0.389259,0.0359802,0.454398,-0.593081,0.805016,0.00612782,0.0129168
1.77126e+09,0.389482,0.0358711,0.45425,-0.592972,0.805097,0.00631519,0.0127783
1.77126e+09,0.389824,0.0356726,0.454016,-0.592769,0.805247,0.00661798,0.0125739
1.77126e+09,0.390347,0.0354804,0.453775,-0.592559,0.805403,0.0069785,0.0123036
1.77126e+09,0.390956,0.0353806,0.453577,-0.592423,0.805504,0.0072689,0.0120319
1.77126e+09,0.391622,0.0353663,0.453577,-0.592368,0.805546,0.00739988,0.0119324
1.77126e+09,0.392292,0.0353786,0.453728,-0.592333,0.805571,0.0074347,0.0119418
1.77126e+09,0.392967,0.0354369,0.453942,-0.592338,0.805566,0.00742084,0.012004
1.77126e+09,0.393724,0.0354965,0.454068,-0.592336,0.805567,0.00747971,0.01196
1.77126e+09,0.39463,0.035571,0.453983,-0.592341,0.805566,0.00769015,0.0116791
1.77126e+09,0.395543,0.0355783,0.453658,-0.592282,0.805613,0.00804059,0.0112186
1.77126e+09,0.396508,0.0354495,0.453593,-0.592091,0.805752,0.0082755,0.0110752
1.77126e+09,0.397578,0.0352041,0.453955,-0.591804,0.805959,0.00836636,0.011306
1.77126e+09,0.398937,0.0348274,0.454345,-0.591386,0.806261,0.00855948,0.0115692
1.77126e+09,0.400352,0.0343758,0.454277,-0.590893,0.806618,0.009007,0.011499
1.77126e+09,0.401716,0.0338556,0.453967,-0.590351,0.807012,0.00959888,0.0112335
1.77126e+09,0.403272,0.0333718,0.454149,-0.58983,0.807386,0.00997464,0.0113103
1.77126e+09,0.404922,0.032745,0.454492,-0.58918,0.807853,0.0103018,0.0115874
1.77126e+09,0.406449,0.0319893,0.454427,-0.588429,0.808393,0.0108907,0.0115439
1.77126e+09,0.407986,0.0312169,0.454436,-0.587659,0.808945,0.0114463,0.0115343
1.77126e+09,0.409692,0.0303886,0.454376,-0.586835,0.809536,0.0120379,0.0115101
1.77126e+09,0.411082,0.0295714,0.454229,-0.586041,0.810102,0.0126135,0.0114441
1.77126e+09,0.41251,0.0287394,0.454373,-0.585231,0.810679,0.0130358,0.0115942
1.77126e+09,0.413917,0.0275556,0.454498,-0.584125,0.811464,0.0135826,0.0118588
1.77126e+09,0.415116,0.0260719,0.454288,-0.582752,0.812436,0.0143091,0.0119775
1.77126e+09,0.416283,0.0243752,0.454149,-0.581189,0.813539,0.0150465,0.0121296
1.77126e+09,0.417425,0.0226273,0.45439,-0.579578,0.814672,0.0155289,0.0125773
1.77126e+09,0.418442,0.0206585,0.454504,-0.577798,0.815915,0.0161958,0.0130107
1.77126e+09,0.419139,0.018673,0.454162,-0.576024,0.817147,0.0171733,0.0131129
1.77126e+09,0.419756,0.0166688,0.453812,-0.57424,0.818378,0.0181119,0.0133108
1.77126e+09,0.420313,0.0148178,0.453963,-0.5726,0.819503,0.0187104,0.0139089
1.77126e+09,0.420815,0.0128426,0.454301,-0.570861,0.820691,0.0192354,0.0146757
1.77126e+09,0.421287,0.0110303,0.454454,-0.569261,0.821777,0.0198026,0.0152226
1.77126e+09,0.421798,0.00918708,0.454408,-0.567629,0.822881,0.0205142,0.0155932
1.77126e+09,0.422336,0.00735307,0.454318,-0.566003,0.823976,0.021234,0.0159069
1.77126e+09,0.422988,0.00565463,0.454261,-0.564485,0.824994,0.0218858,0.0161978
1.77126e+09,0.423644,0.00401767,0.454167,-0.563028,0.825967,0.0225318,0.0164371
1.77126e+09,0.424297,0.00222308,0.454032,-0.561432,0.827028,0.0232437,0.0166733
1.77126e+09,0.424851,0.000534338,0.453989,-0.559919,0.828031,0.0238233,0.0169619
1.77126e+09,0.425363,-0.00128446,0.454093,-0.558308,0.829093,0.0243502,0.0174321
1.77126e+09,0.425849,-0.00320179,0.454317,-0.556616,0.830202,0.0248567,0.0180607
1.77126e+09,0.426287,-0.00532844,0.454516,-0.554733,0.831429,0.0254211,0.0187122
1.77126e+09,0.426627,-0.00751778,0.454448,-0.552787,0.832692,0.0261436,0.0191415
1.77126e+09,0.426949,-0.00988971,0.45419,-0.550669,0.834058,0.0270593,0.0194565
1.77126e+09,0.427305,-0.0121969,0.454034,-0.548601,0.835386,0.0278278,0.0198024
1.77126e+09,0.427585,-0.0144167,0.454023,-0.546614,0.836654,0.0284807,0.0202852
1.77126e+09,0.42765,-0.0165949,0.453992,-0.544672,0.837884,0.0291639,0.0207959
1.77126e+09,0.427592,-0.018754,0.453902,-0.54273,0.839108,0.0298437,0.0212488
1.77126e+09,0.427526,-0.0208307,0.453869,-0.540868,0.840274,0.0304779,0.0217468
1.77126e+09,0.427452,-0.0227523,0.45381,-0.539142,0.841348,0.0310923,0.022193
1.77126e+09,0.427373,-0.0245255,0.453761,-0.537539,0.842343,0.0316251,0.02259
1.77126e+09,0.427289,-0.026255,0.453702,-0.535984,0.843301,0.0321888,0.022997
1.77126e+09,0.427192,-0.0279692,0.453656,-0.534447,0.844241,0.0327654,0.0234308
1.77126e+09,0.427091,-0.0296338,0.453597,-0.532954,0.845152,0.0333246,0.0238288
1.77126e+09,0.426951,-0.0312732,0.453514,-0.531477,0.846048,0.0339735,0.0241076
1.77126e+09,0.426787,-0.0329025,0.45347,-0.530012,0.846931,0.0346116,0.0244215
1.77126e+09,0.426614,-0.0344176,0.453542,-0.528649,0.84775,0.0351011,0.0248701
1.77126e+09,0.426412,-0.03563,0.453587,-0.527567,0.848396,0.0356028,0.025102
1.77126e+09,0.426412,-0.03563,0.453587,-0.527567,0.848396,0.0356028,0.025102
1.77126e+09,0.426195,-0.036548,0.453624,-0.526741,0.848887,0.0360349,0.0252313
1.77126e+09,0.425979,-0.0373504,0.453581,-0.526015,0.849317,0.0364879,0.0252505
1.77126e+09,0.425789,-0.0381562,0.453532,-0.525284,0.84975,0.0368612,0.0253732
1.77126e+09,0.425619,-0.0390123,0.453439,-0.524506,0.850209,0.0372695,0.0254714
1.77126e+09,0.425434,-0.0398233,0.453373,-0.523771,0.850642,0.0376911,0.0255243
1.77126e+09,0.425215,-0.0403819,0.453333,-0.523262,0.85094,0.0380482,0.0255047
1.77126e+09,0.424978,-0.0407333,0.453373,-0.522943,0.851125,0.0382498,0.0255593
1.77126e+09,0.424653,-0.0410215,0.453449,-0.522676,0.851278,0.0384125,0.0256686
1.77126e+09,0.424142,-0.0413435,0.453524,-0.522379,0.851448,0.0386267,0.0257963
1.77126e+09,0.423396,-0.0417494,0.453486,-0.521995,0.851663,0.039106,0.0257307
1.77126e+09,0.422551,-0.0421846,0.45346,-0.521584,0.851893,0.0396455,0.0256298
1.77126e+09,0.421637,-0.042723,0.453367,-0.521062,0.852186,0.0401275,0.0257438
1.77126e+09,0.420576,-0.0433392,0.453251,-0.520469,0.852518,0.0405333,0.0261265
1.77126e+09,0.41947,-0.0440333,0.453417,-0.519811,0.852884,0.0408144,0.0268086
1.77126e+09,0.418318,-0.0447214,0.453627,-0.519181,0.853231,0.0412747,0.0272736
1.77126e+09,0.416869,-0.0452239,0.453442,-0.518693,0.853488,0.0424965,0.0266453
1.77126e+09,0.414985,-0.0455435,0.453051,-0.518361,0.853642,0.0443481,0.0251088
1.77126e+09,0.413233,-0.0459121,0.453217,-0.518,0.853817,0.0455987,0.0243776
1.77126e+09,0.411744,-0.0464176,0.453687,-0.517508,0.854081,0.046218,0.024409
1.77126e+09,0.410111,-0.0469327,0.453767,-0.51695,0.854385,0.0469476,0.0241642
1.77126e+09,0.408142,-0.0474824,0.453237,-0.516264,0.854764,0.0479009,0.0235767
1.77126e+09,0.406461,-0.0482891,0.453108,-0.515335,0.855302,0.0481284,0.0239228
1.77126e+09,0.405017,-0.0491414,0.453542,-0.514404,0.855847,0.0479538,0.0248083
1.77126e+09,0.403317,-0.0499723,0.453374,-0.513431,0.856408,0.0482147,0.0250924
1.77126e+09,0.401644,-0.0505991,0.453149,-0.512679,0.856839,0.0483977,0.0254039
1.77126e+09,0.400235,-0.0513375,0.453353,-0.511835,0.857327,0.0483147,0.0260915
1.77126e+09,0.398693,-0.052205,0.453374,-0.510819,0.857914,0.0483356,0.0266503
1.77126e+09,0.396992,-0.0533045,0.453224,-0.509525,0.858662,0.0484915,0.0270679
1.77126e+09,0.395418,-0.0543896,0.453216,-0.508254,0.859395,0.0485771,0.0275545
1.77126e+09,0.393803,-0.0552821,0.45297,-0.507154,0.860023,0.0487533,0.0278982
1.77126e+09,0.392114,-0.0560253,0.45289,-0.50622,0.860552,0.0488232,0.0284373
1.77126e+09,0.390567,-0.0566494,0.453091,-0.505446,0.860986,0.0487987,0.0290912
1.77126e+09,0.388644,-0.0569794,0.452925,-0.504945,0.86125,0.0492745,0.0291644
1.77126e+09,0.386515,-0.057249,0.452692,-0.504537,0.861454,0.0502748,0.0284966
1.77126e+09,0.384289,-0.0573359,0.452861,-0.504442,0.861467,0.0516595,0.0272768
1.77126e+09,0.381973,-0.0572928,0.452873,-0.504381,0.861459,0.0526665,0.0267363
1.77126e+09,0.379799,-0.057337,0.452959,-0.504285,0.861494,0.0528299,0.027083
1.77126e+09,0.377656,-0.0576203,0.452841,-0.503966,0.861675,0.0526598,0.0275887
1.77126e+09,0.375316,-0.0583361,0.452725,-0.50363,0.861924,0.0517097,0.0277471
1.77126e+09,0.372938,-0.0595242,0.452574,-0.503915,0.861944,0.0491042,0.0266705
1.77126e+09,0.370449,-0.0607791,0.452117,-0.505168,0.861501,0.0451361,0.0241541
1.77126e+09,0.368143,-0.0613952,0.452018,-0.507355,0.860501,0.0406903,0.0217826
1.77126e+09,0.366077,-0.0616445,0.45211,-0.509839,0.859278,0.0364399,0.0194486
1.77126e+09,0.36393,-0.061725,0.452028,-0.511995,0.85817,0.0336149,0.0165698
1.77126e+09,0.36163,-0.0616609,0.451594,-0.513363,0.857427,0.0330955,0.0134748
1.77126e+09,0.359809,-0.0614543,0.452013,-0.514016,0.857042,0.0335288,0.0119519
1.77126e+09,0.35795,-0.0610889,0.452215,-0.514331,0.856805,0.0352744,0.010242
1.77126e+09,0.355767,-0.0604557,0.45199,-0.514857,0.856397,0.038224,0.00670333
1.77126e+09,0.354217,-0.0596745,0.452196,-0.515588,0.855921,0.0392378,0.00534565
1.77126e+09,0.35281,-0.058495,0.452201,-0.516682,0.855253,0.0395273,0.00437601
1.77126e+09,0.351514,-0.0569914,0.452266,-0.518122,0.854391,0.0394039,0.00356179
1.77126e+09,0.350469,-0.05529,0.452404,-0.519759,0.853428,0.0387655,0.00298797
1.77126e+09,0.349576,-0.0531614,0.452265,-0.521784,0.852244,0.0376234,0.00232429
1.77126e+09,0.348703,-0.0509118,0.45209,-0.523926,0.850987,0.0363274,0.00160107
1.77126e+09,0.348064,-0.0487969,0.452447,-0.525966,0.849797,0.0346981,0.00131739
1.77126e+09,0.347571,-0.0467254,0.452639,-0.527971,0.848612,0.033219,0.000801926
1.77126e+09,0.34714,-0.0445037,0.452402,-0.530099,0.847334,0.0319425,-0.00025806
1.77126e+09,0.346902,-0.0423684,0.452159,-0.532137,0.846101,0.030677,-0.0014343
1.77126e+09,0.346851,-0.0404024,0.452314,-0.534036,0.844953,0.0292409,-0.00223065
1.77126e+09,0.346801,-0.0383464,0.452503,-0.536021,0.843744,0.0277168,-0.00303335
1.77126e+09,0.346648,-0.0361839,0.452461,-0.53809,0.842468,0.0262809,-0.00406144
1.77126e+09,0.346505,-0.0338484,0.452468,-0.54032,0.841082,0.0246602,-0.00515009
1.77126e+09,0.346469,-0.0314638,0.4526,-0.542618,0.839643,0.0229619,-0.00616129
1.77126e+09,0.346505,-0.0288532,0.452766,-0.545126,0.838056,0.0211384,-0.00724372
1.77126e+09,0.346632,-0.0264354,0.452883,-0.547451,0.836569,0.0195139,-0.00831237
1.77126e+09,0.346775,-0.0239776,0.452976,-0.549761,0.835078,0.017866,-0.00943771
1.77126e+09,0.346898,-0.0216617,0.453063,-0.551951,0.83365,0.0163863,-0.0104259
1.77126e+09,0.347009,-0.0192756,0.453146,-0.554195,0.832175,0.0149194,-0.0114034
1.77126e+09,0.347097,-0.017169,0.453211,-0.556173,0.830864,0.0136285,-0.0122632
1.77126e+09,0.347171,-0.0150534,0.453271,-0.558116,0.829567,0.0123288,-0.0131311
1.77126e+09,0.347239,-0.0130356,0.453314,-0.559922,0.828353,0.0111215,-0.0139452
1.77126e+09,0.347294,-0.0109982,0.453388,-0.56177,0.827103,0.00987408,-0.0147071
1.77126e+09,0.347361,-0.00905499,0.45342,-0.563508,0.825921,0.0088039,-0.0153422
1.77126e+09,0.34741,-0.00731843,0.453469,-0.56505,0.824867,0.00792346,-0.0158153
1.77126e+09,0.347482,-0.00578201,0.453526,-0.566519,0.823861,0.00705308,-0.0161359
1.77126e+09,0.347557,-0.00435896,0.453599,-0.567945,0.82288,0.00617839,-0.0164001
1.77126e+09,0.347634,-0.00295033,0.453662,-0.569357,0.821906,0.00533598,-0.0166051
1.77126e+09,0.347693,-0.00147489,0.453681,-0.570926,0.820816,0.00480024,-0.0167661
1.77126e+09,0.347751,6.91716e-05,0.453679,-0.572615,0.819639,0.00448209,-0.0168215
1.77126e+09,0.347831,0.00156543,0.453728,-0.574277,0.81848,0.00419182,-0.0166978
1.77126e+09,0.347947,0.00316214,0.453846,-0.576058,0.817238,0.00396057,-0.0162389
1.77126e+09,0.348103,0.00504516,0.453925,-0.577949,0.815917,0.0041342,-0.0154277
1.77126e+09,0.348402,0.00699752,0.453947,-0.57972,0.814682,0.00442874,-0.014101
1.77126e+09,0.349007,0.00884955,0.453963,-0.581556,0.813405,0.00396845,-0.0122275
1.77126e+09,0.350009,0.0102032,0.453991,-0.582988,0.812418,0.00256366,-0.0097139
1.77126e+09,0.35103,0.0109785,0.45381,-0.583851,0.81182,0.0013919,-0.00796074
1.77126e+09,0.352323,0.0114549,0.453555,-0.584352,0.811479,-3.16576e-05,-0.00581346
1.77126e+09,0.35366,0.0121453,0.453195,-0.58509,0.810958,-0.00131619,-0.00387588
1.77126e+09,0.354625,0.0130828,0.452944,-0.586119,0.810217,-0.00184382,-0.00308532
1.77126e+09,0.354625,0.0130828,0.452944,-0.586119,0.810217,-0.00184382,-0.00308532
1.77126e+09,0.355439,0.0142112,0.453064,-0.587363,0.809317,-0.00242058,-0.00223171
1.77126e+09,0.356114,0.0153757,0.453131,-0.588641,0.808388,-0.00278111,-0.00170226
1.77126e+09,0.356813,0.0166532,0.453019,-0.590044,0.807364,-0.00290782,-0.00152436
1.77126e+09,0.357618,0.0180692,0.453092,-0.591587,0.806234,-0.00299822,-0.00140635
1.77126e+09,0.358553,0.0195959,0.453224,-0.593235,0.805022,-0.00298651,-0.00146074
1.77126e+09,0.359515,0.0210237,0.453179,-0.594761,0.803896,-0.00277072,-0.00183112
1.77126e+09,0.360468,0.0223926,0.453066,-0.59622,0.802814,-0.00251199,-0.00224555
1.77126e+09,0.361499,0.0236053,0.453289,-0.597477,0.801878,-0.00241622,-0.0024303
1.77126e+09,0.362617,0.0248734,0.453807,-0.598765,0.800918,-0.0024984,-0.00234239
1.77126e+09,0.363694,0.026524,0.453825,-0.600431,0.799669,-0.0022862,-0.00274141
1.77126e+09,0.364643,0.0284174,0.453377,-0.602404,0.798181,-0.00184949,-0.00345699
1.77126e+09,0.365677,0.0302735,0.45344,-0.604319,0.796732,-0.00172239,-0.00370724
1.77126e+09,0.366941,0.0322443,0.454044,-0.606305,0.795222,-0.00183045,-0.00358885
1.77126e+09,0.367999,0.0346941,0.454057,-0.608734,0.793364,-0.00145508,-0.00392507
1.77126e+09,0.368949,0.0370025,0.453755,-0.61106,0.79157,-0.00101341,-0.00459737
1.77126e+09,0.370057,0.0390318,0.454013,-0.61307,0.790014,-0.000920461,-0.00476592
1.77126e+09,0.371196,0.0410451,0.454339,-0.614961,0.788543,-0.000755695,-0.00479669
1.77126e+09,0.371988,0.0431453,0.454087,-0.616935,0.786996,-0.000223313,-0.00525774
1.77126e+09,0.372783,0.0451355,0.453961,-0.618874,0.78547,4.54652e-05,-0.0056638
1.77126e+09,0.373734,0.0467902,0.454337,-0.620395,0.784269,6.0125e-05,-0.00559488
1.77126e+09,0.374509,0.0486329,0.454582,-0.621931,0.783053,0.000473454,-0.00541624
1.77126e+09,0.374994,0.0506111,0.454274,-0.623517,0.781789,0.00136094,-0.00551047
1.77126e+09,0.375476,0.0524559,0.454154,-0.624885,0.780697,0.00214355,-0.00510403
1.77126e+09,0.376004,0.0543915,0.454529,-0.626026,0.779786,0.00317249,-0.0038605
1.77126e+09,0.376433,0.056681,0.454924,-0.626974,0.779018,0.00529384,-0.00232387
1.77126e+09,0.376775,0.0592811,0.455086,-0.627857,0.778285,0.00823217,-0.000711219
1.77126e+09,0.377041,0.0619959,0.454887,-0.628603,0.777636,0.0118198,0.000828816
1.77126e+09,0.377377,0.0645872,0.454661,-0.629173,0.77711,0.0153447,0.00250403
1.77126e+09,0.377802,0.0665799,0.45479,-0.630043,0.776365,0.0169632,0.00379341
1.77126e+09,0.378022,0.0681475,0.454966,-0.631468,0.775204,0.0170167,0.00404729
1.77126e+09,0.37805,0.0695528,0.455017,-0.632842,0.774085,0.0169676,0.00396443
1.77126e+09,0.378017,0.0707751,0.45499,-0.634015,0.773127,0.0168657,0.00379448
1.77126e+09,0.37798,0.0718998,0.454996,-0.635082,0.772256,0.0166869,0.00364947
1.77126e+09,0.377859,0.0732008,0.455065,-0.636311,0.77125,0.0163849,0.00354502
1.77126e+09,0.377601,0.0746744,0.455116,-0.637712,0.770101,0.0160177,0.00338488
1.77126e+09,0.377281,0.0762638,0.455115,-0.639207,0.768871,0.0155479,0.0030936
1.77126e+09,0.376987,0.0777048,0.455117,-0.640501,0.767807,0.0149248,0.00273021
1.77126e+09,0.376725,0.078967,0.455115,-0.641603,0.7669,0.0142792,0.00236035
1.77126e+09,0.376482,0.0801193,0.455113,-0.642598,0.76608,0.0136419,0.00199823
1.77126e+09,0.376232,0.081301,0.455106,-0.643609,0.765242,0.0129844,0.00161984
1.77126e+09,0.375959,0.0825454,0.455103,-0.644678,0.764354,0.0122973,0.00123046
1.77126e+09,0.375703,0.0837057,0.455099,-0.645673,0.763525,0.0116623,0.000872681
1.77126e+09,0.375461,0.0847895,0.455084,-0.646599,0.762749,0.0111175,0.000550801
1.77126e+09,0.375188,0.0860171,0.455076,-0.647656,0.761861,0.0104643,0.000181396
1.77126e+09,0.374858,0.0874548,0.455068,-0.648907,0.760805,0.00971875,-0.000235728
1.77126e+09,0.374469,0.0891011,0.455062,-0.650339,0.759592,0.00884249,-0.000718785
1.77126e+09,0.374066,0.0907466,0.455085,-0.651767,0.758376,0.00794492,-0.00116118
1.77126e+09,0.373653,0.0923656,0.455107,-0.653155,0.75719,0.00700978,-0.00162969
1.77126e+09,0.373211,0.093981,0.455135,-0.654534,0.756005,0.00610554,-0.00212639
1.77126e+09,0.372789,0.0955136,0.45519,-0.655821,0.754893,0.00529602,-0.00247917
1.77126e+09,0.372347,0.0969277,0.455243,-0.656966,0.753901,0.00461926,-0.0028075
1.77126e+09,0.371867,0.0982784,0.45527,-0.657988,0.753011,0.00411238,-0.00301296
1.77126e+09,0.371353,0.0994112,0.455249,-0.658811,0.752292,0.00378321,-0.00313953
1.77126e+09,0.37076,0.100219,0.455181,-0.659444,0.751738,0.00347753,-0.00323589
1.77126e+09,0.370027,0.100878,0.455045,-0.660014,0.751239,0.00315756,-0.00336877
1.77126e+09,0.369226,0.101436,0.454916,-0.660565,0.750756,0.00275551,-0.00349849
1.77126e+09,0.368378,0.101984,0.454949,-0.661077,0.750307,0.00233668,-0.00340931
1.77126e+09,0.36746,0.102507,0.455121,-0.661495,0.74994,0.00201065,-0.0030791
1.77126e+09,0.366408,0.103014,0.455173,-0.66169,0.749769,0.00227167,-0.00264817
1.77126e+09,0.36524,0.103567,0.455041,-0.661648,0.749805,0.00314778,-0.00196529
1.77126e+09,0.363891,0.104023,0.454783,-0.661748,0.749716,0.00365005,-0.00154226
1.77126e+09,0.362401,0.104309,0.454851,-0.66191,0.749574,0.00362189,-0.000895735
1.77126e+09,0.360897,0.104727,0.455166,-0.662265,0.749263,0.00319634,-0.000124745
1.77126e+09,0.35913,0.105217,0.455073,-0.66296,0.748651,0.0023292,-8.77407e-06
1.77126e+09,0.357172,0.105704,0.454693,-0.663743,0.747959,0.0014061,-0.000207836
1.77126e+09,0.355566,0.105976,0.454981,-0.66427,0.747492,0.000384736,0.000330341
1.77126e+09,0.353981,0.105957,0.455102,-0.664516,0.747273,-0.000293412,0.000846993
1.77126e+09,0.352256,0.105736,0.454717,-0.664624,0.747177,-0.000635292,0.000955709
1.77126e+09,0.350662,0.105472,0.454763,-0.66472,0.74709,-0.00125171,0.00147567
1.77126e+09,0.348981,0.105177,0.454739,-0.664802,0.747015,-0.00180956,0.00198391
1.77126e+09,0.347296,0.104961,0.454721,-0.664959,0.746872,-0.00245072,0.0024641
1.77126e+09,0.345664,0.104823,0.454685,-0.665164,0.746685,-0.00312179,0.00286391
1.77126e+09,0.343862,0.104801,0.454412,-0.665502,0.74638,-0.00386572,0.003024
1.77126e+09,0.342291,0.104758,0.454601,-0.665773,0.746131,-0.00476796,0.00363953
1.77126e+09,0.340892,0.104629,0.454832,-0.665932,0.74598,-0.00550881,0.00425004
1.77126e+09,0.339402,0.104179,0.454571,-0.665853,0.746046,-0.00584323,0.00451421
1.77126e+09,0.33813,0.103733,0.45459,-0.665733,0.746146,-0.00627295,0.00505238
1.77126e+09,0.336982,0.103316,0.454734,-0.665619,0.746242,-0.00663166,0.00552301
1.77126e+09,0.335721,0.102864,0.454472,-0.665504,0.746341,-0.00688129,0.0057214
1.77126e+09,0.334633,0.102253,0.454535,-0.665211,0.746594,-0.00716236,0.00636523
1.77126e+09,0.333754,0.1015,0.454872,-0.664747,0.746997,-0.0073745,0.00723051
1.77126e+09,0.332829,0.100588,0.454783,-0.664174,0.747505,-0.00717517,0.00760832
1.77126e+09,0.331898,0.0994244,0.45441,-0.6634,0.748191,-0.00675023,0.00803183
1.77126e+09,0.331263,0.0979639,0.454622,-0.66231,0.749148,-0.00628309,0.00915237
1.77126e+09,0.331,0.0963338,0.455165,-0.660975,0.750311,-0.00573105,0.010584
1.77126e+09,0.331001,0.0946131,0.455415,-0.659494,0.751604,-0.00485403,0.0116384
1.77126e+09,0.33132,0.0927119,0.455473,-0.657826,0.753058,-0.00347851,0.0125101
1.77126e+09,0.331829,0.0908164,0.455473,-0.656114,0.754543,-0.00198929,0.0132455
1.77126e+09,0.332427,0.0886758,0.455414,-0.654174,0.756215,-0.000255474,0.0140069
1.77126e+09,0.333031,0.0865381,0.455299,-0.652216,0.75789,0.0014693,0.0146809
1.77126e+09,0.3337,0.0843118,0.455037,-0.650175,0.759624,0.00340503,0.015239
1.77126e+09,0.3337,0.0843118,0.455037,-0.650175,0.759624,0.00340503,0.015239
1.77126e+09,0.334295,0.0824126,0.454694,-0.648452,0.761078,0.00518431,0.0155968
1.77126e+09,0.334864,0.0806497,0.454346,-0.646838,0.762431,0.00686358,0.0159025
1.77126e+09,0.335353,0.0790632,0.454169,-0.645377,0.763644,0.00828703,0.0163581
1.77126e+09,0.335737,0.0777259,0.454197,-0.644155,0.764649,0.00932508,0.0170003
1.77126e+09,0.336016,0.0765948,0.454245,-0.643116,0.765501,0.010101,0.0175538
1.77126e+09,0.336327,0.0752754,0.454233,-0.641922,0.766476,0.0111142,0.0180929
1.77126e+09,0.336673,0.0738798,0.45419,-0.640648,0.767512,0.0122026,0.0186221
1.77126e+09,0.337102,0.0724039,0.454147,-0.639273,0.768625,0.0133688,0.0191536
1.77126e+09,0.337573,0.0709367,0.454157,-0.637901,0.769728,0.0145351,0.0197333
1.77126e+09,0.338056,0.0693752,0.454181,-0.63646,0.77088,0.0157568,0.0203675
1.77126e+09,0.33849,0.067957,0.45415,-0.635159,0.771918,0.0167791,0.0208348
1.77126e+09,0.338962,0.0666229,0.454137,-0.633962,0.772867,0.017725,0.0213385
1.77126e+09,0.339492,0.0653127,0.454122,-0.632749,0.773823,0.0187464,0.021793
1.77126e+09,0.340046,0.0641082,0.45408,-0.631582,0.774739,0.019794,0.0221673
1.77126e+09,0.34068,0.0628819,0.454061,-0.630389,0.77567,0.0208546,0.0225952
1.77126e+09,0.341333,0.0615863,0.453978,-0.629122,0.776656,0.0219953,0.0229791
1.77126e+09,0.342019,0.0603615,0.453896,-0.627907,0.777598,0.0230965,0.023253
1.77126e+09,0.342725,0.0590984,0.453887,-0.626652,0.778566,0.0241752,0.0236089
1.77126e+09,0.343487,0.0577273,0.453924,-0.625305,0.779598,0.02533,0.0240548
1.77126e+09,0.344343,0.0561256,0.454006,-0.623734,0.780796,0.0266126,0.0246157
1.77126e+09,0.345352,0.0544404,0.454124,-0.622097,0.782039,0.0278925,0.0251537
1.77126e+09,0.346445,0.0524801,0.454036,-0.620263,0.783428,0.0293669,0.0255089
1.77126e+09,0.347522,0.0506561,0.453803,-0.618447,0.784793,0.0309933,0.0257427
1.77126e+09,0.348603,0.0489204,0.453699,-0.61671,0.786088,0.0324888,0.0260776
1.77126e+09,0.349643,0.0473621,0.453765,-0.615151,0.787242,0.0337176,0.0265087
1.77126e+09,0.350669,0.0459397,0.453914,-0.613733,0.788288,0.034752,0.0269381
1.77126e+09,0.351928,0.0444495,0.454082,-0.612306,0.789346,0.03569,0.0272306
1.77126e+09,0.353278,0.0429224,0.453948,-0.610809,0.790457,0.036774,0.0271471
1.77126e+09,0.354612,0.0413759,0.453578,-0.609224,0.791624,0.0380927,0.0269472
1.77126e+09,0.356054,0.0398092,0.45368,-0.607608,0.792798,0.0392554,0.0272378
1.77126e+09,0.357655,0.0380834,0.453996,-0.605843,0.794078,0.040329,0.0277043
1.77126e+09,0.359088,0.0361786,0.453778,-0.604026,0.795399,0.0415769,0.0276467
1.77126e+09,0.360401,0.0341074,0.453357,-0.602261,0.796692,0.0426477,0.0272849
1.77126e+09,0.361835,0.0320603,0.453485,-0.600625,0.797894,0.0432054,0.0273451
1.77126e+09,0.363328,0.0298371,0.453912,-0.598919,0.799147,0.0435189,0.0276925
1.77126e+09,0.364463,0.0275281,0.453624,-0.597275,0.800364,0.0439738,0.0273055
1.77126e+09,0.365353,0.025098,0.452993,-0.596017,0.801348,0.0438049,0.0261976
1.77126e+09,0.366199,0.0227933,0.452962,-0.595255,0.802007,0.0425975,0.0253159
1.77126e+09,0.367065,0.0206942,0.453399,-0.594796,0.80246,0.0408023,0.0246952
1.77126e+09,0.367729,0.0185607,0.453471,-0.594485,0.802818,0.0389118,0.0235955
1.77126e+09,0.368239,0.016288,0.452957,-0.594307,0.803098,0.0369144,0.0216931
1.77126e+09,0.368845,0.0144759,0.452706,-0.59412,0.803345,0.0353056,0.0202922
1.77126e+09,0.369554,0.0130174,0.452991,-0.593508,0.803835,0.0345557,0.020076
1.77126e+09,0.370116,0.011684,0.453121,-0.592539,0.80454,0.034684,0.0202381
1.77126e+09,0.370553,0.0103202,0.453055,-0.591433,0.805333,0.0350827,0.0203571
1.77126e+09,0.370984,0.00886654,0.45305,-0.590274,0.806163,0.0353712,0.0206611
1.77126e+09,0.371511,0.00700528,0.4532,-0.589099,0.807022,0.035245,0.0208738
1.77126e+09,0.372173,0.00477967,0.453448,-0.588308,0.807665,0.0339768,0.0203906
1.77126e+09,0.372891,0.00230717,0.453511,-0.587854,0.808111,0.0319117,0.0191336
1.77126e+09,0.373652,-0.000446002,0.45311,-0.587884,0.80826,0.0288646,0.0165934
1.77126e+09,0.374502,-0.0030162,0.452622,-0.588353,0.808098,0.0252342,0.0134829
1.77126e+09,0.375415,-0.00512991,0.452563,-0.588911,0.807833,0.0217002,0.0109459
1.77126e+09,0.376397,-0.0068894,0.452792,-0.588912,0.807908,0.0193912,0.00951114
1.77126e+09,0.377426,-0.00832354,0.452971,-0.58842,0.808299,0.018373,0.00876905
1.77126e+09,0.378499,-0.00945742,0.452946,-0.587425,0.809018,0.0186858,0.00855129
1.77126e+09,0.37963,-0.0106528,0.452828,-0.586252,0.809856,0.0192891,0.00839489
1.77126e+09,0.380806,-0.0119534,0.453072,-0.585004,0.810746,0.0196311,0.00871219
1.77126e+09,0.382175,-0.0133142,0.453581,-0.583755,0.81164,0.0197294,0.00907404
1.77126e+09,0.38361,-0.014817,0.453615,-0.582536,0.812518,0.0197031,0.00881936
1.77126e+09,0.384907,-0.016446,0.453173,-0.581398,0.813343,0.0195934,0.00810707
1.77126e+09,0.386444,-0.0182508,0.453122,-0.580188,0.81422,0.019253,0.00759755
1.77126e+09,0.387999,-0.0199189,0.453316,-0.578883,0.815152,0.0191444,0.00737718
1.77126e+09,0.389386,-0.0215626,0.453263,-0.577524,0.816114,0.0193318,0.00708762
1.77126e+09,0.390869,-0.0233003,0.453369,-0.576077,0.817134,0.0194816,0.00688696
1.77126e+09,0.392214,-0.0249906,0.453358,-0.574588,0.818175,0.019814,0.00671903
1.77126e+09,0.393427,-0.0266364,0.453128,-0.573074,0.819226,0.0202622,0.00658052
1.77126e+09,0.394726,-0.0282311,0.453299,-0.5717,0.820186,0.0201976,0.00680392
1.77126e+09,0.395953,-0.0299489,0.453571,-0.570356,0.821125,0.0199536,0.00707083
1.77126e+09,0.396819,-0.031708,0.453268,-0.569014,0.822056,0.0199636,0.00689273
1.77126e+09,0.397598,-0.0334404,0.452859,-0.56788,0.822855,0.0194122,0.00679039
1.77126e+09,0.398607,-0.0351653,0.452949,-0.5672,0.823367,0.0171924,0.00747361
1.77126e+09,0.399489,-0.0369689,0.45305,-0.567057,0.823525,0.0140632,0.00746987
1.77126e+09,0.399986,-0.0385988,0.452868,-0.56691,0.823667,0.0121589,0.00616803
1.77126e+09,0.400463,-0.0398493,0.45276,-0.566445,0.824004,0.0113631,0.00536419
1.77126e+09,0.401061,-0.0408148,0.452928,-0.565675,0.824535,0.0112355,0.00534638
1.77126e+09,0.401604,-0.0416854,0.452946,-0.564843,0.825103,0.0113284,0.00528424
1.77126e+09,0.402104,-0.0428352,0.452874,-0.563719,0.825871,0.0114574,0.00516612
1.77126e+09,0.402531,-0.0441821,0.452981,-0.562404,0.826767,0.0113369,0.00541866
1.77126e+09,0.40292,-0.0460121,0.453142,-0.560647,0.827958,0.011264,0.00577822
1.77126e+09,0.403262,-0.0477898,0.453225,-0.559021,0.829057,0.0112624,0.00582699
1.77126e+09,0.40364,-0.0494665,0.453234,-0.557698,0.829949,0.0111866,0.00570663
1.77126e+09,0.404081,-0.0510275,0.453148,-0.55679,0.830568,0.0107353,0.0051845
1.77126e+09,0.404574,-0.052515,0.453067,-0.556541,0.830759,0.00927157,0.00395211
1.77126e+09,0.405064,-0.0541214,0.452872,-0.556435,0.830853,0.00751705,0.00249725
1.77126e+09,0.405502,-0.055737,0.452785,-0.55652,0.830816,0.00541046,0.000867321
1.77126e+09,0.405898,-0.0573003,0.452905,-0.556517,0.830829,0.00341072,-0.000442829
1.77126e+09,0.40632,-0.0587218,0.453108,-0.556022,0.831164,0.00232301,-0.00103267
1.77126e+09,0.406829,-0.0600414,0.45332,-0.554913,0.831905,0.00236777,-0.000829487
1.77126e+09,0.407489,-0.0616887,0.453446,-0.553433,0.832889,0.00269892,-0.00057644
1.77126e+09,0.408204,-0.0634507,0.453255,-0.551842,0.833943,0.0031825,-0.000538634
1.77126e+09,0.409021,-0.0651219,0.453049,-0.550322,0.834945,0.00348046,-0.000406133
1.77126e+09,0.410052,-0.0665832,0.453319,-0.549028,0.835798,0.00323214,0.000202778
1.77126e+09,0.411194,-0.0680958,0.453797,-0.547689,0.836677,0.00295015,0.000731039
1.77126e+09,0.412244,-0.0694982,0.453656,-0.546417,0.837508,0.00308048,0.000556977
1.77126e+09,0.413292,-0.0708164,0.453114,-0.545195,0.838303,0.00322705,0.000213859
1.77126e+09,0.414738,-0.0721576,0.4533,-0.543983,0.839092,0.00235356,0.0011156
1.77126e+09,0.416771,-0.0739213,0.453914,-0.542413,0.840105,0.00046088,0.0033807
1.77126e+09,0.418592,-0.0759407,0.453541,-0.540586,0.841272,-0.000856095,0.00522381
1.77126e+09,0.418592,-0.0759407,0.453541,-0.540586,0.841272,-0.000856095,0.00522381
1.77126e+09,0.419974,-0.078169,0.452751,-0.538572,0.84256,-0.000967305,0.00556675
1.77126e+09,0.421547,-0.08035,0.453121,-0.536649,0.843781,-0.00149856,0.00623945
1.77126e+09,0.422907,-0.0825449,0.453594,-0.534733,0.844993,-0.00175433,0.0066048
1.77126e+09,0.42411,-0.0846611,0.453652,-0.532862,0.846175,-0.00168606,0.00647741
1.77126e+09,0.42535,-0.0866449,0.453622,-0.531115,0.847276,-0.00164,0.006201
1.77126e+09,0.426322,-0.088499,0.453437,-0.529463,0.848311,-0.00145692,0.00588308
1.77126e+09,0.427287,-0.0902203,0.453628,-0.52796,0.849248,-0.00153275,0.00590142
1.77126e+09,0.428219,-0.0919664,0.453962,-0.526436,0.850192,-0.00173487,0.00603371
1.77126e+09,0.428734,-0.0936812,0.453796,-0.524886,0.851151,-0.00154544,0.00584896
1.77126e+09,0.429,-0.0955349,0.453573,-0.523186,0.852197,-0.00134091,0.00581846
1.77126e+09,0.429169,-0.0975141,0.453771,-0.521358,0.853315,-0.00139609,0.00606511
1.77126e+09,0.429186,-0.0996081,0.454047,-0.519409,0.854501,-0.00145909,0.00636315
1.77126e+09,0.428941,-0.101678,0.45403,-0.517422,0.855705,-0.00136561,0.00640436
1.77126e+09,0.428515,-0.10363,0.453886,-0.515503,0.856863,-0.00121783,0.00632926
1.77126e+09,0.428061,-0.105466,0.453899,-0.513668,0.857965,-0.00123287,0.00633741
1.77126e+09,0.427653,-0.107034,0.453905,-0.512095,0.858905,-0.00122837,0.00632634
1.77126e+09,0.427358,-0.10805,0.453865,-0.51107,0.859516,-0.00112306,0.00618458
1.77126e+09,0.427156,-0.108682,0.453838,-0.510432,0.859896,-0.00104464,0.00608978
1.77126e+09,0.427002,-0.108926,0.45378,-0.510174,0.860051,-0.000851422,0.0058654
1.77126e+09,0.426896,-0.109046,0.453756,-0.51005,0.860125,-0.000702128,0.00570735
1.77126e+09,0.426745,-0.109106,0.453732,-0.509976,0.86017,-0.000550729,0.00559904
1.77126e+09,0.426523,-0.109273,0.453713,-0.509791,0.86028,-0.000432307,0.00559357
1.77126e+09,0.426138,-0.109532,0.453636,-0.509505,0.860449,-0.000216743,0.00556168
1.77126e+09,0.425592,-0.109934,0.453536,-0.509057,0.860714,-1.04497e-05,0.00566694
1.77126e+09,0.424823,-0.110281,0.453416,-0.508647,0.860955,0.00028316,0.00587242
1.77126e+09,0.423827,-0.110421,0.45336,-0.508434,0.861078,0.000636095,0.00628299
1.77126e+09,0.422703,-0.110367,0.453422,-0.508408,0.861089,0.00100464,0.00685427
1.77126e+09,0.421533,-0.110094,0.453393,-0.508592,0.860976,0.00157564,0.00720082
1.77126e+09,0.420212,-0.109733,0.453272,-0.50884,0.860824,0.00217546,0.00765266
1.77126e+09,0.418718,-0.109342,0.45315,-0.509111,0.860656,0.00276307,0.0083195
1.77126e+09,0.417186,-0.108939,0.453175,-0.509404,0.860474,0.00334284,0.00904253
1.77126e+09,0.415281,-0.108342,0.452806,-0.509825,0.860216,0.0044003,0.00933505
1.77126e+09,0.413437,-0.10782,0.452727,-0.510209,0.859974,0.00506262,0.0102537
1.77126e+09,0.411694,-0.107225,0.452994,-0.51068,0.859678,0.00547856,0.0113855
1.77126e+09,0.409709,-0.10647,0.452521,-0.511239,0.859332,0.00639668,0.01191
1.77126e+09,0.407936,-0.105725,0.452572,-0.511839,0.858957,0.00685977,0.012904
1.77126e+09,0.406054,-0.104986,0.45247,-0.512417,0.858593,0.00745601,0.0138215
1.77126e+09,0.404258,-0.104237,0.452549,-0.513021,0.858212,0.00794155,0.014793
1.77126e+09,0.402465,-0.103318,0.452337,-0.51377,0.857747,0.00854281,0.0154526
1.77126e+09,0.400846,-0.102275,0.452404,-0.51466,0.857195,0.00885444,0.0162318
1.77126e+09,0.399372,-0.101161,0.452396,-0.515625,0.856602,0.00918221,0.0167308
1.77126e+09,0.3979,-0.0999452,0.452326,-0.516674,0.855956,0.00940558,0.0172984
1.77126e+09,0.396841,-0.0988466,0.45267,-0.517668,0.855344,0.00930853,0.0179158
1.77126e+09,0.395708,-0.097426,0.452709,-0.518944,0.854569,0.00951034,0.0178565
1.77126e+09,0.394465,-0.0958529,0.452324,-0.520328,0.853727,0.00977954,0.0176881
1.77126e+09,0.393537,-0.0946274,0.452357,-0.521429,0.85305,0.00966831,0.0179959
1.77126e+09,0.392624,-0.0935104,0.452495,-0.522438,0.852426,0.00954538,0.0183815
1.77126e+09,0.391546,-0.0925366,0.452159,-0.523281,0.851903,0.00978256,0.0184888
1.77126e+09,0.390647,-0.0915902,0.452194,-0.52413,0.851374,0.00972275,0.0188548
1.77126e+09,0.390129,-0.0908711,0.452584,-0.524806,0.85095,0.00939797,0.0193724
1.77126e+09,0.38969,-0.0902656,0.452735,-0.525367,0.850601,0.00928724,0.0195268
1.77126e+09,0.389413,-0.0900281,0.452772,-0.525582,0.850466,0.00929463,0.0196289
1.77126e+09,0.38937,-0.0900397,0.452867,-0.525567,0.850473,0.00925374,0.0197624
1.77126e+09,0.389373,-0.0900536,0.452845,-0.525552,0.850482,0.00927132,0.0197385
1.77126e+09,0.389382,-0.0900499,0.452867,-0.525556,0.850479,0.00925883,0.0197663
1.77126e+09,0.389388,-0.0900654,0.452841,-0.525533,0.850493,0.00928741,0.0197416
1.77126e+09,0.389407,-0.0900758,0.45282,-0.525523,0.8505,0.00930276,0.019719
1.77126e+09,0.389435,-0.0900818,0.452883,-0.525517,0.850503,0.00925496,0.019771
1.77126e+09,0.389479,-0.0901039,0.452991,-0.525498,0.850513,0.00919406,0.0198703
1.77126e+09,0.389492,-0.0901052,0.452988,-0.525497,0.850514,0.00918878,0.0198703
1.77126e+09,0.389532,-0.0901218,0.453096,-0.525479,0.850523,0.00912299,0.0199769
1.77126e+09,0.389562,-0.0901313,0.453177,-0.525468,0.850528,0.00907832,0.020052
1.77126e+09,0.389568,-0.0901191,0.453185,-0.525485,0.850518,0.00906542,0.0200654
1.77126e+09,0.389569,-0.0901326,0.453187,-0.525451,0.850538,0.00909762,0.0200891
1.77126e+09,0.389615,-0.0901527,0.453322,-0.525422,0.850554,0.00901893,0.0202323
1.77126e+09,0.389779,-0.090254,0.453777,-0.525359,0.850586,0.00867056,0.0206718
1.77126e+09,0.389874,-0.0903455,0.454,-0.525292,0.850624,0.00853058,0.0208623
1.77126e+09,0.389875,-0.0903431,0.453999,-0.525291,0.850624,0.00853081,0.0208605
1.77126e+09,0.389874,-0.0903506,0.453995,-0.525285,0.850628,0.00853502,0.0208603
1.77126e+09,0.389875,-0.0903485,0.453995,-0.525287,0.850626,0.00853415,0.0208597
1.77126e+09,0.389875,-0.0903471,0.453997,-0.525289,0.850626,0.0085342,0.0208618
1.77126e+09,0.389874,-0.090351,0.453993,-0.525286,0.850627,0.00853866,0.0208601
1.77126e+09,0.389874,-0.0903528,0.453998,-0.525284,0.850628,0.00853579,0.0208647
1.77126e+09,0.389875,-0.0903494,0.453996,-0.525287,0.850626,0.00853661,0.020864
1.77126e+09,0.389877,-0.0903476,0.454,-0.525286,0.850627,0.00853344,0.0208692
1.77126e+09,0.389876,-0.0903496,0.453997,-0.525287,0.850627,0.00853646,0.0208654
1.77126e+09,0.389877,-0.0903499,0.453999,-0.525281,0.85063,0.00853351,0.0208706
1.77126e+09,0.389878,-0.09035,0.453999,-0.525279,0.850631,0.00853319,0.0208696
1.77126e+09,0.389877,-0.0903498,0.453999,-0.525283,0.850629,0.00853351,0.0208706
1.77126e+09,0.389877,-0.0903501,0.454,-0.525284,0.850628,0.00853282,0.0208706
1.77126e+09,0.389878,-0.0903531,0.454,-0.525279,0.850631,0.00853203,0.0208721
1.77126e+09,0.389878,-0.0903501,0.454001,-0.525282,0.85063,0.00853132,0.0208744
1.77126e+09,0.389877,-0.0903528,0.454001,-0.525279,0.850631,0.00853346,0.020876
1.77126e+09,0.389879,-0.0903495,0.454002,-0.525282,0.850629,0.00852914,0.0208762
1.77126e+09,0.38988,-0.0903489,0.454003,-0.525284,0.850628,0.00852759,0.0208761
1.77126e+09,0.38988,-0.0903499,0.454005,-0.525285,0.850627,0.00852617,0.0208787
1.77126e+09,0.389881,-0.0903512,0.454004,-0.525281,0.85063,0.00852416,0.0208812
1.77126e+09,0.389882,-0.0903502,0.454008,-0.525281,0.850629,0.00852297,0.0208869
1.77126e+09,0.389881,-0.0903492,0.454008,-0.525286,0.850627,0.00852168,0.0208871
1.77126e+09,0.389883,-0.0903484,0.45401,-0.525286,0.850626,0.0085204,0.0208889
1.77126e+09,0.389883,-0.0903485,0.454009,-0.525287,0.850626,0.00852045,0.020888
1.77126e+09,0.389882,-0.0903515,0.454009,-0.525279,0.850631,0.00852288,0.0208886
1.77126e+09,0.389882,-0.0903515,0.454009,-0.525279,0.850631,0.00852288,0.0208886
1.77126e+09,0.389883,-0.0903509,0.454012,-0.525284,0.850628,0.0085182,0.0208923
1.77126e+09,0.389883,-0.09035,0.454014,-0.525284,0.850628,0.00851786,0.0208936
1.77126e+09,0.389883,-0.090352,0.454012,-0.525279,0.850631,0.00851924,0.0208923
1.77126e+09,0.389884,-0.0903515,0.454014,-0.525282,0.850629,0.00851765,0.0208928
1.77126e+09,0.389884,-0.0903514,0.454015,-0.525284,0.850628,0.00851639,0.0208954
1.77126e+09,0.389885,-0.0903505,0.454015,-0.525285,0.850627,0.00851588,0.0208948
1.77126e+09,0.389885,-0.090353,0.454015,-0.525282,0.850629,0.00851611,0.020895
1.77126e+09,0.389884,-0.0903525,0.454014,-0.525279,0.850631,0.00851615,0.0208949
1.77126e+09,0.389885,-0.0903531,0.454017,-0.525279,0.850631,0.00851273,0.0208978
