time,x,y,z,qx,qy,qz,qw,fx,fy,fz
0.0,0.186109,-0.013962,0.490188,0.923545,-0.383376,-0.0082994,-0.00435198,1.36086,0.482351,-0.198546
0.0,0.186109,-0.013962,0.490188,0.923545,-0.383376,-0.0082994,-0.00435198,1.36086,0.482351,-0.198546
0.01,0.186109,-0.0139613,0.49019,0.923543,-0.383379,-0.00829745,-0.00435074,1.38875,0.486513,-0.203392
0.02,0.186109,-0.0139613,0.49019,0.923543,-0.383379,-0.00829745,-0.00435074,1.38875,0.486513,-0.203392
0.02,0.186109,-0.0139613,0.49019,0.923543,-0.383379,-0.00829745,-0.00435074,1.35694,0.47766,-0.212929
0.02,0.186109,-0.0139617,0.49019,0.923543,-0.383381,-0.00829696,-0.00435298,1.35694,0.47766,-0.212929
0.03,0.186109,-0.0139617,0.49019,0.923543,-0.383381,-0.00829696,-0.00435298,1.35086,0.468805,-0.208032
0.04,0.18611,-0.0139635,0.49019,0.923543,-0.383382,-0.00829896,-0.00435358,1.33299,0.476988,-0.206168
0.04,0.18611,-0.0139635,0.49019,0.923543,-0.383382,-0.00829896,-0.00435358,1.33299,0.476988,-0.206168
0.04,0.18611,-0.0139635,0.49019,0.923543,-0.383382,-0.00829896,-0.00435358,1.35233,0.486038,-0.216133
0.05,0.18611,-0.013963,0.490191,0.923542,-0.383383,-0.00829738,-0.00435258,1.35233,0.486038,-0.216133
0.06,0.18611,-0.013963,0.490191,0.923542,-0.383383,-0.00829738,-0.00435258,1.36238,0.493435,-0.191251
0.06,0.18611,-0.0139607,0.490189,0.923543,-0.383381,-0.00829745,-0.00434949,1.37608,0.473828,-0.184023
0.06,0.18611,-0.0139607,0.490189,0.923543,-0.383381,-0.00829745,-0.00434949,1.37608,0.473828,-0.184023
0.07,0.18611,-0.0139607,0.490189,0.923543,-0.383381,-0.00829745,-0.00434949,1.36437,0.472363,-0.189787
0.08,0.186109,-0.0139616,0.490189,0.923543,-0.383379,-0.00829767,-0.00435074,1.36437,0.472363,-0.189787
0.08,0.186109,-0.0139616,0.490189,0.923543,-0.383379,-0.00829767,-0.00435074,1.34518,0.472808,-0.195215
0.08,0.18611,-0.0139621,0.490191,0.923543,-0.383381,-0.00829738,-0.0043541,1.35053,0.447395,-0.196938
0.09,0.18611,-0.0139621,0.490191,0.923543,-0.383381,-0.00829738,-0.0043541,1.35053,0.447395,-0.196938
0.1,0.18611,-0.0139621,0.490191,0.923543,-0.383381,-0.00829738,-0.0043541,1.34942,0.456015,-0.206091
0.1,0.186109,-0.0139618,0.490189,0.923541,-0.383384,-0.00829883,-0.00435338,1.34942,0.456015,-0.206091
0.1,0.186109,-0.0139618,0.490189,0.923541,-0.383384,-0.00829883,-0.00435338,1.35571,0.483345,-0.195951
0.11,0.18611,-0.0139621,0.490189,0.923543,-0.38338,-0.00829951,-0.00435377,1.35571,0.483345,-0.195951
0.12,0.18611,-0.0139621,0.490189,0.923543,-0.38338,-0.00829951,-0.00435377,1.36968,0.491407,-0.186757
0.12,0.18611,-0.0139621,0.490189,0.923543,-0.38338,-0.00829951,-0.00435377,1.38142,0.473569,-0.187581
0.12,0.186109,-0.0139608,0.490188,0.923545,-0.383375,-0.0082967,-0.00434999,1.38142,0.473569,-0.187581
0.13,0.186109,-0.0139608,0.490188,0.923545,-0.383375,-0.0082967,-0.00434999,1.37008,0.477715,-0.198872
0.14,0.186109,-0.0139608,0.490188,0.923545,-0.383375,-0.0082967,-0.00434999,1.37008,0.477715,-0.198872
0.14,0.186109,-0.013961,0.490191,0.923545,-0.383376,-0.00829535,-0.00435347,1.35522,0.49163,-0.208837
0.14,0.186109,-0.013961,0.490191,0.923545,-0.383376,-0.00829535,-0.00435347,1.39363,0.484595,-0.19374
0.15,0.186109,-0.0139615,0.490188,0.923545,-0.383376,-0.00829967,-0.00435192,1.39363,0.484595,-0.19374
0.16,0.186109,-0.0139615,0.490188,0.923545,-0.383376,-0.00829967,-0.00435192,1.37314,0.468469,-0.182671
0.16,0.186109,-0.0139615,0.490188,0.923545,-0.383376,-0.00829967,-0.00435192,1.37314,0.468469,-0.182671
0.16,0.186109,-0.0139615,0.490189,0.923543,-0.383381,-0.00829887,-0.00435133,1.364,0.463242,-0.19145
0.17,0.186109,-0.0139615,0.490189,0.923543,-0.383381,-0.00829887,-0.00435133,1.35769,0.471843,-0.201505
0.18,0.186108,-0.0139621,0.49019,0.923543,-0.383381,-0.0082961,-0.00435322,1.35769,0.471843,-0.201505
0.18,0.186108,-0.0139621,0.49019,0.923543,-0.383381,-0.0082961,-0.00435322,1.292,0.468947,-0.197922
0.18,0.186108,-0.0139621,0.49019,0.923543,-0.383381,-0.0082961,-0.00435322,1.292,0.468947,-0.197922
0.19,0.186108,-0.0139623,0.49019,0.923544,-0.383378,-0.00829437,-0.00435344,1.40325,0.472991,-0.208279
0.2,0.186108,-0.0139623,0.49019,0.923544,-0.383378,-0.00829437,-0.00435344,1.40325,0.472991,-0.208279
0.2,0.186108,-0.0139613,0.49019,0.923543,-0.38338,-0.008294,-0.00435137,1.38038,0.465219,-0.217728
0.2,0.186108,-0.0139613,0.49019,0.923543,-0.38338,-0.008294,-0.00435137,1.40176,0.469116,-0.19348
0.21,0.186108,-0.0139613,0.49019,0.923543,-0.38338,-0.008294,-0.00435137,1.40176,0.469116,-0.19348
0.22,0.186107,-0.0139602,0.490192,0.923545,-0.383377,-0.00829117,-0.00435202,1.37456,0.468307,-0.183774
0.22,0.186107,-0.0139602,0.490192,0.923545,-0.383377,-0.00829117,-0.00435202,1.37456,0.468307,-0.183774
0.22,0.186109,-0.0139608,0.49019,0.923544,-0.383379,-0.00829545,-0.00435167,1.37967,0.475134,-0.190669
0.23,0.186109,-0.0139608,0.49019,0.923544,-0.383379,-0.00829545,-0.00435167,1.36878,0.475202,-0.203162
0.24,0.186109,-0.0139608,0.49019,0.923544,-0.383379,-0.00829545,-0.00435167,1.36878,0.475202,-0.203162
0.24,0.186108,-0.0139611,0.490193,0.923544,-0.383378,-0.00828923,-0.00435263,1.38196,0.445656,-0.20147
0.24,0.186108,-0.0139611,0.490193,0.923544,-0.383378,-0.00828923,-0.00435263,1.38196,0.445656,-0.20147
0.25,0.186109,-0.0139614,0.490192,0.923545,-0.383377,-0.00829159,-0.00435351,1.37605,0.466525,-0.209256
0.26,0.186109,-0.0139614,0.490192,0.923545,-0.383377,-0.00829159,-0.00435351,1.38823,0.480917,-0.197896
0.26,0.186109,-0.0139614,0.490192,0.923545,-0.383377,-0.00829159,-0.00435351,1.38823,0.480917,-0.197896
0.26,0.186109,-0.0139606,0.490194,0.923543,-0.38338,-0.00828846,-0.00435209,1.38882,0.470671,-0.187366
0.27,0.186109,-0.0139606,0.490194,0.923543,-0.38338,-0.00828846,-0.00435209,1.38882,0.470671,-0.187366
0.28,0.186108,-0.0139606,0.490192,0.923545,-0.383376,-0.00829011,-0.00435464,1.42824,0.484999,-0.184477
0.28,0.186108,-0.0139606,0.490192,0.923545,-0.383376,-0.00829011,-0.00435464,1.42824,0.484999,-0.184477
0.29,0.186108,-0.0139606,0.490192,0.923545,-0.383376,-0.00829011,-0.00435464,1.39131,0.493135,-0.192202
0.29,0.186108,-0.0139603,0.490192,0.923546,-0.383374,-0.00828964,-0.00435591,1.35319,0.483868,-0.19776
0.3,0.186108,-0.0139603,0.490192,0.923546,-0.383374,-0.00828964,-0.00435591,1.35319,0.483868,-0.19776
0.3,0.186108,-0.0139615,0.490193,0.923543,-0.383381,-0.00829022,-0.00435393,1.38623,0.495286,-0.207333
0.3,0.186108,-0.0139615,0.490193,0.923543,-0.383381,-0.00829022,-0.00435393,1.38623,0.495286,-0.207333
0.31,0.186108,-0.0139615,0.490193,0.923543,-0.383381,-0.00829022,-0.00435393,1.33614,0.499464,-0.201459
0.32,0.186107,-0.0139624,0.49019,0.923543,-0.38338,-0.00829179,-0.00435561,1.34865,0.498585,-0.184747
0.32,0.186107,-0.0139624,0.49019,0.923543,-0.38338,-0.00829179,-0.00435561,1.34865,0.498585,-0.184747
0.32,0.186107,-0.0139624,0.49019,0.923543,-0.38338,-0.00829179,-0.00435561,1.3492,0.500976,-0.179766
0.33,0.186108,-0.0139611,0.490191,0.923543,-0.38338,-0.0082902,-0.00435316,1.3492,0.500976,-0.179766
0.34,0.186108,-0.0139611,0.490191,0.923543,-0.38338,-0.0082902,-0.00435316,1.36604,0.498945,-0.185335
0.34,0.186108,-0.0139616,0.490192,0.923545,-0.383376,-0.00828959,-0.0043532,1.37261,0.493621,-0.174776
0.34,0.186108,-0.0139616,0.490192,0.923545,-0.383376,-0.00828959,-0.0043532,1.37261,0.493621,-0.174776
0.35,0.186108,-0.0139616,0.490192,0.923545,-0.383376,-0.00828959,-0.0043532,1.37401,0.506842,-0.196374
0.36,0.186107,-0.013962,0.490196,0.923543,-0.383381,-0.00828563,-0.00435779,1.37401,0.506842,-0.196374
0.36,0.186107,-0.013962,0.490196,0.923543,-0.383381,-0.00828563,-0.00435779,1.50228,0.477197,-0.206439
0.36,0.186108,-0.0139615,0.490195,0.923546,-0.383374,-0.0082852,-0.00435634,1.50228,0.477197,-0.206439
0.37,0.186108,-0.0139615,0.490195,0.923546,-0.383374,-0.0082852,-0.00435634,1.31953,0.474208,-0.202009
0.38,0.186108,-0.0139615,0.490195,0.923546,-0.383374,-0.0082852,-0.00435634,1.36848,0.477678,-0.203496
0.38,0.186108,-0.0139606,0.490193,0.923544,-0.383378,-0.00828718,-0.00435854,1.36848,0.477678,-0.203496
0.38,0.186108,-0.0139606,0.490193,0.923544,-0.383378,-0.00828718,-0.00435854,1.34244,0.480534,-0.196958
0.39,0.186108,-0.0139615,0.490195,0.923545,-0.383376,-0.00828491,-0.00435676,1.34244,0.480534,-0.196958
0.4,0.186108,-0.0139615,0.490195,0.923545,-0.383376,-0.00828491,-0.00435676,1.34114,0.494439,-0.202404
0.4,0.186108,-0.0139615,0.490195,0.923545,-0.383376,-0.00828491,-0.00435676,1.33639,0.491885,-0.175305
0.4,0.186108,-0.0139603,0.490196,0.923543,-0.38338,-0.00828166,-0.0043567,1.33639,0.491885,-0.175305
0.41,0.186108,-0.0139603,0.490196,0.923543,-0.38338,-0.00828166,-0.0043567,1.33381,0.441899,-0.163371
0.42,0.186108,-0.0139619,0.490199,0.923545,-0.383377,-0.00827897,-0.00436052,1.33381,0.441899,-0.163371
0.42,0.186108,-0.0139619,0.490199,0.923545,-0.383377,-0.00827897,-0.00436052,1.36754,0.457482,-0.215256
0.42,0.186108,-0.0139619,0.490199,0.923545,-0.383377,-0.00827897,-0.00436052,1.36522,0.437023,-0.204293
0.43,0.186107,-0.0139613,0.490193,0.923545,-0.383377,-0.00828391,-0.00435669,1.36522,0.437023,-0.204293
0.44,0.186107,-0.0139613,0.490193,0.923545,-0.383377,-0.00828391,-0.00435669,1.30067,0.436221,-0.21368
0.44,0.186106,-0.0139609,0.490195,0.923545,-0.383377,-0.00827815,-0.00435941,1.30067,0.436221,-0.21368
0.44,0.186106,-0.0139609,0.490195,0.923545,-0.383377,-0.00827815,-0.00435941,1.35479,0.422113,-0.215316
0.45,0.186106,-0.0139609,0.490195,0.923545,-0.383377,-0.00827815,-0.00435941,1.35479,0.422113,-0.215316
0.46,0.186105,-0.0139567,0.490189,0.923548,-0.383369,-0.00828566,-0.00435383,1.44966,0.404823,-0.153337
0.46,0.186105,-0.0139567,0.490189,0.923548,-0.383369,-0.00828566,-0.00435383,1.55689,0.280701,0.0251259
0.46,0.186106,-0.0139601,0.490194,0.923545,-0.383376,-0.00827993,-0.00435895,1.55689,0.280701,0.0251259
0.47,0.186106,-0.0139601,0.490194,0.923545,-0.383376,-0.00827993,-0.00435895,1.48394,0.313116,0.0387112
0.48,0.186106,-0.0139601,0.490194,0.923545,-0.383376,-0.00827993,-0.00435895,1.48394,0.313116,0.0387112
0.48,0.186105,-0.0139619,0.490196,0.923544,-0.383378,-0.00827808,-0.00436405,1.36837,0.518005,-0.0437837
0.48,0.186105,-0.0139619,0.490196,0.923544,-0.383378,-0.00827808,-0.00436405,1.33708,0.583672,-0.08467
0.49,0.186106,-0.0139623,0.490194,0.923544,-0.383378,-0.0082821,-0.0043594,1.33708,0.583672,-0.08467
0.5,0.186106,-0.0139623,0.490194,0.923544,-0.383378,-0.0082821,-0.0043594,1.38073,0.512214,-0.0638078
0.5,0.186106,-0.0139623,0.490194,0.923544,-0.383378,-0.0082821,-0.0043594,1.38073,0.512214,-0.0638078
0.5,0.186107,-0.0139603,0.490193,0.923545,-0.383375,-0.00828364,-0.00436159,1.24217,0.540229,-0.091453
0.51,0.186107,-0.0139603,0.490193,0.923545,-0.383375,-0.00828364,-0.00436159,1.17066,0.47039,-0.10488
0.52,0.186105,-0.013961,0.490193,0.923543,-0.38338,-0.00828073,-0.00436139,1.17066,0.47039,-0.10488
0.52,0.186105,-0.013961,0.490193,0.923543,-0.38338,-0.00828073,-0.00436139,1.29303,0.503906,-0.0497396
0.52,0.186105,-0.013961,0.490193,0.923543,-0.38338,-0.00828073,-0.00436139,1.29303,0.503906,-0.0497396
0.53,0.186109,-0.0139652,0.490178,0.923543,-0.38338,-0.00830993,-0.00435875,1.12766,0.701764,0.114106
0.54,0.186109,-0.0139652,0.490178,0.923543,-0.38338,-0.00830993,-0.00435875,1.12766,0.701764,0.114106
0.54,0.186107,-0.0139663,0.490178,0.923542,-0.383383,-0.00830795,-0.00436071,1.27494,0.81086,0.236032
0.55,0.186107,-0.0139663,0.490178,0.923542,-0.383383,-0.00830795,-0.00436071,1.1861,0.723478,0.363016
0.55,0.186107,-0.0139663,0.490178,0.923542,-0.383383,-0.00830795,-0.00436071,1.1861,0.723478,0.363016
0.56,0.186107,-0.0139689,0.490175,0.92354,-0.383388,-0.00831592,-0.00436292,1.2147,0.778049,0.378718
0.56,0.186107,-0.0139689,0.490175,0.92354,-0.383388,-0.00831592,-0.00436292,1.2147,0.778049,0.378718
0.57,0.186107,-0.0139656,0.490169,0.923542,-0.383382,-0.0083213,-0.00435745,1.31546,0.828973,0.457341
0.57,0.186107,-0.0139656,0.490169,0.923542,-0.383382,-0.0083213,-0.00435745,1.24596,0.710067,0.520609
0.58,0.186107,-0.0139656,0.490169,0.923542,-0.383382,-0.0083213,-0.00435745,1.24596,0.710067,0.520609
0.58,0.186106,-0.0139634,0.49013,0.923544,-0.383377,-0.00836663,-0.00433658,1.29787,0.615938,0.860579
0.58,0.186106,-0.0139634,0.49013,0.923544,-0.383377,-0.00836663,-0.00433658,1.29787,0.615938,0.860579
0.59,0.186099,-0.0139584,0.489927,0.923541,-0.38338,-0.00857603,-0.00426065,1.53927,0.712163,1.36149
0.6,0.186099,-0.0139584,0.489927,0.923541,-0.38338,-0.00857603,-0.00426065,1.75804,0.937311,1.39285
0.6,0.186099,-0.0139584,0.489927,0.923541,-0.38338,-0.00857603,-0.00426065,1.75804,0.937311,1.39285
0.6,0.186093,-0.0139772,0.489728,0.923534,-0.383391,-0.00880103,-0.00423719,1.88067,1.03526,1.46591
0.61,0.186093,-0.0139772,0.489728,0.923534,-0.383391,-0.00880103,-0.00423719,1.88067,1.03526,1.46591
0.62,0.186093,-0.0139772,0.489728,0.923534,-0.383391,-0.00880103,-0.00423719,2.01844,0.929178,1.7147
0.62,0.186089,-0.0139667,0.489556,0.923538,-0.383378,-0.00898201,-0.00416224,2.01844,0.929178,1.7147
0.62,0.186089,-0.0139667,0.489556,0.923538,-0.383378,-0.00898201,-0.00416224,1.83401,0.954195,1.70061
0.63,0.186091,-0.013954,0.489399,0.923541,-0.383369,-0.00914075,-0.00408875,1.57758,0.831779,1.65631
0.64,0.186091,-0.013954,0.489399,0.923541,-0.383369,-0.00914075,-0.00408875,1.57758,0.831779,1.65631
0.64,0.186091,-0.013954,0.489399,0.923541,-0.383369,-0.00914075,-0.00408875,1.31038,0.770578,1.27422
0.64,0.186088,-0.0139567,0.48941,0.92354,-0.383373,-0.00912368,-0.00409637,1.31038,0.770578,1.27422
0.65,0.186088,-0.0139567,0.48941,0.92354,-0.383373,-0.00912368,-0.00409637,1.51117,0.809729,1.15439
0.66,0.186089,-0.0139549,0.489392,0.923541,-0.38337,-0.00914785,-0.00408379,1.54462,0.777667,1.27119
0.66,0.186089,-0.0139549,0.489392,0.923541,-0.38337,-0.00914785,-0.00408379,1.54462,0.777667,1.27119
0.66,0.186089,-0.0139549,0.489392,0.923541,-0.38337,-0.00914785,-0.00408379,1.98239,0.811932,1.5435
0.67,0.186078,-0.013956,0.489384,0.92354,-0.383372,-0.00916303,-0.00408105,1.98239,0.811932,1.5435
0.68,0.186078,-0.013956,0.489384,0.92354,-0.383372,-0.00916303,-0.00408105,2.28473,0.815799,1.90867
0.68,0.186061,-0.0139457,0.489263,0.923544,-0.383359,-0.00934874,-0.00399555,2.26051,0.668881,2.1768
0.68,0.186061,-0.0139457,0.489263,0.923544,-0.383359,-0.00934874,-0.00399555,2.26051,0.668881,2.1768
0.69,0.186061,-0.0139457,0.489263,0.923544,-0.383359,-0.00934874,-0.00399555,2.06513,0.615017,2.51267
0.7,0.186051,-0.0139238,0.488902,0.923548,-0.383339,-0.00975203,-0.00382308,2.06513,0.615017,2.51267
0.7,0.186051,-0.0139238,0.488902,0.923548,-0.383339,-0.00975203,-0.00382308,1.58644,0.627432,2.18722
0.7,0.186038,-0.0138986,0.488452,0.923551,-0.383322,-0.0101961,-0.00363395,1.58644,0.627432,2.18722
0.71,0.186038,-0.0138986,0.488452,0.923551,-0.383322,-0.0101961,-0.00363395,1.76649,0.831576,1.77323
0.72,0.186038,-0.0138986,0.488452,0.923551,-0.383322,-0.0101961,-0.00363395,1.73814,0.957387,1.30576
0.72,0.186034,-0.013884,0.488307,0.923558,-0.383304,-0.0103358,-0.00356589,1.73814,0.957387,1.30576
0.72,0.186034,-0.013884,0.488307,0.923558,-0.383304,-0.0103358,-0.00356589,1.80092,0.73812,1.26946
0.73,0.186035,-0.0138805,0.488321,0.92356,-0.3833,-0.0103137,-0.00356997,1.80092,0.73812,1.26946
0.74,0.186035,-0.0138805,0.488321,0.92356,-0.3833,-0.0103137,-0.00356997,1.75846,0.508668,1.10521
0.74,0.186035,-0.0138805,0.488321,0.92356,-0.3833,-0.0103137,-0.00356997,1.32029,0.230631,0.932382
0.74,0.18604,-0.0138725,0.488322,0.923565,-0.383287,-0.0103118,-0.00357386,1.32029,0.230631,0.932382
0.75,0.18604,-0.0138725,0.488322,0.923565,-0.383287,-0.0103118,-0.00357386,0.909252,-0.104127,0.691287
0.76,0.186047,-0.0138612,0.488362,0.923568,-0.383282,-0.0102317,-0.00360387,0.909252,-0.104127,0.691287
0.76,0.186047,-0.0138612,0.488362,0.923568,-0.383282,-0.0102317,-0.00360387,0.78801,-0.461536,0.364297
0.76,0.186047,-0.0138612,0.488362,0.923568,-0.383282,-0.0102317,-0.00360387,0.558372,-0.897598,0.24887
0.77,0.186066,-0.0137624,0.488381,0.923591,-0.383224,-0.0102444,-0.0037995,0.558372,-0.897598,0.24887
0.78,0.186066,-0.0137624,0.488381,0.923591,-0.383224,-0.0102444,-0.0037995,0.0968688,-1.26868,0.171833
0.78,0.186101,-0.0136453,0.488386,0.923637,-0.383116,-0.0101777,-0.00367957,0.0968688,-1.26868,0.171833
0.78,0.186101,-0.0136453,0.488386,0.923637,-0.383116,-0.0101777,-0.00367957,-0.285827,-1.6328,-0.0678098
0.79,0.186101,-0.0136453,0.488386,0.923637,-0.383116,-0.0101777,-0.00367957,-0.285827,-1.6328,-0.0678098
0.8,0.186108,-0.0132854,0.488408,0.923788,-0.382758,-0.0100245,-0.00332577,-0.108002,-2.35968,-0.13465
0.8,0.186108,-0.0132854,0.488408,0.923788,-0.382758,-0.0100245,-0.00332577,0.216837,-2.94769,-0.00315093
0.8,0.186108,-0.0132854,0.488408,0.923788,-0.382758,-0.0100245,-0.00332577,0.216837,-2.94769,-0.00315093
0.81,0.186118,-0.0124269,0.488439,0.924098,-0.382021,-0.00978847,-0.00274322,-0.0662671,-3.67326,0.344689
0.82,0.186118,-0.0124269,0.488439,0.924098,-0.382021,-0.00978847,-0.00274322,-0.0662671,-3.67326,0.344689
0.82,0.186194,-0.0111088,0.488417,0.924529,-0.380986,-0.00964504,-0.00191127,-0.676648,-3.72345,0.746283
0.82,0.186194,-0.0111088,0.488417,0.924529,-0.380986,-0.00964504,-0.00191127,-1.29368,-3.11607,0.703165
0.83,0.186194,-0.0111088,0.488417,0.924529,-0.380986,-0.00964504,-0.00191127,-1.29368,-3.11607,0.703165
0.84,0.186378,-0.0095165,0.488358,0.925032,-0.37977,-0.00946827,-0.000790085,-1.12706,-3.19183,0.520417
0.84,0.186378,-0.0095165,0.488358,0.925032,-0.37977,-0.00946827,-0.000790085,-1.12706,-3.19183,0.520417
0.84,0.186487,-0.00740892,0.488338,0.92573,-0.378068,-0.0093832,3.99716e-05,-0.351634,-3.51909,0.334066
0.85,0.186487,-0.00740892,0.488338,0.92573,-0.378068,-0.0093832,3.99716e-05,-0.618541,-2.93411,0.15834
0.86,0.186487,-0.00740892,0.488338,0.92573,-0.378068,-0.0093832,3.99716e-05,-0.618541,-2.93411,0.15834
0.86,0.186601,-0.00486698,0.488419,0.926587,-0.375972,-0.00898124,0.000621844,-1.21551,-2.6369,-0.0664705
0.86,0.186601,-0.00486698,0.488419,0.926587,-0.375972,-0.00898124,0.000621844,-1.21551,-2.6369,-0.0664705
0.87,0.186706,-0.00222523,0.488515,0.927494,-0.37374,-0.00849315,0.00101919,-1.03408,-3.11056,-0.147165
0.88,0.186706,-0.00222523,0.488515,0.927494,-0.37374,-0.00849315,0.00101919,-1.03408,-3.11056,-0.147165
0.88,0.186706,-0.00222523,0.488515,0.927494,-0.37374,-0.00849315,0.00101919,-1.52937,-2.64338,-0.191516
0.88,0.186798,0.000510556,0.48859,0.928346,-0.371625,-0.00816071,0.00113366,-1.77604,-2.32713,-0.131165
0.89,0.186798,0.000510556,0.48859,0.928346,-0.371625,-0.00816071,0.00113366,-1.77604,-2.32713,-0.131165
0.9,0.186908,0.00337318,0.488596,0.929105,-0.369719,-0.00850829,0.000231171,-1.88157,-2.59214,-0.174231
0.9,0.186908,0.00337318,0.488596,0.929105,-0.369719,-0.00850829,0.000231171,-1.88157,-2.59214,-0.174231
0.9,0.186908,0.00337318,0.488596,0.929105,-0.369719,-0.00850829,0.000231171,-2.67062,-2.2956,-0.391212
0.91,0.187096,0.00628417,0.48858,0.929773,-0.368016,-0.00926058,-0.00122719,-2.38312,-2.7618,-0.377453
0.92,0.187096,0.00628417,0.48858,0.929773,-0.368016,-0.00926058,-0.00122719,-2.38312,-2.7618,-0.377453
0.92,0.187249,0.00947844,0.488565,0.930374,-0.366453,-0.0102659,-0.00322771,-2.49262,-2.97858,-0.487858
0.92,0.187249,0.00947844,0.488565,0.930374,-0.366453,-0.0102659,-0.00322771,-2.49262,-2.97858,-0.487858
0.93,0.187249,0.00947844,0.488565,0.930374,-0.366453,-0.0102659,-0.00322771,-3.33872,-2.5774,-0.553413
0.94,0.187514,0.0127858,0.488551,0.930947,-0.36493,-0.0113944,-0.00573012,-2.98701,-3.26944,-0.714233
0.94,0.187514,0.0127858,0.488551,0.930947,-0.36493,-0.0113944,-0.00573012,-2.98701,-3.26944,-0.714233
0.94,0.187864,0.0163697,0.488673,0.931538,-0.363356,-0.0120438,-0.00803982,-3.655,-3.09144,-0.565901
0.95,0.187864,0.0163697,0.488673,0.931538,-0.363356,-0.0120438,-0.00803982,-3.655,-3.09144,-0.565901
0.96,0.187864,0.0163697,0.488673,0.931538,-0.363356,-0.0120438,-0.00803982,-4.13439,-3.53549,-0.466417
0.96,0.188535,0.0202006,0.4887,0.932185,-0.361655,-0.0117682,-0.00991997,-4.13439,-3.53549,-0.466417
0.96,0.188535,0.0202006,0.4887,0.932185,-0.361655,-0.0117682,-0.00991997,-3.86667,-3.21751,-0.399521
0.97,0.189802,0.0241405,0.488703,0.932823,-0.359978,-0.0101579,-0.0123876,-4.2836,-3.01629,-0.162391
0.98,0.189802,0.0241405,0.488703,0.932823,-0.359978,-0.0101579,-0.0123876,-4.2836,-3.01629,-0.162391
0.98,0.189802,0.0241405,0.488703,0.932823,-0.359978,-0.0101579,-0.0123876,-4.10427,-3.80173,-0.288534
0.98,0.19121,0.0285322,0.488492,0.933531,-0.358106,-0.00881912,-0.0142335,-4.10427,-3.80173,-0.288534
0.99,0.19121,0.0285322,0.488492,0.933531,-0.358106,-0.00881912,-0.0142335,-4.2542,-3.11374,-0.548151
1.0,0.192954,0.0329189,0.488271,0.934226,-0.356249,-0.00676982,-0.0161981,-4.59288,-2.84059,-0.924359
1.0,0.192954,0.0329189,0.488271,0.934226,-0.356249,-0.00676982,-0.0161981,-4.59288,-2.84059,-0.924359
1.01,0.192954,0.0329189,0.488271,0.934226,-0.356249,-0.00676982,-0.0161981,-3.97737,-3.45628,-1.37018
1.01,0.194788,0.0375994,0.488162,0.934965,-0.354252,-0.00489412,-0.0179197,-3.97737,-3.45628,-1.37018
1.02,0.194788,0.0375994,0.488162,0.934965,-0.354252,-0.00489412,-0.0179197,-4.83604,-2.20244,-1.45517
1.02,0.196962,0.042001,0.488134,0.93563,-0.352409,-0.00252302,-0.0199696,-5.09781,-2.04273,-1.91126
1.02,0.196962,0.042001,0.488134,0.93563,-0.352409,-0.00252302,-0.0199696,-5.09781,-2.04273,-1.91126
1.03,0.196962,0.042001,0.488134,0.93563,-0.352409,-0.00252302,-0.0199696,-4.36512,-2.51112,-2.16287
1.03,0.199199,0.0463369,0.488084,0.93627,-0.350595,-0.000332401,-0.0219207,-4.36512,-2.51112,-2.16287
1.04,0.199199,0.0463369,0.488084,0.93627,-0.350595,-0.000332401,-0.0219207,-4.56537,-1.76064,-2.13664
1.04,0.199199,0.0463369,0.488084,0.93627,-0.350595,-0.000332401,-0.0219207,-4.56537,-1.76064,-2.13664
1.05,0.201565,0.0503593,0.488091,0.936785,-0.349032,0.0016447,-0.0246515,-4.45802,-1.85419,-2.51328
1.06,0.201565,0.0503593,0.488091,0.936785,-0.349032,0.0016447,-0.0246515,-4.54897,-2.55599,-2.46585
1.06,0.204141,0.0545923,0.488271,0.937312,-0.347374,0.00361428,-0.0276567,-4.54897,-2.55599,-2.46585
1.06,0.204141,0.0545923,0.488271,0.937312,-0.347374,0.00361428,-0.0276567,-4.90375,-1.95358,-2.4383
1.07,0.204141,0.0545923,0.488271,0.937312,-0.347374,0.00361428,-0.0276567,-4.90375,-1.95358,-2.4383
1.08,0.206642,0.0584515,0.488482,0.93777,-0.3459,0.00425166,-0.0303754,-6.20168,-2.08143,-2.23297
1.08,0.206642,0.0584515,0.488482,0.93777,-0.3459,0.00425166,-0.0303754,-4.62842,-2.1782,-2.04118
1.08,0.209271,0.0623246,0.488534,0.938224,-0.344437,0.00417678,-0.0328813,-4.62842,-2.1782,-2.04118
1.09,0.209271,0.0623246,0.488534,0.938224,-0.344437,0.00417678,-0.0328813,-5.80462,-2.59595,-2.11416
1.1,0.209271,0.0623246,0.488534,0.938224,-0.344437,0.00417678,-0.0328813,-5.80462,-2.59595,-2.11416
1.1,0.212045,0.0660717,0.488352,0.938726,-0.342944,0.00322172,-0.0342522,-5.48592,-1.95959,-2.48043
1.1,0.212045,0.0660717,0.488352,0.938726,-0.342944,0.00322172,-0.0342522,-5.41597,-1.83083,-2.84688
1.11,0.214942,0.069427,0.488656,0.939206,-0.341521,0.00259252,-0.0353292,-5.41597,-1.83083,-2.84688
1.12,0.214942,0.069427,0.488656,0.939206,-0.341521,0.00259252,-0.0353292,-5.53281,-1.91716,-2.46633
1.12,0.214942,0.069427,0.488656,0.939206,-0.341521,0.00259252,-0.0353292,-5.53281,-1.91716,-2.46633
1.12,0.217794,0.0727688,0.488808,0.939698,-0.340105,0.000434532,-0.0359881,-6.00128,-1.96078,-2.22911
1.13,0.217794,0.0727688,0.488808,0.939698,-0.340105,0.000434532,-0.0359881,-6.00128,-1.96078,-2.22911
1.14,0.220911,0.0760208,0.489135,0.940197,-0.338666,-0.00114412,-0.0365176,-5.18687,-2.12215,-1.92019
1.14,0.220911,0.0760208,0.489135,0.940197,-0.338666,-0.00114412,-0.0365176,-4.69107,-1.75167,-1.59662
1.14,0.220911,0.0760208,0.489135,0.940197,-0.338666,-0.00114412,-0.0365176,-4.69107,-1.75167,-1.59662
1.15,0.224287,0.0790608,0.489228,0.940587,-0.337443,-0.00245351,-0.0377295,-3.24917,-1.82474,-1.37767
1.16,0.224287,0.0790608,0.489228,0.940587,-0.337443,-0.00245351,-0.0377295,-3.24917,-1.82474,-1.37767
1.16,0.227537,0.0819031,0.489089,0.940966,-0.336312,-0.00441982,-0.0381791,-4.83564,-1.75402,-1.0114
1.16,0.227537,0.0819031,0.489089,0.940966,-0.336312,-0.00441982,-0.0381791,-4.90766,-1.4279,-1.33219
1.17,0.227537,0.0819031,0.489089,0.940966,-0.336312,-0.00441982,-0.0381791,-4.90766,-1.4279,-1.33219
1.18,0.231262,0.0844721,0.489078,0.941314,-0.335276,-0.00467388,-0.0386882,-4.73073,-2.06837,-1.49114
1.18,0.231262,0.0844721,0.489078,0.941314,-0.335276,-0.00467388,-0.0386882,-4.73073,-2.06837,-1.49114
1.18,0.235015,0.0869015,0.489192,0.941683,-0.334195,-0.00485422,-0.0390272,-4.50113,-2.1882,-1.61466
1.19,0.235015,0.0869015,0.489192,0.941683,-0.334195,-0.00485422,-0.0390272,-3.5792,-1.8694,-1.66421
1.2,0.235015,0.0869015,0.489192,0.941683,-0.334195,-0.00485422,-0.0390272,-3.5792,-1.8694,-1.66421
1.2,0.239025,0.0893508,0.489395,0.942034,-0.333106,-0.00401382,-0.0399539,-3.80075,-2.0107,-0.976821
1.2,0.239025,0.0893508,0.489395,0.942034,-0.333106,-0.00401382,-0.0399539,-3.80075,-2.0107,-0.976821
1.21,0.239025,0.0893508,0.489395,0.942034,-0.333106,-0.00401382,-0.0399539,-2.80941,-1.24776,-1.12111
1.22,0.242691,0.0915343,0.489076,0.942349,-0.332151,-0.00466051,-0.0404003,-2.80941,-1.24776,-1.12111
1.22,0.242691,0.0915343,0.489076,0.942349,-0.332151,-0.00466051,-0.0404003,-4.05438,-1.6676,-1.55943
1.23,0.246376,0.0936519,0.488895,0.942602,-0.331326,-0.00531889,-0.0411801,-3.19453,-1.06923,-1.55254
1.23,0.246376,0.0936519,0.488895,0.942602,-0.331326,-0.00531889,-0.0411801,-3.19453,-1.06923,-1.55254
1.24,0.246376,0.0936519,0.488895,0.942602,-0.331326,-0.00531889,-0.0411801,-3.5266,-1.00439,-2.02692
1.24,0.249662,0.09554,0.48882,0.94287,-0.330525,-0.00713016,-0.0412077,-3.5266,-1.00439,-2.02692
1.25,0.249662,0.09554,0.48882,0.94287,-0.330525,-0.00713016,-0.0412077,-2.68353,-1.17417,-2.12557
1.25,0.252846,0.0971513,0.489084,0.943153,-0.329688,-0.00855292,-0.0411601,-2.05431,-1.04424,-1.39606
1.26,0.252846,0.0971513,0.489084,0.943153,-0.329688,-0.00855292,-0.0411601,-2.05431,-1.04424,-1.39606
1.26,0.252846,0.0971513,0.489084,0.943153,-0.329688,-0.00855292,-0.0411601,-2.98846,-1.8001,-0.711595
1.27,0.25606,0.0985064,0.488906,0.943373,-0.329022,-0.00980732,-0.0411782,-2.98846,-1.8001,-0.711595
1.27,0.25606,0.0985064,0.488906,0.943373,-0.329022,-0.00980732,-0.0411782,-3.5844,-1.88277,-0.395435
1.28,0.259178,0.099734,0.488427,0.943593,-0.328387,-0.0117764,-0.0406777,-3.08385,-2.10342,-0.851855
1.28,0.259178,0.099734,0.488427,0.943593,-0.328387,-0.0117764,-0.0406777,-3.08385,-2.10342,-0.851855
1.28,0.259178,0.099734,0.488427,0.943593,-0.328387,-0.0117764,-0.0406777,-2.92507,-2.06124,-1.22968
1.29,0.26198,0.10081,0.487786,0.943824,-0.327744,-0.0143145,-0.0396867,-2.92507,-2.06124,-1.22968
1.3,0.26198,0.10081,0.487786,0.943824,-0.327744,-0.0143145,-0.0396867,-2.32302,-1.98437,-1.55801
1.3,0.264891,0.101944,0.487732,0.944058,-0.327051,-0.015746,-0.0392883,-2.32302,-1.98437,-1.55801
1.3,0.264891,0.101944,0.487732,0.944058,-0.327051,-0.015746,-0.0392883,-3.09783,-2.02126,-0.930786
1.31,0.264891,0.101944,0.487732,0.944058,-0.327051,-0.015746,-0.0392883,-2.45873,-1.95694,-0.427378
1.32,0.268123,0.103186,0.48747,0.94429,-0.326382,-0.0152391,-0.0394924,-2.45873,-1.95694,-0.427378
1.32,0.268123,0.103186,0.48747,0.94429,-0.326382,-0.0152391,-0.0394924,-1.21596,-1.8245,-0.0616407
1.32,0.271034,0.104463,0.486923,0.944553,-0.325656,-0.014572,-0.0394478,-1.21596,-1.8245,-0.0616407
1.33,0.271034,0.104463,0.486923,0.944553,-0.325656,-0.014572,-0.0394478,-1.25928,-1.63913,0.127969
1.34,0.271034,0.104463,0.486923,0.944553,-0.325656,-0.014572,-0.0394478,-1.48279,-1.24717,0.216527
1.34,0.273759,0.10568,0.485898,0.944805,-0.324976,-0.0136798,-0.0393289,-1.48279,-1.24717,0.216527
1.34,0.273759,0.10568,0.485898,0.944805,-0.324976,-0.0136798,-0.0393289,-0.521073,-1.55115,0.449453
1.35,0.27577,0.106682,0.483919,0.945034,-0.324411,-0.0144914,-0.0381801,-0.521073,-1.55115,0.449453
1.36,0.27577,0.106682,0.483919,0.945034,-0.324411,-0.0144914,-0.0381801,-0.0145666,-0.950371,-0.54372
1.36,0.27577,0.106682,0.483919,0.945034,-0.324411,-0.0144914,-0.0381801,-1.04452,-0.810423,-1.26877
1.36,0.277275,0.107264,0.482106,0.945146,-0.324139,-0.0159515,-0.0371249,-1.04452,-0.810423,-1.26877
1.37,0.277275,0.107264,0.482106,0.945146,-0.324139,-0.0159515,-0.0371249,-1.00789,-0.662313,-1.75549
1.38,0.278787,0.107635,0.480855,0.945171,-0.324069,-0.016375,-0.0369133,-1.00789,-0.662313,-1.75549
1.38,0.278787,0.107635,0.480855,0.945171,-0.324069,-0.016375,-0.0369133,-0.506234,-0.859707,-2.08918
1.38,0.278787,0.107635,0.480855,0.945171,-0.324069,-0.016375,-0.0369133,-0.506234,-0.859707,-2.08918
1.39,0.280244,0.107906,0.48012,0.945155,-0.324105,-0.0154782,-0.0374027,-0.703516,-0.857849,-1.55908
1.4,0.280244,0.107906,0.48012,0.945155,-0.324105,-0.0154782,-0.0374027,-1.20696,-0.943783,-1.26723
1.4,0.281137,0.108134,0.479448,0.94517,-0.324063,-0.0154694,-0.0373816,-1.20696,-0.943783,-1.26723
1.4,0.281137,0.108134,0.479448,0.94517,-0.324063,-0.0154694,-0.0373816,-1.05439,-0.869735,-1.46586
1.41,0.281137,0.108134,0.479448,0.94517,-0.324063,-0.0154694,-0.0373816,-1.05439,-0.869735,-1.46586
1.42,0.281875,0.108321,0.479038,0.945183,-0.324022,-0.0153793,-0.037445,-1.94148,-0.764111,-1.43942
1.42,0.281875,0.108321,0.479038,0.945183,-0.324022,-0.0153793,-0.037445,-1.50806,-0.874289,-1.57679
1.42,0.282677,0.108506,0.478954,0.945185,-0.324,-0.0144576,-0.0379445,-1.50806,-0.874289,-1.57679
1.43,0.282677,0.108506,0.478954,0.945185,-0.324,-0.0144576,-0.0379445,-2.21629,-1.05316,-1.1961
1.44,0.282677,0.108506,0.478954,0.945185,-0.324,-0.0144576,-0.0379445,-2.21629,-1.05316,-1.1961
1.44,0.283519,0.108744,0.478916,0.945198,-0.323947,-0.0129121,-0.0386212,-1.88966,-1.14028,-1.16753
1.44,0.283519,0.108744,0.478916,0.945198,-0.323947,-0.0129121,-0.0386212,-2.66644,-1.29303,-0.830675
1.45,0.284183,0.108956,0.47865,0.945218,-0.323888,-0.0120606,-0.0389181,-2.66644,-1.29303,-0.830675
1.46,0.284183,0.108956,0.47865,0.945218,-0.323888,-0.0120606,-0.0389181,-3.274,-1.11298,-0.991857
1.46,0.284183,0.108956,0.47865,0.945218,-0.323888,-0.0120606,-0.0389181,-3.274,-1.11298,-0.991857
1.46,0.284658,0.109033,0.478386,0.945211,-0.323899,-0.012221,-0.0389372,-3.69188,-1.03895,-1.50287
1.47,0.284658,0.109033,0.478386,0.945211,-0.323899,-0.012221,-0.0389372,-3.69188,-1.03895,-1.50287
1.48,0.285305,0.109153,0.478311,0.945201,-0.323912,-0.01261,-0.0389437,-4.13876,-0.963337,-1.60351
1.48,0.285305,0.109153,0.478311,0.945201,-0.323912,-0.01261,-0.0389437,-4.84232,-0.7267,-1.37063
1.48,0.285305,0.109153,0.478311,0.945201,-0.323912,-0.01261,-0.0389437,-4.84232,-0.7267,-1.37063
1.49,0.28628,0.109327,0.47861,0.945168,-0.323979,-0.0130017,-0.0390583,-4.45222,-0.550143,-1.56399
1.5,0.28628,0.109327,0.47861,0.945168,-0.323979,-0.0130017,-0.0390583,-4.45222,-0.550143,-1.56399
1.5,0.28628,0.109327,0.47861,0.945168,-0.323979,-0.0130017,-0.0390583,-4.74149,-0.454579,-1.50898
1.5,0.287562,0.109551,0.479498,0.945107,-0.324109,-0.0130637,-0.0394427,-4.10289,-0.40189,-1.11131
1.51,0.287562,0.109551,0.479498,0.945107,-0.324109,-0.0130637,-0.0394427,-4.10289,-0.40189,-1.11131
1.52,0.288798,0.10969,0.480227,0.945015,-0.324332,-0.0130766,-0.0398102,-3.35213,-0.57306,-0.952857
1.52,0.288798,0.10969,0.480227,0.945015,-0.324332,-0.0130766,-0.0398102,-3.35213,-0.57306,-0.952857
1.52,0.288798,0.10969,0.480227,0.945015,-0.324332,-0.0130766,-0.0398102,-3.23031,-0.651136,-0.547781
1.53,0.290218,0.1099,0.480835,0.944944,-0.324479,-0.0126309,-0.0404225,-4.02324,-0.745466,-0.0837083
1.54,0.290218,0.1099,0.480835,0.944944,-0.324479,-0.0126309,-0.0404225,-4.02324,-0.745466,-0.0837083
1.54,0.292104,0.110163,0.481403,0.944852,-0.324642,-0.0106664,-0.0418076,-4.20722,-0.538426,0.135327
1.54,0.292104,0.110163,0.481403,0.944852,-0.324642,-0.0106664,-0.0418076,-4.20722,-0.538426,0.135327
1.55,0.292104,0.110163,0.481403,0.944852,-0.324642,-0.0106664,-0.0418076,-4.57043,-0.557769,0.805516
1.56,0.294804,0.110417,0.481622,0.94466,-0.324981,-0.00657676,-0.0442859,-4.57043,-0.557769,0.805516
1.56,0.294804,0.110417,0.481622,0.94466,-0.324981,-0.00657676,-0.0442859,-4.21094,-0.544704,1.21683
1.56,0.297513,0.110584,0.480945,0.944425,-0.325399,-0.00268424,-0.0465849,-3.79105,-0.781513,1.31168
1.57,0.297513,0.110584,0.480945,0.944425,-0.325399,-0.00268424,-0.0465849,-3.79105,-0.781513,1.31168
1.58,0.297513,0.110584,0.480945,0.944425,-0.325399,-0.00268424,-0.0465849,-3.40615,-0.73283,0.608283
1.58,0.300243,0.110727,0.479762,0.94419,-0.325837,-9.39996e-05,-0.0483212,-3.40615,-0.73283,0.608283
1.58,0.300243,0.110727,0.479762,0.94419,-0.325837,-9.39996e-05,-0.0483212,-3.20636,-0.754706,-0.104486
1.59,0.302544,0.11083,0.478476,0.944005,-0.326231,0.000860277,-0.0492686,-3.22668,-0.169437,-1.37478
1.6,0.302544,0.11083,0.478476,0.944005,-0.326231,0.000860277,-0.0492686,-3.22668,-0.169437,-1.37478
1.6,0.302544,0.11083,0.478476,0.944005,-0.326231,0.000860277,-0.0492686,-2.58956,0.435136,-2.84384
1.6,0.305041,0.110915,0.478194,0.943737,-0.326708,0.00340242,-0.0511009,-2.58956,0.435136,-2.84384
1.61,0.305041,0.110915,0.478194,0.943737,-0.326708,0.00340242,-0.0511009,-2.99349,0.63764,-3.17273
1.62,0.30753,0.110859,0.478738,0.943375,-0.327375,0.00625513,-0.0532089,-2.6238,0.775768,-3.13507
1.62,0.30753,0.110859,0.478738,0.943375,-0.327375,0.00625513,-0.0532089,-2.6238,0.775768,-3.13507
1.62,0.30753,0.110859,0.478738,0.943375,-0.327375,0.00625513,-0.0532089,-3.02318,0.499959,-1.65059
1.63,0.310079,0.11079,0.479308,0.942979,-0.328121,0.00905076,-0.0551764,-3.02318,0.499959,-1.65059
1.64,0.310079,0.11079,0.479308,0.942979,-0.328121,0.00905076,-0.0551764,-4.00217,0.391052,-0.299568
1.64,0.31224,0.110554,0.478949,0.942634,-0.329047,0.00887365,-0.0555936,-4.00217,0.391052,-0.299568
1.64,0.31224,0.110554,0.478949,0.942634,-0.329047,0.00887365,-0.0555936,-3.89586,0.303811,-0.402711
1.65,0.31224,0.110554,0.478949,0.942634,-0.329047,0.00887365,-0.0555936,-4.41377,-0.202188,-0.977001
1.66,0.314138,0.110228,0.478313,0.942316,-0.330038,0.00733152,-0.0553329,-4.41377,-0.202188,-0.977001
1.66,0.314138,0.110228,0.478313,0.942316,-0.330038,0.00733152,-0.0553329,-4.23777,-0.363605,-2.04573
1.66,0.316278,0.10984,0.478405,0.941918,-0.331183,0.00624843,-0.0553983,-4.23777,-0.363605,-2.04573
1.67,0.316278,0.10984,0.478405,0.941918,-0.331183,0.00624843,-0.0553983,-3.55726,0.0220634,-2.63017
1.68,0.316278,0.10984,0.478405,0.941918,-0.331183,0.00624843,-0.0553983,-3.25946,0.179689,-2.36194
1.68,0.318531,0.109397,0.479249,0.941455,-0.332435,0.00579974,-0.0558219,-3.25946,0.179689,-2.36194
1.68,0.318531,0.109397,0.479249,0.941455,-0.332435,0.00579974,-0.0558219,-2.61814,0.502995,-1.59414
1.69,0.320588,0.108857,0.479841,0.940977,-0.333743,0.00530099,-0.0561235,-2.61814,0.502995,-1.59414
1.7,0.320588,0.108857,0.479841,0.940977,-0.333743,0.00530099,-0.0561235,-2.1986,0.47154,-1.04417
1.7,0.320588,0.108857,0.479841,0.940977,-0.333743,0.00530099,-0.0561235,-2.16002,0.215307,-0.493642
1.7,0.32258,0.10826,0.480225,0.940489,-0.335086,0.00471247,-0.0563451,-2.16002,0.215307,-0.493642
1.71,0.32258,0.10826,0.480225,0.940489,-0.335086,0.00471247,-0.0563451,-2.17982,0.0770204,-0.615712
1.72,0.32258,0.10826,0.480225,0.940489,-0.335086,0.00471247,-0.0563451,-2.17982,0.0770204,-0.615712
1.72,0.324611,0.107596,0.480391,0.939948,-0.336501,0.00499772,-0.0569286,-2.42629,0.0421514,-0.545173
1.72,0.324611,0.107596,0.480391,0.939948,-0.336501,0.00499772,-0.0569286,-2.42629,0.0421514,-0.545173
1.73,0.326945,0.106965,0.480449,0.939355,-0.337876,0.00708404,-0.0583287,-3.13676,-0.0594067,-0.585565
1.74,0.326945,0.106965,0.480449,0.939355,-0.337876,0.00708404,-0.0583287,-2.76532,0.400646,-0.795754
1.74,0.326945,0.106965,0.480449,0.939355,-0.337876,0.00708404,-0.0583287,-2.76532,0.400646,-0.795754
1.74,0.329268,0.106279,0.480519,0.938729,-0.339319,0.00918863,-0.059721,-2.22549,0.668857,-0.9054
1.75,0.329268,0.106279,0.480519,0.938729,-0.339319,0.00918863,-0.059721,-2.22549,0.668857,-0.9054
1.76,0.331429,0.105453,0.480654,0.938043,-0.340897,0.0114505,-0.0610975,-3.01793,0.363882,-0.440611
1.76,0.331429,0.105453,0.480654,0.938043,-0.340897,0.0114505,-0.0610975,-3.1331,0.285109,-0.570479
1.76,0.331429,0.105453,0.480654,0.938043,-0.340897,0.0114505,-0.0610975,-3.1331,0.285109,-0.570479
1.77,0.333443,0.104476,0.480776,0.937311,-0.342625,0.0133474,-0.0622775,-2.55271,0.324473,-0.894944
1.78,0.333443,0.104476,0.480776,0.937311,-0.342625,0.0133474,-0.0622775,-2.55271,0.324473,-0.894944
1.78,0.335276,0.103449,0.480699,0.936619,-0.344373,0.0139966,-0.0628941,-3.09631,0.21643,-1.26712
1.78,0.335276,0.103449,0.480699,0.936619,-0.344373,0.0139966,-0.0628941,-4.24965,0.35937,-1.3933
1.79,0.335276,0.103449,0.480699,0.936619,-0.344373,0.0139966,-0.0628941,-4.24965,0.35937,-1.3933
1.8,0.337339,0.102466,0.480827,0.935896,-0.346078,0.0155498,-0.0639232,-4.93139,0.62807,-1.30845
1.8,0.337339,0.102466,0.480827,0.935896,-0.346078,0.0155498,-0.0639232,-4.93139,0.62807,-1.30845
1.8,0.339728,0.101221,0.481156,0.935015,-0.348102,0.0179324,-0.0651924,-3.75439,0.58151,-1.38821
1.81,0.339728,0.101221,0.481156,0.935015,-0.348102,0.0179324,-0.0651924,-3.75439,0.58151,-1.38821
1.82,0.339728,0.101221,0.481156,0.935015,-0.348102,0.0179324,-0.0651924,-3.8137,0.797363,-1.44344
1.82,0.342039,0.0998032,0.481448,0.934109,-0.35035,0.0188217,-0.0658927,-4.06694,0.950067,-1.06117
1.82,0.342039,0.0998032,0.481448,0.934109,-0.35035,0.0188217,-0.0658927,-4.06694,0.950067,-1.06117
1.83,0.344222,0.0983439,0.481569,0.933213,-0.352669,0.0187199,-0.0662366,-4.30366,0.684176,-0.899766
1.84,0.344222,0.0983439,0.481569,0.933213,-0.352669,0.0187199,-0.0662366,-4.30366,0.684176,-0.899766
1.84,0.344222,0.0983439,0.481569,0.933213,-0.352669,0.0187199,-0.0662366,-4.33773,0.1805,-0.980638
1.84,0.346638,0.0967786,0.481637,0.93225,-0.355127,0.0187315,-0.0666674,-4.56713,-0.202166,-1.08505
1.85,0.346638,0.0967786,0.481637,0.93225,-0.355127,0.0187315,-0.0666674,-4.56713,-0.202166,-1.08505
1.86,0.349374,0.0953148,0.482,0.931289,-0.35742,0.0197107,-0.0675458,-3.5108,0.597222,-1.15662
1.86,0.349374,0.0953148,0.482,0.931289,-0.35742,0.0197107,-0.0675458,-3.5108,0.597222,-1.15662
1.86,0.349374,0.0953148,0.482,0.931289,-0.35742,0.0197107,-0.0675458,-3.17792,0.889585,-0.789015
1.87,0.352181,0.0935726,0.482058,0.930177,-0.360033,0.0212371,-0.0685195,-3.35015,0.33069,-0.477035
1.88,0.352181,0.0935726,0.482058,0.930177,-0.360033,0.0212371,-0.0685195,-3.35015,0.33069,-0.477035
1.88,0.354645,0.091974,0.481849,0.929174,-0.362403,0.0222285,-0.0693234,-2.89672,0.457703,-0.812148
1.88,0.354645,0.091974,0.481849,0.929174,-0.362403,0.0222285,-0.0693234,-2.89672,0.457703,-0.812148
1.89,0.354645,0.091974,0.481849,0.929174,-0.362403,0.0222285,-0.0693234,-3.50297,0.663824,-0.918763
1.9,0.357543,0.0903181,0.482128,0.928036,-0.36487,0.0247244,-0.0707705,-3.50297,0.663824,-0.918763
1.9,0.357543,0.0903181,0.482128,0.928036,-0.36487,0.0247244,-0.0707705,-3.60969,0.319891,-0.789073
1.9,0.360479,0.0885828,0.482455,0.926885,-0.36731,0.0274547,-0.0722024,-2.91287,0.341687,-0.631379
1.91,0.360479,0.0885828,0.482455,0.926885,-0.36731,0.0274547,-0.0722024,-2.91287,0.341687,-0.631379
1.92,0.360479,0.0885828,0.482455,0.926885,-0.36731,0.0274547,-0.0722024,-4.01084,0.998273,-0.419454
1.92,0.363046,0.0867761,0.482289,0.925742,-0.369855,0.0290859,-0.0732324,-4.01084,0.998273,-0.419454
1.92,0.363046,0.0867761,0.482289,0.925742,-0.369855,0.0290859,-0.0732324,-3.79065,0.906752,-0.912931
1.93,0.363046,0.0867761,0.482289,0.925742,-0.369855,0.0290859,-0.0732324,-2.79178,0.451416,-1.5106
1.94,0.365741,0.0849042,0.482266,0.924522,-0.372463,0.0313089,-0.0744964,-2.79178,0.451416,-1.5106
1.94,0.365741,0.0849042,0.482266,0.924522,-0.372463,0.0313089,-0.0744964,-3.65719,0.559517,-1.6261
1.94,0.368248,0.0831302,0.482484,0.923469,-0.374839,0.0322783,-0.0752261,-3.65719,0.559517,-1.6261
1.95,0.368248,0.0831302,0.482484,0.923469,-0.374839,0.0322783,-0.0752261,-4.07105,1.15796,-1.5765
1.96,0.368248,0.0831302,0.482484,0.923469,-0.374839,0.0322783,-0.0752261,-3.79833,0.587028,-1.6599
1.96,0.370488,0.0812606,0.482749,0.922463,-0.37728,0.0321788,-0.0754075,-3.79833,0.587028,-1.6599
1.96,0.370488,0.0812606,0.482749,0.922463,-0.37728,0.0321788,-0.0754075,-3.87128,0.197351,-1.48789
1.97,0.37272,0.0794113,0.483239,0.921522,-0.379554,0.0320376,-0.0755589,-3.87128,0.197351,-1.48789
1.98,0.37272,0.0794113,0.483239,0.921522,-0.379554,0.0320376,-0.0755589,-4.23501,0.981149,-1.17165
1.98,0.37272,0.0794113,0.483239,0.921522,-0.379554,0.0320376,-0.0755589,-4.23501,0.981149,-1.17165
1.98,0.375068,0.0773911,0.483844,0.92053,-0.381949,0.0320879,-0.0755628,-3.54981,1.15763,-0.959338
1.99,0.375068,0.0773911,0.483844,0.92053,-0.381949,0.0320879,-0.0755628,-3.86269,0.606105,-0.414448
2.0,0.37737,0.0751703,0.483996,0.919528,-0.384434,0.0319974,-0.0751981,-3.86269,0.606105,-0.414448
2.0,0.37737,0.0751703,0.483996,0.919528,-0.384434,0.0319974,-0.0751981,-4.6144,1.01929,-0.281321
2.0,0.37737,0.0751703,0.483996,0.919528,-0.384434,0.0319974,-0.0751981,-4.6144,1.01929,-0.281321
2.01,0.379836,0.0728502,0.484174,0.918382,-0.387147,0.0321391,-0.075228,-3.83033,1.10221,-0.658352
2.02,0.379836,0.0728502,0.484174,0.918382,-0.387147,0.0321391,-0.075228,-3.88456,0.34957,-0.745571
2.02,0.382484,0.0705396,0.484419,0.917097,-0.389945,0.0332988,-0.0759443,-3.88456,0.34957,-0.745571
2.02,0.382484,0.0705396,0.484419,0.917097,-0.389945,0.0332988,-0.0759443,-3.98201,0.723208,-0.743625
2.03,0.382484,0.0705396,0.484419,0.917097,-0.389945,0.0332988,-0.0759443,-3.98201,0.723208,-0.743625
2.04,0.385418,0.0682279,0.484744,0.915681,-0.392765,0.035842,-0.0773241,-3.52611,1.12614,-0.660158
2.04,0.385418,0.0682279,0.484744,0.915681,-0.392765,0.035842,-0.0773241,-4.28967,0.849588,-0.235026
2.04,0.388305,0.0658283,0.484809,0.914393,-0.395492,0.0373055,-0.0779681,-4.28967,0.849588,-0.235026
2.05,0.388305,0.0658283,0.484809,0.914393,-0.395492,0.0373055,-0.0779681,-3.60415,0.943968,-0.722905
2.06,0.388305,0.0658283,0.484809,0.914393,-0.395492,0.0373055,-0.0779681,-3.60415,0.943968,-0.722905
2.06,0.391026,0.0632717,0.484586,0.913049,-0.398412,0.0381843,-0.0784289,-3.658,1.09754,-1.17629
2.06,0.391026,0.0632717,0.484586,0.913049,-0.398412,0.0381843,-0.0784289,-3.658,1.09754,-1.17629
2.07,0.394007,0.0607025,0.48477,0.911571,-0.40138,0.0401008,-0.0795275,-3.76516,0.599579,-1.38155
2.08,0.394007,0.0607025,0.48477,0.911571,-0.40138,0.0401008,-0.0795275,-3.23449,1.14422,-1.79378
2.08,0.394007,0.0607025,0.48477,0.911571,-0.40138,0.0401008,-0.0795275,-3.23449,1.14422,-1.79378
2.08,0.396878,0.0579883,0.485086,0.910116,-0.404379,0.0414822,-0.0802899,-4.64758,1.59837,-1.24214
2.09,0.396878,0.0579883,0.485086,0.910116,-0.404379,0.0414822,-0.0802899,-4.64758,1.59837,-1.24214
2.1,0.399566,0.0550927,0.485184,0.908832,-0.407303,0.0415098,-0.0800393,-4.7626,1.31786,-1.36184
2.1,0.399566,0.0550927,0.485184,0.908832,-0.407303,0.0415098,-0.0800393,-3.85021,1.06832,-1.8564
2.1,0.399566,0.0550927,0.485184,0.908832,-0.407303,0.0415098,-0.0800393,-3.85021,1.06832,-1.8564
2.11,0.402357,0.052054,0.48568,0.907708,-0.409941,0.0418107,-0.0791636,-4.12585,1.18558,-1.53085
2.12,0.402357,0.052054,0.48568,0.907708,-0.409941,0.0418107,-0.0791636,-4.12585,1.18558,-1.53085
2.12,0.405129,0.0488957,0.486191,0.906589,-0.412563,0.0422068,-0.0781508,-3.32111,1.48103,-1.59049
2.12,0.405129,0.0488957,0.486191,0.906589,-0.412563,0.0422068,-0.0781508,-3.94255,1.58635,-0.783432
2.13,0.405129,0.0488957,0.486191,0.906589,-0.412563,0.0422068,-0.0781508,-3.94255,1.58635,-0.783432
2.14,0.407883,0.0454427,0.486483,0.905361,-0.415437,0.0424302,-0.0770217,-4.21492,1.84476,-0.943774
2.14,0.407883,0.0454427,0.486483,0.905361,-0.415437,0.0424302,-0.0770217,-4.21492,1.84476,-0.943774
2.14,0.407883,0.0454427,0.486483,0.905361,-0.415437,0.0424302,-0.0770217,-3.15306,1.32611,-1.13032
2.15,0.410664,0.0416852,0.486844,0.904169,-0.418274,0.0429916,-0.0753506,-3.15306,1.32611,-1.13032
2.16,0.410664,0.0416852,0.486844,0.904169,-0.418274,0.0429916,-0.0753506,-3.84332,1.60776,-0.686404
2.16,0.413385,0.0375119,0.48704,0.903148,-0.420867,0.0438418,-0.0726094,-3.78366,1.8355,-1.17122
2.16,0.413385,0.0375119,0.48704,0.903148,-0.420867,0.0438418,-0.0726094,-3.78366,1.8355,-1.17122
2.17,0.413385,0.0375119,0.48704,0.903148,-0.420867,0.0438418,-0.0726094,-4.27338,1.9725,-0.803787
2.18,0.416143,0.0330472,0.487153,0.902131,-0.423472,0.04472,-0.0695118,-4.27338,1.9725,-0.803787
2.18,0.416143,0.0330472,0.487153,0.902131,-0.423472,0.04472,-0.0695118,-4.23308,1.96951,-1.18705
2.18,0.418881,0.0281707,0.487195,0.90118,-0.425976,0.0457709,-0.0657602,-4.35401,1.63768,-1.15803
2.19,0.418881,0.0281707,0.487195,0.90118,-0.425976,0.0457709,-0.0657602,-4.35401,1.63768,-1.15803
2.19,0.418881,0.0281707,0.487195,0.90118,-0.425976,0.0457709,-0.0657602,-4.39844,1.94386,-1.21667
2.2,0.421752,0.0229586,0.487521,0.900157,-0.428537,0.0470193,-0.0621466,-4.39844,1.94386,-1.21667
2.2,0.421752,0.0229586,0.487521,0.900157,-0.428537,0.0470193,-0.0621466,-4.14338,1.63508,-0.816736
2.21,0.424583,0.0174496,0.487636,0.899213,-0.43096,0.0481861,-0.0580318,-4.75597,1.82111,-0.602069
2.22,0.424583,0.0174496,0.487636,0.899213,-0.43096,0.0481861,-0.0580318,-4.75597,1.82111,-0.602069
2.22,0.424583,0.0174496,0.487636,0.899213,-0.43096,0.0481861,-0.0580318,-2.85933,1.30959,-1.38419
2.22,0.427312,0.0118276,0.487645,0.898386,-0.433146,0.0494907,-0.0532646,-2.85933,1.30959,-1.38419
2.23,0.427312,0.0118276,0.487645,0.898386,-0.433146,0.0494907,-0.0532646,-3.81526,1.69023,-1.05485
2.24,0.430016,0.0060447,0.487632,0.897522,-0.435354,0.0507572,-0.0484264,-3.81526,1.69023,-1.05485
2.24,0.430016,0.0060447,0.487632,0.897522,-0.435354,0.0507572,-0.0484264,-2.48798,1.49216,-1.11222
2.24,0.430016,0.0060447,0.487632,0.897522,-0.435354,0.0507572,-0.0484264,-4.01619,1.8227,-0.663518
2.25,0.432464,0.000166014,0.487266,0.896605,-0.43764,0.0515851,-0.0437098,-4.01619,1.8227,-0.663518
2.26,0.432464,0.000166014,0.487266,0.896605,-0.43764,0.0515851,-0.0437098,-1.92124,1.39858,-1.35139
2.26,0.43469,-0.00548591,0.487105,0.895559,-0.440052,0.05233,-0.0398603,-1.92124,1.39858,-1.35139
2.26,0.43469,-0.00548591,0.487105,0.895559,-0.440052,0.05233,-0.0398603,-2.42411,1.58856,-1.44186
2.27,0.43469,-0.00548591,0.487105,0.895559,-0.440052,0.05233,-0.0398603,-2.05523,1.55916,-1.80599
2.28,0.436667,-0.0109514,0.486874,0.894234,-0.442941,0.0525972,-0.0371808,-2.05523,1.55916,-1.80599
2.28,0.436667,-0.0109514,0.486874,0.894234,-0.442941,0.0525972,-0.0371808,-2.68039,1.87678,-1.34197
2.28,0.438588,-0.0164788,0.486785,0.892408,-0.446708,0.0523744,-0.0362957,-2.68039,1.87678,-1.34197
2.29,0.438588,-0.0164788,0.486785,0.892408,-0.446708,0.0523744,-0.0362957,-2.06977,2.09227,-1.35256
2.3,0.438588,-0.0164788,0.486785,0.892408,-0.446708,0.0523744,-0.0362957,-1.32064,1.7818,-1.75868
2.3,0.440085,-0.021852,0.486703,0.89023,-0.451069,0.051808,-0.0366522,-1.32064,1.7818,-1.75868
2.31,0.440085,-0.021852,0.486703,0.89023,-0.451069,0.051808,-0.0366522,-1.79434,1.55326,-1.44414
2.31,0.441327,-0.0271327,0.48663,0.887919,-0.455605,0.0510519,-0.0376469,-1.79434,1.55326,-1.44414
2.32,0.441327,-0.0271327,0.48663,0.887919,-0.455605,0.0510519,-0.0376469,-1.26353,1.19648,-1.40068
2.32,0.441327,-0.0271327,0.48663,0.887919,-0.455605,0.0510519,-0.0376469,-1.26353,1.19648,-1.40068
2.33,0.44234,-0.0324003,0.486497,0.886025,-0.459362,0.0506994,-0.0371006,-1.9557,0.823986,-0.302979
2.33,0.44234,-0.0324003,0.486497,0.886025,-0.459362,0.0506994,-0.0371006,-2.08884,1.32148,-0.456111
2.34,0.442895,-0.0376333,0.485912,0.884634,-0.462215,0.0506336,-0.0348559,-2.08884,1.32148,-0.456111
2.34,0.442895,-0.0376333,0.485912,0.884634,-0.462215,0.0506336,-0.0348559,-1.54494,1.13658,-1.28346
2.35,0.442895,-0.0376333,0.485912,0.884634,-0.462215,0.0506336,-0.0348559,-1.54494,1.13658,-1.28346
2.35,0.443056,-0.0427777,0.485483,0.8836,-0.464373,0.0511344,-0.0315409,-1.20163,1.26769,-1.85211
2.36,0.443056,-0.0427777,0.485483,0.8836,-0.464373,0.0511344,-0.0315409,-0.499067,1.03305,-2.27893
2.36,0.442889,-0.0479657,0.485468,0.882737,-0.466128,0.0522922,-0.0276652,-0.499067,1.03305,-2.27893
2.37,0.442889,-0.0479657,0.485468,0.882737,-0.466128,0.0522922,-0.0276652,-0.872251,1.61822,-1.6771
2.37,0.442889,-0.0479657,0.485468,0.882737,-0.466128,0.0522922,-0.0276652,-0.872251,1.61822,-1.6771
2.38,0.442312,-0.0533097,0.485502,0.881935,-0.467739,0.0536238,-0.0231386,-0.161726,1.87881,-1.38831
2.38,0.442312,-0.0533097,0.485502,0.881935,-0.467739,0.0536238,-0.0231386,-0.304898,2.03088,-0.9814
2.39,0.441387,-0.0593079,0.485543,0.880931,-0.469695,0.0549781,-0.0179905,-0.304898,2.03088,-0.9814
2.39,0.441387,-0.0593079,0.485543,0.880931,-0.469695,0.0549781,-0.0179905,0.350251,2.30545,-0.907633
2.4,0.441387,-0.0593079,0.485543,0.880931,-0.469695,0.0549781,-0.0179905,0.350251,2.30545,-0.907633
2.4,0.440334,-0.0654471,0.485614,0.879791,-0.471845,0.0562139,-0.0130286,-0.206175,1.65939,-0.198796
2.41,0.440334,-0.0654471,0.485614,0.879791,-0.471845,0.0562139,-0.0130286,-0.206175,1.65939,-0.198796
2.41,0.440334,-0.0654471,0.485614,0.879791,-0.471845,0.0562139,-0.0130286,0.627714,1.39364,-0.0170213
2.42,0.439136,-0.0715632,0.485563,0.878708,-0.473842,0.0572963,-0.00802125,0.12041,2.01597,0.363893
2.42,0.439136,-0.0715632,0.485563,0.878708,-0.473842,0.0572963,-0.00802125,0.12041,2.01597,0.363893
2.43,0.437847,-0.0776433,0.485399,0.877451,-0.476126,0.0580287,-0.00390715,0.866334,1.61048,0.223793
2.43,0.437847,-0.0776433,0.485399,0.877451,-0.476126,0.0580287,-0.00390715,0.866334,1.61048,0.223793
2.44,0.437847,-0.0776433,0.485399,0.877451,-0.476126,0.0580287,-0.00390715,0.586495,0.880868,0.0482905
2.44,0.436556,-0.0832311,0.485206,0.876118,-0.478527,0.0585505,-0.000774967,1.10181,1.20569,-0.347834
2.44,0.436556,-0.0832311,0.485206,0.876118,-0.478527,0.0585505,-0.000774967,1.10181,1.20569,-0.347834
2.45,0.435148,-0.0888331,0.484925,0.874609,-0.481258,0.0587091,0.00188509,1.69242,1.06649,-0.3092
2.46,0.435148,-0.0888331,0.484925,0.874609,-0.481258,0.0587091,0.00188509,1.69242,1.06649,-0.3092
2.46,0.435148,-0.0888331,0.484925,0.874609,-0.481258,0.0587091,0.00188509,1.71391,0.110612,-0.317434
2.46,0.43378,-0.0937819,0.484532,0.87296,-0.484268,0.0584339,0.00323543,2.35444,-0.126074,-0.61331
2.47,0.43378,-0.0937819,0.484532,0.87296,-0.484268,0.0584339,0.00323543,2.35444,-0.126074,-0.61331
2.48,0.432398,-0.0981588,0.48422,0.87125,-0.487395,0.0579226,0.0036543,2.63537,0.0670151,-0.757656
2.48,0.432398,-0.0981588,0.48422,0.87125,-0.487395,0.0579226,0.0036543,2.63537,0.0670151,-0.757656
2.48,0.432398,-0.0981588,0.48422,0.87125,-0.487395,0.0579226,0.0036543,3.15358,0.156211,-1.00043
2.49,0.430913,-0.102299,0.484065,0.869496,-0.490607,0.0571772,0.00367803,3.15358,0.156211,-1.00043
2.5,0.430913,-0.102299,0.484065,0.869496,-0.490607,0.0571772,0.00367803,3.00182,-0.588102,-0.613383
2.5,0.429415,-0.105715,0.484055,0.867893,-0.493573,0.0560021,0.00342377,3.79924,-0.319225,-0.861293
2.5,0.429415,-0.105715,0.484055,0.867893,-0.493573,0.0560021,0.00342377,3.79924,-0.319225,-0.861293
2.51,0.429415,-0.105715,0.484055,0.867893,-0.493573,0.0560021,0.00342377,3.90396,0.0497952,-0.646198
2.52,0.42767,-0.108872,0.483992,0.8663,-0.496616,0.0537391,0.0031175,3.90396,0.0497952,-0.646198
2.52,0.42767,-0.108872,0.483992,0.8663,-0.496616,0.0537391,0.0031175,3.85699,-0.125102,-0.416299
2.52,0.425409,-0.111825,0.483888,0.864788,-0.499662,0.0496837,0.00332726,3.24696,0.260285,-0.373341
2.53,0.425409,-0.111825,0.483888,0.864788,-0.499662,0.0496837,0.00332726,3.24696,0.260285,-0.373341
2.54,0.425409,-0.111825,0.483888,0.864788,-0.499662,0.0496837,0.00332726,3.44904,-0.226482,-0.0225548
2.54,0.423179,-0.114607,0.48397,0.863404,-0.502383,0.0461669,0.00365711,3.44904,-0.226482,-0.0225548
2.54,0.423179,-0.114607,0.48397,0.863404,-0.502383,0.0461669,0.00365711,4.42288,-0.585372,-0.036385
2.55,0.420792,-0.117076,0.484046,0.862381,-0.504423,0.0428047,0.0048554,3.52951,-0.0402923,0.640091
2.56,0.420792,-0.117076,0.484046,0.862381,-0.504423,0.0428047,0.0048554,3.52951,-0.0402923,0.640091
2.56,0.420792,-0.117076,0.484046,0.862381,-0.504423,0.0428047,0.0048554,4.65407,-0.141144,0.694552
2.56,0.418485,-0.119714,0.484086,0.86164,-0.505821,0.0408471,0.00728669,4.65407,-0.141144,0.694552
2.57,0.418485,-0.119714,0.484086,0.86164,-0.505821,0.0408471,0.00728669,5.38922,-0.22056,1.07712
2.58,0.415715,-0.122695,0.483713,0.861354,-0.506257,0.0403736,0.0119355,5.38922,-0.22056,1.07712
2.58,0.415715,-0.122695,0.483713,0.861354,-0.506257,0.0403736,0.0119355,4.40793,0.342776,1.71228
2.58,0.415715,-0.122695,0.483713,0.861354,-0.506257,0.0403736,0.0119355,5.56815,-0.346683,0.76254
2.59,0.412823,-0.125581,0.483291,0.861194,-0.506318,0.0412908,0.0167841,5.56815,-0.346683,0.76254
2.6,0.412823,-0.125581,0.483291,0.861194,-0.506318,0.0412908,0.0167841,5.83424,-0.762212,0.609697
2.6,0.409711,-0.128099,0.483222,0.860873,-0.506621,0.0425138,0.0206189,5.83424,-0.762212,0.609697
2.6,0.409711,-0.128099,0.483222,0.860873,-0.506621,0.0425138,0.0206189,5.58914,-0.0557097,0.437103
2.61,0.409711,-0.128099,0.483222,0.860873,-0.506621,0.0425138,0.0206189,4.39062,0.383048,0.705722
2.62,0.406204,-0.13063,0.48297,0.860159,-0.507658,0.0432776,0.0231849,4.39062,0.383048,0.705722
2.62,0.406204,-0.13063,0.48297,0.860159,-0.507658,0.0432776,0.0231849,5.75575,-0.22378,0.441525
2.62,0.402485,-0.133021,0.482805,0.859367,-0.508827,0.0440882,0.0253054,5.75575,-0.22378,0.441525
2.63,0.402485,-0.133021,0.482805,0.859367,-0.508827,0.0440882,0.0253054,4.29639,0.217112,0.914702
2.64,0.402485,-0.133021,0.482805,0.859367,-0.508827,0.0440882,0.0253054,4.36793,0.00552616,0.735292
2.64,0.398787,-0.135393,0.482663,0.858485,-0.510161,0.0448236,0.0270257,4.36793,0.00552616,0.735292
2.64,0.398787,-0.135393,0.482663,0.858485,-0.510161,0.0448236,0.0270257,3.74253,-0.225433,0.819402
2.65,0.394981,-0.137604,0.482395,0.857889,-0.510947,0.045672,0.0295619,3.74253,-0.225433,0.819402
2.66,0.394981,-0.137604,0.482395,0.857889,-0.510947,0.045672,0.0295619,3.32049,0.158157,0.797312
2.66,0.394981,-0.137604,0.482395,0.857889,-0.510947,0.045672,0.0295619,3.32049,0.158157,0.797312
2.66,0.391159,-0.139695,0.482202,0.85725,-0.511797,0.0465885,0.0318632,4.06112,-0.360421,0.385483
2.67,0.391159,-0.139695,0.482202,0.85725,-0.511797,0.0465885,0.0318632,4.06212,0.00705771,0.793286
2.68,0.391159,-0.139695,0.482202,0.85725,-0.511797,0.0465885,0.0318632,4.06212,0.00705771,0.793286
2.68,0.387373,-0.141652,0.481987,0.856517,-0.512849,0.0472726,0.0336003,3.55584,0.488306,0.991848
2.68,0.387373,-0.141652,0.481987,0.856517,-0.512849,0.0472726,0.0336003,3.55584,0.488306,0.991848
2.69,0.383325,-0.143674,0.481593,0.855675,-0.514101,0.0478527,0.035065,4.47498,0.00102432,0.205832
2.7,0.383325,-0.143674,0.481593,0.855675,-0.514101,0.0478527,0.035065,4.35671,-0.282144,0.211862
2.7,0.383325,-0.143674,0.481593,0.855675,-0.514101,0.0478527,0.035065,4.35671,-0.282144,0.211862
2.7,0.379329,-0.145441,0.481323,0.854627,-0.515781,0.0483588,0.0352737,4.27376,-0.00673206,0.440162
2.71,0.379329,-0.145441,0.481323,0.854627,-0.515781,0.0483588,0.0352737,4.27376,-0.00673206,0.440162
2.72,0.375291,-0.147233,0.481153,0.853623,-0.517359,0.0489121,0.0357077,3.71445,0.17977,0.671947
2.72,0.375291,-0.147233,0.481153,0.853623,-0.517359,0.0489121,0.0357077,5.04048,-0.260563,0.109801
2.72,0.375291,-0.147233,0.481153,0.853623,-0.517359,0.0489121,0.0357077,5.04048,-0.260563,0.109801
2.73,0.371216,-0.149029,0.480994,0.85289,-0.518392,0.0497963,0.0369957,3.74075,0.172665,0.77654
2.74,0.371216,-0.149029,0.480994,0.85289,-0.518392,0.0497963,0.0369957,3.74075,0.172665,0.77654
2.74,0.367112,-0.150774,0.480719,0.852328,-0.519072,0.0507823,0.0390195,3.81627,-0.138816,0.815951
2.74,0.367112,-0.150774,0.480719,0.852328,-0.519072,0.0507823,0.0390195,3.81627,-0.138816,0.815951
2.75,0.367112,-0.150774,0.480719,0.852328,-0.519072,0.0507823,0.0390195,3.81862,-0.191465,0.765301
2.76,0.36303,-0.152381,0.480337,0.851923,-0.519456,0.0516461,0.0415515,3.98875,-0.0721622,0.733247
2.76,0.36303,-0.152381,0.480337,0.851923,-0.519456,0.0516461,0.0415515,3.98875,-0.0721622,0.733247
2.76,0.358963,-0.153941,0.47995,0.851495,-0.519872,0.0526037,0.0438466,3.87215,0.0603681,0.612376
2.77,0.358963,-0.153941,0.47995,0.851495,-0.519872,0.0526037,0.0438466,3.87215,0.0603681,0.612376
2.78,0.358963,-0.153941,0.47995,0.851495,-0.519872,0.0526037,0.0438466,2.99854,0.120482,1.05149
2.78,0.354762,-0.155495,0.479337,0.850799,-0.520846,0.0531621,0.045092,4.6052,0.246078,0.546568
2.78,0.354762,-0.155495,0.479337,0.850799,-0.520846,0.0531621,0.045092,4.6052,0.246078,0.546568
2.79,0.350792,-0.157007,0.478811,0.850029,-0.521992,0.0536471,0.0457954,2.94946,0.235718,0.560364
2.8,0.350792,-0.157007,0.478811,0.850029,-0.521992,0.0536471,0.0457954,2.94946,0.235718,0.560364
2.8,0.350792,-0.157007,0.478811,0.850029,-0.521992,0.0536471,0.0457954,3.22881,-0.0730785,0.619683
2.8,0.346845,-0.158376,0.478254,0.849055,-0.523577,0.0539107,0.0454483,2.00515,0.0304758,0.692068
2.81,0.346845,-0.158376,0.478254,0.849055,-0.523577,0.0539107,0.0454483,2.00515,0.0304758,0.692068
2.82,0.343327,-0.159498,0.477856,0.848121,-0.525137,0.0540996,0.0446695,2.51642,-0.157837,0.37256
2.82,0.343327,-0.159498,0.477856,0.848121,-0.525137,0.0540996,0.0446695,2.51642,-0.157837,0.37256
2.82,0.343327,-0.159498,0.477856,0.848121,-0.525137,0.0540996,0.0446695,1.84116,-0.305418,0.241032
2.83,0.340148,-0.160321,0.477548,0.847456,-0.526285,0.0536032,0.0443858,1.84116,-0.305418,0.241032
2.84,0.340148,-0.160321,0.477548,0.847456,-0.526285,0.0536032,0.0443858,2.00943,-0.122156,0.147994
2.84,0.337099,-0.161138,0.477457,0.847091,-0.526859,0.0527249,0.0455686,1.18177,0.471138,0.212664
2.84,0.337099,-0.161138,0.477457,0.847091,-0.526859,0.0527249,0.0455686,1.18177,0.471138,0.212664
2.85,0.337099,-0.161138,0.477457,0.847091,-0.526859,0.0527249,0.0455686,3.20742,-0.105418,-0.0651475
2.86,0.334159,-0.161874,0.477498,0.84693,-0.527016,0.0517815,0.0477739,3.20742,-0.105418,-0.0651475
2.86,0.334159,-0.161874,0.477498,0.84693,-0.527016,0.0517815,0.0477739,3.22574,-0.068424,0.426197
2.86,0.331089,-0.16261,0.477213,0.846544,-0.527669,0.0501549,0.0491292,3.33435,0.325824,0.206061
2.87,0.331089,-0.16261,0.477213,0.846544,-0.527669,0.0501549,0.0491292,3.33435,0.325824,0.206061
2.88,0.331089,-0.16261,0.477213,0.846544,-0.527669,0.0501549,0.0491292,4.04591,-0.484776,0.0909087
2.88,0.327849,-0.163386,0.477231,0.846066,-0.528515,0.0477552,0.0506234,4.04591,-0.484776,0.0909087
2.88,0.327849,-0.163386,0.477231,0.846066,-0.528515,0.0477552,0.0506234,2.9581,0.117691,0.582115
2.89,0.327849,-0.163386,0.477231,0.846066,-0.528515,0.0477552,0.0506234,4.47411,-0.688187,0.248631
2.9,0.324582,-0.164155,0.477149,0.845602,-0.529318,0.0453679,0.0521674,4.47411,-0.688187,0.248631
2.9,0.324582,-0.164155,0.477149,0.845602,-0.529318,0.0453679,0.0521674,3.7531,-0.554553,0.241839
2.9,0.321228,-0.164725,0.476952,0.845218,-0.529979,0.0428496,0.0537919,3.7531,-0.554553,0.241839
2.91,0.321228,-0.164725,0.476952,0.845218,-0.529979,0.0428496,0.0537919,3.41474,-0.16982,0.661472
2.92,0.321228,-0.164725,0.476952,0.845218,-0.529979,0.0428496,0.0537919,3.41474,-0.16982,0.661472
2.92,0.318086,-0.165214,0.476784,0.844709,-0.530858,0.0413302,0.054302,3.86195,-0.938709,1.53139
2.92,0.318086,-0.165214,0.476784,0.844709,-0.530858,0.0413302,0.054302,4.08244,-0.362223,1.54332
2.93,0.315185,-0.165446,0.476255,0.844313,-0.531528,0.0408966,0.0542217,4.08244,-0.362223,1.54332
2.94,0.315185,-0.165446,0.476255,0.844313,-0.531528,0.0408966,0.0542217,4.60343,-0.741,1.45291
2.94,0.315185,-0.165446,0.476255,0.844313,-0.531528,0.0408966,0.0542217,4.60343,-0.741,1.45291
2.94,0.312066,-0.165578,0.475637,0.844148,-0.53169,0.0414862,0.0547605,5.66943,-1.18347,1.04904
2.95,0.312066,-0.165578,0.475637,0.844148,-0.53169,0.0414862,0.0547605,4.00261,-1.06165,0.82256
2.96,0.308919,-0.165688,0.474971,0.844242,-0.531291,0.0424882,0.0563967,4.00261,-1.06165,0.82256
2.96,0.308919,-0.165688,0.474971,0.844242,-0.531291,0.0424882,0.0563967,4.47426,-1.07566,0.217338
2.96,0.308919,-0.165688,0.474971,0.844242,-0.531291,0.0424882,0.0563967,4.47426,-1.07566,0.217338
2.97,0.30577,-0.16554,0.474751,0.844368,-0.530817,0.0439746,0.0578183,4.24383,-1.64875,-0.320093
2.98,0.30577,-0.16554,0.474751,0.844368,-0.530817,0.0439746,0.0578183,4.14269,-0.925415,-0.221472
2.98,0.302767,-0.165103,0.474917,0.844439,-0.530501,0.0450901,0.0588003,4.14269,-0.925415,-0.221472
2.98,0.302767,-0.165103,0.474917,0.844439,-0.530501,0.0450901,0.0588003,2.85473,-0.578873,-0.0837007
2.99,0.302767,-0.165103,0.474917,0.844439,-0.530501,0.0450901,0.0588003,2.85473,-0.578873,-0.0837007
3.0,0.29951,-0.164434,0.475216,0.844562,-0.530161,0.0445571,0.060493,3.84582,-0.720412,-0.694658
3.0,0.29951,-0.164434,0.475216,0.844562,-0.530161,0.0445571,0.060493,3.84582,-0.720412,-0.694658
3.0,0.296302,-0.163566,0.475671,0.844569,-0.530124,0.0433272,0.0616032,3.21626,-0.837831,-0.299516
3.01,0.296302,-0.163566,0.475671,0.844569,-0.530124,0.0433272,0.0616032,3.13711,-0.905097,-0.115392
3.02,0.296302,-0.163566,0.475671,0.844569,-0.530124,0.0433272,0.0616032,3.13711,-0.905097,-0.115392
3.02,0.292892,-0.162328,0.47617,0.844442,-0.530512,0.040254,0.0620867,2.84389,-0.750935,-0.355828
3.02,0.292892,-0.162328,0.47617,0.844442,-0.530512,0.040254,0.0620867,2.84389,-0.750935,-0.355828
3.03,0.289487,-0.160971,0.476593,0.844363,-0.530814,0.0372814,0.0624384,3.78975,-1.03955,-0.265851
3.04,0.289487,-0.160971,0.476593,0.844363,-0.530814,0.0372814,0.0624384,3.05318,-1.34879,0.0480854
3.04,0.289487,-0.160971,0.476593,0.844363,-0.530814,0.0372814,0.0624384,3.05318,-1.34879,0.0480854
3.04,0.28619,-0.159477,0.477182,0.844418,-0.530887,0.0341931,0.0628385,2.89889,-1.57781,0.257284
3.05,0.28619,-0.159477,0.477182,0.844418,-0.530887,0.0341931,0.0628385,2.89889,-1.57781,0.257284
3.06,0.282834,-0.157907,0.477821,0.844534,-0.530856,0.0305913,0.0633899,3.42907,-1.94406,0.275893
3.06,0.282834,-0.157907,0.477821,0.844534,-0.530856,0.0305913,0.0633899,3.44571,-2.10073,0.769689
3.06,0.282834,-0.157907,0.477821,0.844534,-0.530856,0.0305913,0.0633899,3.44571,-2.10073,0.769689
3.07,0.279339,-0.156149,0.478001,0.844775,-0.530613,0.0269036,0.063893,2.3215,-1.60948,1.04225
3.08,0.279339,-0.156149,0.478001,0.844775,-0.530613,0.0269036,0.063893,2.3215,-1.60948,1.04225
3.08,0.279339,-0.156149,0.478001,0.844775,-0.530613,0.0269036,0.063893,3.61622,-2.05085,0.395281
3.08,0.276249,-0.154331,0.47845,0.845155,-0.530091,0.0250027,0.0639651,3.61622,-2.05085,0.395281
3.09,0.276249,-0.154331,0.47845,0.845155,-0.530091,0.0250027,0.0639651,2.95601,-2.27126,0.570401
3.1,0.273365,-0.152334,0.479028,0.845712,-0.529262,0.0236021,0.0639959,2.71463,-1.6524,1.04955
3.1,0.273365,-0.152334,0.479028,0.845712,-0.529262,0.0236021,0.0639959,2.71463,-1.6524,1.04955
3.1,0.273365,-0.152334,0.479028,0.845712,-0.529262,0.0236021,0.0639959,3.88472,-1.95305,0.75575
3.11,0.270554,-0.150172,0.47917,0.846469,-0.528121,0.0226073,0.0637734,3.88472,-1.95305,0.75575
3.12,0.270554,-0.150172,0.47917,0.846469,-0.528121,0.0226073,0.0637734,3.35228,-1.52201,0.925359
3.12,0.267514,-0.14791,0.479354,0.847238,-0.526963,0.0205564,0.0638318,2.98359,-1.30408,0.406534
3.12,0.267514,-0.14791,0.479354,0.847238,-0.526963,0.0205564,0.0638318,2.98359,-1.30408,0.406534
3.13,0.267514,-0.14791,0.479354,0.847238,-0.526963,0.0205564,0.0638318,3.7325,-1.82222,-0.226652
3.14,0.264418,-0.145681,0.479686,0.847978,-0.525839,0.0186583,0.06386,3.7325,-1.82222,-0.226652
3.14,0.264418,-0.145681,0.479686,0.847978,-0.525839,0.0186583,0.06386,3.04056,-1.96241,-0.248198
3.14,0.261398,-0.143526,0.480372,0.848695,-0.524739,0.0169705,0.0638577,2.68157,-1.99954,0.134692
3.15,0.261398,-0.143526,0.480372,0.848695,-0.524739,0.0169705,0.0638577,2.68157,-1.99954,0.134692
3.16,0.261398,-0.143526,0.480372,0.848695,-0.524739,0.0169705,0.0638577,3.47059,-2.48798,0.0204181
3.16,0.258155,-0.141057,0.481042,0.849606,-0.523321,0.0141644,0.0640599,3.47059,-2.48798,0.0204181
3.16,0.258155,-0.141057,0.481042,0.849606,-0.523321,0.0141644,0.0640599,3.35126,-2.03023,0.489468
3.17,0.254784,-0.138425,0.48138,0.850618,-0.521725,0.0108637,0.0643031,3.35126,-2.03023,0.489468
3.18,0.254784,-0.138425,0.48138,0.850618,-0.521725,0.0108637,0.0643031,1.90707,-1.47815,0.528855
3.18,0.254784,-0.138425,0.48138,0.850618,-0.521725,0.0108637,0.0643031,3.55483,-2.31133,0.143071
3.18,0.251884,-0.135842,0.482015,0.851781,-0.519877,0.00923656,0.0641246,3.55483,-2.31133,0.143071
3.19,0.251884,-0.135842,0.482015,0.851781,-0.519877,0.00923656,0.0641246,3.36351,-1.75785,0.700778
3.2,0.248953,-0.13313,0.482659,0.853039,-0.517881,0.00744463,0.06378,3.36351,-1.75785,0.700778
3.2,0.248953,-0.13313,0.482659,0.853039,-0.517881,0.00744463,0.06378,2.43298,-1.31083,1.48604
3.2,0.248953,-0.13313,0.482659,0.853039,-0.517881,0.00744463,0.06378,3.50418,-1.72937,1.11142
3.21,0.245791,-0.130388,0.482761,0.854247,-0.515954,0.00509617,0.0634658,3.50418,-1.72937,1.11142
3.22,0.245791,-0.130388,0.482761,0.854247,-0.515954,0.00509617,0.0634658,3.65263,-2.09872,0.922015
3.22,0.242932,-0.12767,0.483031,0.855623,-0.513733,0.00418923,0.063002,3.65263,-2.09872,0.922015
3.22,0.242932,-0.12767,0.483031,0.855623,-0.513733,0.00418923,0.063002,2.49463,-1.59838,0.88928
3.23,0.242932,-0.12767,0.483031,0.855623,-0.513733,0.00418923,0.063002,2.88685,-1.70379,0.663873
3.24,0.240236,-0.125104,0.483404,0.857012,-0.511454,0.0036796,0.0627065,2.88685,-1.70379,0.663873
3.24,0.240236,-0.125104,0.483404,0.857012,-0.511454,0.0036796,0.0627065,3.13273,-1.97946,0.686977
3.24,0.237551,-0.122229,0.483687,0.858721,-0.508628,0.0036072,0.0623105,3.13273,-1.97946,0.686977
3.25,0.237551,-0.122229,0.483687,0.858721,-0.508628,0.0036072,0.0623105,3.07175,-1.86562,0.838818
3.26,0.237551,-0.122229,0.483687,0.858721,-0.508628,0.0036072,0.0623105,3.07175,-1.86562,0.838818
3.26,0.234801,-0.119377,0.484011,0.860408,-0.505797,0.00247855,0.0621457,2.37218,-1.72832,0.622784
3.26,0.234801,-0.119377,0.484011,0.860408,-0.505797,0.00247855,0.0621457,1.96756,-1.63916,0.722953
3.27,0.234801,-0.119377,0.484011,0.860408,-0.505797,0.00247855,0.0621457,1.96756,-1.63916,0.722953
3.28,0.232218,-0.11657,0.484083,0.862118,-0.502921,0.00143808,0.0618144,3.09428,-1.71816,0.34135
3.28,0.232218,-0.11657,0.484083,0.862118,-0.502921,0.00143808,0.0618144,3.09428,-1.71816,0.34135
3.28,0.229566,-0.113793,0.484367,0.863777,-0.500117,-2.59837e-05,0.0614188,2.06462,-1.44063,0.495659
3.29,0.229566,-0.113793,0.484367,0.863777,-0.500117,-2.59837e-05,0.0614188,2.49294,-1.27894,0.688001
3.3,0.229566,-0.113793,0.484367,0.863777,-0.500117,-2.59837e-05,0.0614188,2.49294,-1.27894,0.688001
3.3,0.226869,-0.111002,0.484709,0.865364,-0.497451,-0.00233272,0.0606765,2.50243,-1.36147,0.428722
3.3,0.226869,-0.111002,0.484709,0.865364,-0.497451,-0.00233272,0.0606765,2.50243,-1.36147,0.428722
3.31,0.224176,-0.108152,0.484798,0.866949,-0.494821,-0.0045302,0.0594206,2.63682,-1.24198,0.560326
3.32,0.224176,-0.108152,0.484798,0.866949,-0.494821,-0.0045302,0.0594206,2.20051,-1.26596,0.718773
3.32,0.224176,-0.108152,0.484798,0.866949,-0.494821,-0.0045302,0.0594206,2.20051,-1.26596,0.718773
3.32,0.221636,-0.10535,0.484905,0.868484,-0.492308,-0.00666339,0.0576592,2.73966,-1.4801,0.699408
3.33,0.221636,-0.10535,0.484905,0.868484,-0.492308,-0.00666339,0.0576592,2.73966,-1.4801,0.699408
3.34,0.219096,-0.102512,0.48531,0.870048,-0.489747,-0.00875523,0.0555688,2.70003,-1.46433,0.817645
3.34,0.219096,-0.102512,0.48531,0.870048,-0.489747,-0.00875523,0.0555688,2.70003,-1.46433,0.817645
3.34,0.219096,-0.102512,0.48531,0.870048,-0.489747,-0.00875523,0.0555688,2.55995,-1.76758,1.27349
3.35,0.216717,-0.0997079,0.485493,0.871713,-0.486974,-0.0102897,0.053551,2.60441,-1.75875,1.29209
3.36,0.216717,-0.0997079,0.485493,0.871713,-0.486974,-0.0102897,0.053551,2.60441,-1.75875,1.29209
3.36,0.214278,-0.096973,0.485354,0.873433,-0.484004,-0.0117692,0.0521189,2.53932,-1.75624,1.10759
3.36,0.214278,-0.096973,0.485354,0.873433,-0.484004,-0.0117692,0.0521189,2.53932,-1.75624,1.10759
3.37,0.214278,-0.096973,0.485354,0.873433,-0.484004,-0.0117692,0.0521189,2.36067,-1.93601,1.03813
3.38,0.212281,-0.0945072,0.485374,0.875228,-0.480861,-0.0117381,0.0511014,1.97225,-1.68201,1.15222
3.38,0.212281,-0.0945072,0.485374,0.875228,-0.480861,-0.0117381,0.0511014,1.97225,-1.68201,1.15222
3.38,0.210143,-0.0921395,0.485236,0.877034,-0.477568,-0.0122934,0.0508821,2.41795,-1.34249,1.02546
3.39,0.210143,-0.0921395,0.485236,0.877034,-0.477568,-0.0122934,0.0508821,2.41795,-1.34249,1.02546
3.4,0.210143,-0.0921395,0.485236,0.877034,-0.477568,-0.0122934,0.0508821,1.75422,-1.35327,0.680472
3.4,0.208195,-0.0899658,0.485018,0.878709,-0.474524,-0.0122991,0.0504542,1.82992,-1.32122,0.860769
3.4,0.208195,-0.0899658,0.485018,0.878709,-0.474524,-0.0122991,0.0504542,1.82992,-1.32122,0.860769
3.41,0.206385,-0.0879296,0.485134,0.880282,-0.471697,-0.011859,0.0496454,2.38727,-1.55248,0.638584
3.42,0.206385,-0.0879296,0.485134,0.880282,-0.471697,-0.011859,0.0496454,2.38727,-1.55248,0.638584
3.42,0.206385,-0.0879296,0.485134,0.880282,-0.471697,-0.011859,0.0496454,2.09143,-1.611,0.916863
3.42,0.204281,-0.0858542,0.485153,0.881703,-0.469095,-0.0132455,0.0487293,2.09143,-1.611,0.916863
3.43,0.204281,-0.0858542,0.485153,0.881703,-0.469095,-0.0132455,0.0487293,2.15412,-1.75204,0.950981
3.44,0.20236,-0.0834395,0.48492,0.883222,-0.466403,-0.0151936,0.0464351,2.20855,-1.83027,0.691095
3.44,0.20236,-0.0834395,0.48492,0.883222,-0.466403,-0.0151936,0.0464351,2.20855,-1.83027,0.691095
3.44,0.20236,-0.0834395,0.48492,0.883222,-0.466403,-0.0151936,0.0464351,2.00685,-1.87446,0.315618
3.45,0.200432,-0.0807105,0.484746,0.884733,-0.463802,-0.0180068,0.0425599,2.00685,-1.87446,0.315618
3.46,0.200432,-0.0807105,0.484746,0.884733,-0.463802,-0.0180068,0.0425599,1.45831,-1.84651,0.202715
3.46,0.200432,-0.0807105,0.484746,0.884733,-0.463802,-0.0180068,0.0425599,2.06009,-1.88699,0.179788
3.46,0.198976,-0.0780214,0.485036,0.88632,-0.461091,-0.0196371,0.038023,2.06009,-1.88699,0.179788
3.47,0.198976,-0.0780214,0.485036,0.88632,-0.461091,-0.0196371,0.038023,1.45539,-2.01802,1.03179
3.48,0.197322,-0.0753607,0.485258,0.88789,-0.458256,-0.0220649,0.0341421,1.45539,-2.01802,1.03179
3.48,0.197322,-0.0753607,0.485258,0.88789,-0.458256,-0.0220649,0.0341421,2.0814,-1.99309,1.25972
3.48,0.197322,-0.0753607,0.485258,0.88789,-0.458256,-0.0220649,0.0341421,2.97532,-2.5498,1.26807
3.49,0.195593,-0.0728589,0.485316,0.889528,-0.455091,-0.02476,0.0319199,2.97532,-2.5498,1.26807
3.5,0.195593,-0.0728589,0.485316,0.889528,-0.455091,-0.02476,0.0319199,2.05985,-2.16848,1.5305
3.5,0.193857,-0.0704845,0.485222,0.891191,-0.451746,-0.0274256,0.0308706,2.05985,-2.16848,1.5305
3.5,0.193857,-0.0704845,0.485222,0.891191,-0.451746,-0.0274256,0.0308706,1.53506,-1.99237,1.2406
3.51,0.193857,-0.0704845,0.485222,0.891191,-0.451746,-0.0274256,0.0308706,1.53506,-1.99237,1.2406
3.52,0.192523,-0.0682383,0.485148,0.892852,-0.448458,-0.0284677,0.0298364,1.85531,-1.98609,1.17119
3.52,0.192523,-0.0682383,0.485148,0.892852,-0.448458,-0.0284677,0.0298364,2.06016,-1.52159,1.23067
3.52,0.191631,-0.0661656,0.484976,0.894496,-0.445348,-0.0274995,0.028033,2.06016,-1.52159,1.23067
3.53,0.191631,-0.0661656,0.484976,0.894496,-0.445348,-0.0274995,0.028033,3.37009,-1.98968,1.14874
3.54,0.191631,-0.0661656,0.484976,0.894496,-0.445348,-0.0274995,0.028033,3.37009,-1.98968,1.14874
3.54,0.190768,-0.064305,0.484892,0.896119,-0.442273,-0.0255309,0.0266935,3.19893,-2.08043,1.68713
3.54,0.190768,-0.064305,0.484892,0.896119,-0.442273,-0.0255309,0.0266935,3.05075,-2.34034,1.55527
3.55,0.189905,-0.0627155,0.484817,0.897599,-0.439446,-0.0236108,0.0253981,3.05075,-2.34034,1.55527
3.56,0.189905,-0.0627155,0.484817,0.897599,-0.439446,-0.0236108,0.0253981,2.21475,-2.60669,1.45289
3.56,0.189905,-0.0627155,0.484817,0.897599,-0.439446,-0.0236108,0.0253981,2.21475,-2.60669,1.45289
3.56,0.189001,-0.0608928,0.484483,0.899209,-0.436326,-0.0220191,0.0236082,2.35931,-2.58539,1.26382
3.57,0.189001,-0.0608928,0.484483,0.899209,-0.436326,-0.0220191,0.0236082,2.87533,-2.63644,0.570212
3.58,0.188126,-0.0589871,0.484242,0.900847,-0.433122,-0.0204863,0.0214471,2.87533,-2.63644,0.570212
3.58,0.188126,-0.0589871,0.484242,0.900847,-0.433122,-0.0204863,0.0214471,1.85909,-2.47615,0.305509
3.58,0.188126,-0.0589871,0.484242,0.900847,-0.433122,-0.0204863,0.0214471,1.85909,-2.47615,0.305509
3.59,0.187322,-0.0568667,0.48438,0.902628,-0.429588,-0.0192498,0.0186281,1.89436,-2.6047,0.239944
3.6,0.187322,-0.0568667,0.48438,0.902628,-0.429588,-0.0192498,0.0186281,1.89436,-2.6047,0.239944
3.6,0.18637,-0.0545682,0.484536,0.904398,-0.425979,-0.019216,0.0153886,1.65505,-2.72879,0.544425
3.6,0.18637,-0.0545682,0.484536,0.904398,-0.425979,-0.019216,0.0153886,2.14832,-2.70039,0.46142
3.61,0.18637,-0.0545682,0.484536,0.904398,-0.425979,-0.019216,0.0153886,2.14832,-2.70039,0.46142
3.62,0.185193,-0.0522406,0.484462,0.906094,-0.422373,-0.020798,0.0127372,1.99176,-2.94872,0.195563
3.62,0.185193,-0.0522406,0.484462,0.906094,-0.422373,-0.020798,0.0127372,1.99176,-2.94872,0.195563
3.62,0.184054,-0.0499188,0.484423,0.907828,-0.418597,-0.0226062,0.0106894,0.673911,-2.63878,-0.0716141
3.63,0.184054,-0.0499188,0.484423,0.907828,-0.418597,-0.0226062,0.0106894,0.858209,-2.75413,-0.219601
3.64,0.184054,-0.0499188,0.484423,0.907828,-0.418597,-0.0226062,0.0106894,0.858209,-2.75413,-0.219601
3.64,0.183248,-0.0475555,0.484447,0.909574,-0.414781,-0.0236803,0.0084161,1.05363,-2.84092,-0.162539
3.64,0.183248,-0.0475555,0.484447,0.909574,-0.414781,-0.0236803,0.0084161,1.05363,-2.84092,-0.162539
3.65,0.182532,-0.0451846,0.484406,0.911268,-0.411017,-0.0247811,0.00647206,1.19331,-2.80893,-0.168154
3.66,0.182532,-0.0451846,0.484406,0.911268,-0.411017,-0.0247811,0.00647206,1.70477,-3.03467,-0.0254872
3.66,0.182532,-0.0451846,0.484406,0.911268,-0.411017,-0.0247811,0.00647206,1.70477,-3.03467,-0.0254872
3.66,0.181666,-0.042729,0.484333,0.912962,-0.407151,-0.0265191,0.00489721,1.03644,-2.74278,-0.113261
3.67,0.181666,-0.042729,0.484333,0.912962,-0.407151,-0.0265191,0.00489721,1.03644,-2.74278,-0.113261
3.68,0.180912,-0.0403276,0.48453,0.914654,-0.403266,-0.0277496,0.00391749,1.15812,-3.02578,-0.132384
3.68,0.180912,-0.0403276,0.48453,0.914654,-0.403266,-0.0277496,0.00391749,1.15812,-3.02578,-0.132384
3.68,0.180912,-0.0403276,0.48453,0.914654,-0.403266,-0.0277496,0.00391749,1.53777,-2.86612,0.228574
3.69,0.18047,-0.0379037,0.484783,0.91627,-0.399559,-0.0281821,0.0027495,2.16633,-3.04272,0.656764
3.7,0.18047,-0.0379037,0.484783,0.91627,-0.399559,-0.0281821,0.0027495,2.16633,-3.04272,0.656764
3.7,0.180115,-0.03518,0.484916,0.917881,-0.395831,-0.0284629,0.00165275,2.06023,-3.57228,1.04353
3.7,0.180115,-0.03518,0.484916,0.917881,-0.395831,-0.0284629,0.00165275,2.06023,-3.57228,1.04353
3.71,0.180115,-0.03518,0.484916,0.917881,-0.395831,-0.0284629,0.00165275,2.2413,-3.11856,0.957754
3.72,0.179844,-0.0322627,0.485041,0.919481,-0.392061,-0.0290403,-0.000444492,2.36579,-3.44231,1.16059
3.72,0.179844,-0.0322627,0.485041,0.919481,-0.392061,-0.0290403,-0.000444492,2.36579,-3.44231,1.16059
3.72,0.179844,-0.0322627,0.485041,0.919481,-0.392061,-0.0290403,-0.000444492,2.49946,-3.17551,1.13268
3.73,0.179614,-0.0290053,0.485297,0.92102,-0.388335,-0.0300661,-0.00371714,2.49946,-3.17551,1.13268
3.74,0.179614,-0.0290053,0.485297,0.92102,-0.388335,-0.0300661,-0.00371714,2.61849,-3.33936,1.21986
3.74,0.179327,-0.0255998,0.485474,0.922437,-0.384772,-0.0318084,-0.0069872,2.86364,-3.24737,1.56977
3.74,0.179327,-0.0255998,0.485474,0.922437,-0.384772,-0.0318084,-0.0069872,2.86364,-3.24737,1.56977
3.75,0.179327,-0.0255998,0.485474,0.922437,-0.384772,-0.0318084,-0.0069872,2.03505,-3.21707,1.92693
3.76,0.17895,-0.0222041,0.485446,0.923814,-0.381221,-0.0339265,-0.00929919,2.03505,-3.21707,1.92693
3.76,0.17895,-0.0222041,0.485446,0.923814,-0.381221,-0.0339265,-0.00929919,2.0897,-3.48859,1.93914
3.76,0.178598,-0.0188503,0.485303,0.92516,-0.377762,-0.035802,-0.00963085,2.0897,-3.48859,1.93914
3.77,0.178598,-0.0188503,0.485303,0.92516,-0.377762,-0.035802,-0.00963085,1.79848,-2.80692,1.63672
3.78,0.178598,-0.0188503,0.485303,0.92516,-0.377762,-0.035802,-0.00963085,2.15557,-2.49481,1.70966
3.78,0.178456,-0.0158157,0.485334,0.926521,-0.3744,-0.0362209,-0.00844062,2.15557,-2.49481,1.70966
3.78,0.178456,-0.0158157,0.485334,0.926521,-0.3744,-0.0362209,-0.00844062,2.73561,-2.3131,1.82724
3.79,0.178458,-0.0133613,0.485442,0.92766,-0.371736,-0.0350477,-0.00553656,2.73561,-2.3131,1.82724
3.8,0.178458,-0.0133613,0.485442,0.92766,-0.371736,-0.0350477,-0.00553656,2.35688,-1.637,2.18047
3.8,0.178458,-0.0133613,0.485442,0.92766,-0.371736,-0.0350477,-0.00553656,2.86115,-2.22274,2.18792
3.8,0.178432,-0.0113748,0.485425,0.928538,-0.369705,-0.0336209,-0.00197892,2.86115,-2.22274,2.18792
3.81,0.178432,-0.0113748,0.485425,0.928538,-0.369705,-0.0336209,-0.00197892,2.27504,-1.53826,1.76175
3.82,0.178409,-0.00963371,0.485543,0.92922,-0.368126,-0.0321276,0.00133437,2.27504,-1.53826,1.76175
3.82,0.178409,-0.00963371,0.485543,0.92922,-0.368126,-0.0321276,0.00133437,1.76689,-1.24749,1.62384
3.82,0.178409,-0.00963371,0.485543,0.92922,-0.368126,-0.0321276,0.00133437,1.73552,-0.505543,1.551
3.83,0.17837,-0.00837436,0.485677,0.929583,-0.367299,-0.030821,0.00406941,1.73552,-0.505543,1.551
3.84,0.17837,-0.00837436,0.485677,0.929583,-0.367299,-0.030821,0.00406941,0.594169,0.873763,1.28838
3.84,0.178372,-0.00774549,0.485751,0.929722,-0.366989,-0.0300481,0.00568563,0.594169,0.873763,1.28838
3.84,0.178372,-0.00774549,0.485751,0.929722,-0.366989,-0.0300481,0.00568563,0.596202,1.60906,0.83578
3.85,0.178372,-0.00774549,0.485751,0.929722,-0.366989,-0.0300481,0.00568563,0.596202,1.60906,0.83578
3.86,0.178385,-0.00770634,0.485884,0.929746,-0.366955,-0.0296459,0.00613533,0.203152,1.14667,0.120722
3.86,0.178385,-0.00770634,0.485884,0.929746,-0.366955,-0.0296459,0.00613533,0.525358,0.626108,-0.406871
3.86,0.178386,-0.00773237,0.486324,0.92975,-0.366985,-0.0291838,0.00593507,0.525358,0.626108,-0.406871
3.87,0.178386,-0.00773237,0.486324,0.92975,-0.366985,-0.0291838,0.00593507,0.716218,0.142611,-0.445579
3.88,0.178386,-0.00773237,0.486324,0.92975,-0.366985,-0.0291838,0.00593507,0.716218,0.142611,-0.445579
3.88,0.178396,-0.00776288,0.486797,0.929756,-0.36701,-0.028719,0.0057173,0.85201,0.00684185,0.0970992
3.88,0.178396,-0.00776288,0.486797,0.929756,-0.36701,-0.028719,0.0057173,0.922965,0.000780804,0.58396
3.89,0.178395,-0.00777097,0.486941,0.929756,-0.367024,-0.0285663,0.00565603,0.922965,0.000780804,0.58396
3.9,0.178395,-0.00777097,0.486941,0.929756,-0.367024,-0.0285663,0.00565603,1.07813,-0.0514029,0.383148
3.9,0.178395,-0.00777097,0.486941,0.929756,-0.367024,-0.0285663,0.00565603,1.07813,-0.0514029,0.383148
3.9,0.178393,-0.00777581,0.486964,0.929756,-0.367026,-0.028542,0.00563372,1.08401,-0.0182463,0.317259
3.91,0.178393,-0.00777581,0.486964,0.929756,-0.367026,-0.028542,0.00563372,1.06355,0.149498,0.366223
3.92,0.178394,-0.00777819,0.486971,0.929755,-0.367028,-0.0285376,0.00562675,1.06355,0.149498,0.366223
3.92,0.178394,-0.00777819,0.486971,0.929755,-0.367028,-0.0285376,0.00562675,0.968658,0.248029,0.214303
3.92,0.178394,-0.00777819,0.486971,0.929755,-0.367028,-0.0285376,0.00562675,0.968658,0.248029,0.214303
3.93,0.178396,-0.00778085,0.487025,0.929753,-0.367038,-0.028476,0.00560422,1.0198,0.236331,-0.101235
3.94,0.178396,-0.00778085,0.487025,0.929753,-0.367038,-0.028476,0.00560422,1.0198,0.236331,-0.101235
3.94,0.178404,-0.00779122,0.487184,0.929757,-0.367043,-0.0283049,0.00552982,0.824528,0.183531,-0.179073
3.94,0.178404,-0.00779122,0.487184,0.929757,-0.367043,-0.0283049,0.00552982,0.714682,0.221316,-0.0734334
3.95,0.178404,-0.00779122,0.487184,0.929757,-0.367043,-0.0283049,0.00552982,0.714682,0.221316,-0.0734334
3.96,0.178408,-0.00780359,0.487297,0.929753,-0.367063,-0.0281878,0.00546531,0.739417,0.419325,-0.212612
3.96,0.178408,-0.00780359,0.487297,0.929753,-0.367063,-0.0281878,0.00546531,0.739417,0.419325,-0.212612
3.97,0.178415,-0.00781077,0.487399,0.929754,-0.367068,-0.0280772,0.00541276,0.677321,0.480594,-0.257395
3.97,0.178415,-0.00781077,0.487399,0.929754,-0.367068,-0.0280772,0.00541276,0.66375,0.645641,-0.290377
3.98,0.178415,-0.00781077,0.487399,0.929754,-0.367068,-0.0280772,0.00541276,0.66375,0.645641,-0.290377
3.98,0.17842,-0.00782991,0.487519,0.929752,-0.367084,-0.0279616,0.00533189,0.661362,0.840966,-0.364667
3.98,0.17842,-0.00782991,0.487519,0.929752,-0.367084,-0.0279616,0.00533189,0.661362,0.840966,-0.364667
3.99,0.178421,-0.00783415,0.487611,0.929752,-0.367094,-0.0278625,0.0052894,0.687239,0.795695,-0.375237
4.0,0.178421,-0.00783415,0.487611,0.929752,-0.367094,-0.0278625,0.0052894,0.798513,0.788346,-0.433829
4.0,0.178421,-0.00783415,0.487611,0.929752,-0.367094,-0.0278625,0.0052894,0.798513,0.788346,-0.433829
4.0,0.178425,-0.00784205,0.487727,0.929753,-0.367101,-0.0277398,0.00523212,0.742975,0.769461,-0.61749
4.01,0.178425,-0.00784205,0.487727,0.929753,-0.367101,-0.0277398,0.00523212,0.742975,0.769461,-0.61749
4.01,0.178423,-0.00784528,0.487811,0.929754,-0.367104,-0.0276464,0.00519504,0.78787,0.681796,-0.494913
4.02,0.178423,-0.00784528,0.487811,0.929754,-0.367104,-0.0276464,0.00519504,0.78787,0.681796,-0.494913
4.03,0.178423,-0.00784528,0.487811,0.929754,-0.367104,-0.0276464,0.00519504,0.761835,0.62694,-0.523475
4.03,0.178423,-0.00785021,0.487847,0.929756,-0.367103,-0.0276093,0.00516898,0.78289,0.732911,-0.558022
4.04,0.178423,-0.00785021,0.487847,0.929756,-0.367103,-0.0276093,0.00516898,0.78289,0.732911,-0.558022
4.04,0.178423,-0.00785021,0.487847,0.929756,-0.367103,-0.0276093,0.00516898,0.745884,0.870108,-0.571813
4.04,0.178423,-0.00785604,0.487876,0.929752,-0.367115,-0.0275821,0.00515044,0.745884,0.870108,-0.571813
4.05,0.178423,-0.00785604,0.487876,0.929752,-0.367115,-0.0275821,0.00515044,0.770237,0.901625,-0.585568
4.06,0.178423,-0.00786568,0.487904,0.929752,-0.367118,-0.0275588,0.00511945,0.757329,0.974487,-0.55732
4.06,0.178423,-0.00786568,0.487904,0.929752,-0.367118,-0.0275588,0.00511945,0.757329,0.974487,-0.55732
4.07,0.178423,-0.00786568,0.487904,0.929752,-0.367118,-0.0275588,0.00511945,0.714326,1.03307,-0.591655
4.07,0.178423,-0.00788039,0.48792,0.929747,-0.367131,-0.0275537,0.00507984,0.714326,1.03307,-0.591655
4.08,0.178423,-0.00788039,0.48792,0.929747,-0.367131,-0.0275537,0.00507984,0.720661,1.02768,-0.672203
4.08,0.178423,-0.00788842,0.48794,0.929747,-0.367133,-0.0275403,0.00505329,0.7146,1.01806,-0.690342
4.08,0.178423,-0.00788842,0.48794,0.929747,-0.367133,-0.0275403,0.00505329,0.7146,1.01806,-0.690342
4.09,0.178423,-0.00788842,0.48794,0.929747,-0.367133,-0.0275403,0.00505329,0.703399,1.0229,-0.638382
4.1,0.178424,-0.00789547,0.487969,0.929744,-0.367143,-0.0275121,0.00502962,0.703399,1.0229,-0.638382
4.1,0.178424,-0.00789547,0.487969,0.929744,-0.367143,-0.0275121,0.00502962,0.729142,0.995684,-0.742833
4.11,0.178424,-0.00789829,0.487999,0.929747,-0.367139,-0.0274827,0.00501182,0.729142,0.995684,-0.742833
4.11,0.178424,-0.00789829,0.487999,0.929747,-0.367139,-0.0274827,0.00501182,0.695232,1.00984,-0.690593
4.12,0.178424,-0.00789829,0.487999,0.929747,-0.367139,-0.0274827,0.00501182,0.706336,1.00164,-0.679437
4.12,0.178423,-0.00790222,0.488017,0.929744,-0.367147,-0.0274643,0.00499709,0.706336,1.00164,-0.679437
4.12,0.178423,-0.00790222,0.488017,0.929744,-0.367147,-0.0274643,0.00499709,0.706309,0.986747,-0.689095
4.13,0.178422,-0.00790588,0.488027,0.929742,-0.367153,-0.0274545,0.00498589,0.706309,0.986747,-0.689095
4.14,0.178422,-0.00790588,0.488027,0.929742,-0.367153,-0.0274545,0.00498589,0.707852,0.987589,-0.707591
4.14,0.178422,-0.00790588,0.488027,0.929742,-0.367153,-0.0274545,0.00498589,0.690111,0.995817,-0.698446
4.15,0.178421,-0.00790721,0.488036,0.929744,-0.367149,-0.0274435,0.00497533,0.690111,0.995817,-0.698446
4.15,0.178421,-0.00790721,0.488036,0.929744,-0.367149,-0.0274435,0.00497533,0.7123,0.998769,-0.750048
4.16,0.178419,-0.0079107,0.488045,0.929743,-0.367153,-0.0274329,0.00496449,0.7123,0.998769,-0.750048
4.16,0.178419,-0.0079107,0.488045,0.929743,-0.367153,-0.0274329,0.00496449,0.711193,1.01221,-0.782215
4.16,0.178419,-0.0079107,0.488045,0.929743,-0.367153,-0.0274329,0.00496449,0.783431,0.991982,-0.746772
4.17,0.178419,-0.00791213,0.488058,0.929742,-0.367155,-0.0274178,0.00495719,0.783431,0.991982,-0.746772
4.18,0.178419,-0.00791213,0.488058,0.929742,-0.367155,-0.0274178,0.00495719,0.688422,1.0037,-0.735988
4.18,0.178418,-0.0079141,0.488071,0.929745,-0.36715,-0.0274027,0.00494563,0.688422,1.0037,-0.735988
4.19,0.178418,-0.0079141,0.488071,0.929745,-0.36715,-0.0274027,0.00494563,0.72759,1.01904,-0.773371
4.19,0.178418,-0.0079141,0.488071,0.929745,-0.36715,-0.0274027,0.00494563,0.72759,1.01904,-0.773371
4.2,0.178416,-0.00791662,0.488089,0.929741,-0.367161,-0.0273799,0.00493307,0.744587,0.97516,-0.776846
4.2,0.178416,-0.00791662,0.488089,0.929741,-0.367161,-0.0273799,0.00493307,0.647256,0.984453,-0.782056
4.2,0.178412,-0.00791908,0.488111,0.929744,-0.367157,-0.027351,0.00491642,0.647256,0.984453,-0.782056
4.21,0.178412,-0.00791908,0.488111,0.929744,-0.367157,-0.027351,0.00491642,0.655821,0.980005,-0.735955
4.22,0.178412,-0.00791908,0.488111,0.929744,-0.367157,-0.027351,0.00491642,0.655821,0.980005,-0.735955
4.22,0.17841,-0.00791985,0.488126,0.929746,-0.367154,-0.0273302,0.00490594,0.650082,0.972656,-0.738864
4.22,0.17841,-0.00791985,0.488126,0.929746,-0.367154,-0.0273302,0.00490594,0.703211,0.981582,-0.750028
4.23,0.178405,-0.0079205,0.488139,0.929743,-0.367162,-0.027307,0.00489597,0.703211,0.981582,-0.750028
4.24,0.178405,-0.0079205,0.488139,0.929743,-0.367162,-0.027307,0.00489597,0.630538,0.970915,-0.777289
4.24,0.178405,-0.0079205,0.488139,0.929743,-0.367162,-0.027307,0.00489597,0.630538,0.970915,-0.777289
4.24,0.178403,-0.0079206,0.488146,0.929746,-0.367156,-0.0272929,0.00489168,0.713333,0.971246,-0.773636
4.25,0.178403,-0.0079206,0.488146,0.929746,-0.367156,-0.0272929,0.00489168,0.690643,0.957825,-0.804353
4.26,0.178403,-0.0079206,0.488146,0.929746,-0.367156,-0.0272929,0.00489168,0.690643,0.957825,-0.804353
4.26,0.178401,-0.00792216,0.488157,0.929745,-0.367161,-0.027278,0.00488424,0.626083,0.979595,-0.816269
4.26,0.178401,-0.00792216,0.488157,0.929745,-0.367161,-0.027278,0.00488424,0.626083,0.979595,-0.816269
4.27,0.178398,-0.0079227,0.488163,0.929744,-0.367162,-0.0272654,0.00487533,0.628884,0.944339,-0.813027
4.28,0.178398,-0.0079227,0.488163,0.929744,-0.367162,-0.0272654,0.00487533,0.628884,0.944339,-0.813027
4.28,0.178398,-0.0079227,0.488163,0.929744,-0.367162,-0.0272654,0.00487533,0.78604,0.956296,-0.812099
4.28,0.178396,-0.00792293,0.488173,0.929746,-0.367159,-0.0272503,0.00486586,0.671729,0.954939,-0.835747
4.29,0.178396,-0.00792293,0.488173,0.929746,-0.367159,-0.0272503,0.00486586,0.671729,0.954939,-0.835747
4.3,0.178392,-0.00792422,0.488182,0.929746,-0.36716,-0.0272335,0.00485861,0.718693,0.95452,-0.837305
4.3,0.178392,-0.00792422,0.488182,0.929746,-0.36716,-0.0272335,0.00485861,0.718693,0.95452,-0.837305
4.3,0.178392,-0.00792422,0.488182,0.929746,-0.36716,-0.0272335,0.00485861,0.728778,0.975383,-0.861118
4.31,0.178388,-0.00792509,0.488192,0.929746,-0.367162,-0.0272145,0.00484943,0.729913,1.00939,-0.866095
4.32,0.178388,-0.00792509,0.488192,0.929746,-0.367162,-0.0272145,0.00484943,0.729913,1.00939,-0.866095
4.32,0.178379,-0.00792538,0.488206,0.929746,-0.367164,-0.0271834,0.00483558,0.51704,0.986424,-0.844346
4.32,0.178379,-0.00792538,0.488206,0.929746,-0.367164,-0.0271834,0.00483558,0.51704,0.986424,-0.844346
4.33,0.178379,-0.00792538,0.488206,0.929746,-0.367164,-0.0271834,0.00483558,0.571186,1.00977,-0.880387
4.34,0.178367,-0.00792668,0.488224,0.92975,-0.367157,-0.0271417,0.00481689,0.556434,0.970483,-0.89803
4.34,0.178367,-0.00792668,0.488224,0.92975,-0.367157,-0.0271417,0.00481689,0.556434,0.970483,-0.89803
4.34,0.178354,-0.00792826,0.488241,0.929751,-0.367159,-0.0271013,0.00479402,0.635861,0.983093,-0.836406
4.35,0.178354,-0.00792826,0.488241,0.929751,-0.367159,-0.0271013,0.00479402,0.635861,0.983093,-0.836406
4.36,0.178354,-0.00792826,0.488241,0.929751,-0.367159,-0.0271013,0.00479402,0.603132,0.982113,-0.852706
4.36,0.178337,-0.00792964,0.488261,0.929752,-0.367161,-0.0270512,0.00476938,0.603132,0.982113,-0.852706
4.36,0.178337,-0.00792964,0.488261,0.929752,-0.367161,-0.0270512,0.00476938,0.556086,0.986887,-0.839136
4.37,0.178321,-0.00793174,0.488282,0.929751,-0.367167,-0.0270018,0.00474569,0.721815,0.992844,-0.830423
4.38,0.178321,-0.00793174,0.488282,0.929751,-0.367167,-0.0270018,0.00474569,0.721815,0.992844,-0.830423
4.38,0.178321,-0.00793174,0.488282,0.929751,-0.367167,-0.0270018,0.00474569,0.702168,0.970357,-0.820531
4.38,0.178306,-0.00793241,0.488302,0.929753,-0.367165,-0.0269523,0.00472546,0.702168,0.970357,-0.820531
4.39,0.178306,-0.00793241,0.488302,0.929753,-0.367165,-0.0269523,0.00472546,0.750686,0.978031,-0.82494
4.4,0.178293,-0.00793169,0.488315,0.929756,-0.367161,-0.026918,0.00471023,0.664371,0.972903,-0.819847
4.4,0.178293,-0.00793169,0.488315,0.929756,-0.367161,-0.026918,0.00471023,0.664371,0.972903,-0.819847
4.4,0.178293,-0.00793169,0.488315,0.929756,-0.367161,-0.026918,0.00471023,0.648497,0.968931,-0.822333
4.41,0.178283,-0.0079348,0.488329,0.929755,-0.367166,-0.0268852,0.00468924,0.648497,0.968931,-0.822333
4.42,0.178283,-0.0079348,0.488329,0.929755,-0.367166,-0.0268852,0.00468924,0.604001,0.949279,-0.836545
4.42,0.178276,-0.00793603,0.488339,0.929756,-0.367166,-0.0268614,0.00467785,0.505734,0.976792,-0.886411
4.42,0.178276,-0.00793603,0.488339,0.929756,-0.367166,-0.0268614,0.00467785,0.505734,0.976792,-0.886411
4.43,0.178276,-0.00793603,0.488339,0.929756,-0.367166,-0.0268614,0.00467785,0.575215,0.949619,-0.813012
4.44,0.178268,-0.00793663,0.488348,0.929756,-0.367166,-0.0268395,0.00466748,0.575215,0.949619,-0.813012
4.44,0.178268,-0.00793663,0.488348,0.929756,-0.367166,-0.0268395,0.00466748,0.736553,0.960722,-0.823977
4.44,0.178268,-0.00793663,0.488348,0.929756,-0.367166,-0.0268395,0.00466748,0.736553,0.960722,-0.823977
4.45,0.178256,-0.00793807,0.488364,0.929757,-0.367168,-0.0268007,0.00464856,0.524618,0.96247,-0.845036
4.46,0.178256,-0.00793807,0.488364,0.929757,-0.367168,-0.0268007,0.00464856,0.529363,0.987709,-0.845708
4.46,0.178241,-0.00793797,0.488382,0.929761,-0.367162,-0.0267545,0.00462538,0.529363,0.987709,-0.845708
4.46,0.178241,-0.00793797,0.488382,0.929761,-0.367162,-0.0267545,0.00462538,0.475715,0.977606,-0.82745
4.47,0.178241,-0.00793797,0.488382,0.929761,-0.367162,-0.0267545,0.00462538,0.475715,0.977606,-0.82745
4.48,0.178227,-0.00793883,0.488401,0.929762,-0.367163,-0.0267103,0.00460719,0.492504,0.980811,-0.829615
4.48,0.178227,-0.00793883,0.488401,0.929762,-0.367163,-0.0267103,0.00460719,0.364818,0.984616,-0.859905
4.49,0.17821,-0.00794012,0.488418,0.929762,-0.367167,-0.0266632,0.00458291,0.364818,0.984616,-0.859905
4.49,0.17821,-0.00794012,0.488418,0.929762,-0.367167,-0.0266632,0.00458291,0.580103,0.973417,-0.829339
4.5,0.17821,-0.00794012,0.488418,0.929762,-0.367167,-0.0266632,0.00458291,0.580103,0.973417,-0.829339
4.5,0.17818,-0.007943,0.488451,0.929764,-0.367168,-0.026576,0.00454033,0.684001,0.986667,-0.806066
4.5,0.17818,-0.007943,0.488451,0.929764,-0.367168,-0.026576,0.00454033,0.545181,1.00443,-0.791148
4.51,0.178128,-0.00794595,0.488513,0.929768,-0.367168,-0.0264231,0.00446653,0.545181,1.00443,-0.791148
4.51,0.178128,-0.00794595,0.488513,0.929768,-0.367168,-0.0264231,0.00446653,0.468108,0.986243,-0.769901
4.52,0.178128,-0.00794595,0.488513,0.929768,-0.367168,-0.0264231,0.00446653,0.468108,0.986243,-0.769901
4.53,0.178044,-0.00795109,0.488602,0.929778,-0.367163,-0.0261858,0.00435629,0.316974,0.973723,-0.719573
4.53,0.178044,-0.00795109,0.488602,0.929778,-0.367163,-0.0261858,0.00435629,0.316974,0.973723,-0.719573
4.54,0.177918,-0.00796042,0.488747,0.929786,-0.367171,-0.025816,0.00418049,0.233247,0.944599,-0.576833
4.54,0.177918,-0.00796042,0.488747,0.929786,-0.367171,-0.025816,0.00418049,0.434287,0.965702,-0.45409
4.54,0.177918,-0.00796042,0.488747,0.929786,-0.367171,-0.025816,0.00418049,0.434287,0.965702,-0.45409
4.55,0.177788,-0.00796945,0.48889,0.929796,-0.367173,-0.0254464,0.00400294,0.256076,0.951363,-0.341807
4.56,0.177788,-0.00796945,0.48889,0.929796,-0.367173,-0.0254464,0.00400294,0.256076,0.951363,-0.341807
4.56,0.177688,-0.00797481,0.489,0.929804,-0.367173,-0.0251582,0.00386991,0.554198,0.959403,-0.258226
4.57,0.177688,-0.00797481,0.489,0.929804,-0.367173,-0.0251582,0.00386991,0.223301,0.972425,-0.175676
4.57,0.177688,-0.00797481,0.489,0.929804,-0.367173,-0.0251582,0.00386991,0.223301,0.972425,-0.175676
4.58,0.177617,-0.00797861,0.489081,0.92981,-0.367174,-0.0249527,0.00377299,0.374773,0.91924,-0.0952168
4.58,0.177617,-0.00797861,0.489081,0.92981,-0.367174,-0.0249527,0.00377299,0.374773,0.91924,-0.0952168
4.58,0.177582,-0.00798176,0.489118,0.929813,-0.367174,-0.0248531,0.00372356,0.316115,0.912324,-0.0965856
4.59,0.177582,-0.00798176,0.489118,0.929813,-0.367174,-0.0248531,0.00372356,0.37741,0.924819,-0.051809
4.6,0.177582,-0.00798176,0.489118,0.929813,-0.367174,-0.0248531,0.00372356,0.37741,0.924819,-0.051809
4.6,0.177577,-0.0079804,0.489123,0.929813,-0.367173,-0.0248383,0.00371812,0.4531,0.928508,-0.0785874
4.61,0.177577,-0.0079804,0.489123,0.929813,-0.367173,-0.0248383,0.00371812,0.4531,0.928508,-0.0785874
4.61,0.177576,-0.00798254,0.489126,0.929814,-0.367172,-0.0248354,0.00371755,0.471875,0.94437,-0.0851339
4.62,0.177576,-0.00798254,0.489126,0.929814,-0.367172,-0.0248354,0.00371755,0.471875,0.94437,-0.0851339
4.62,0.177576,-0.00798254,0.489126,0.929814,-0.367172,-0.0248354,0.00371755,0.532159,0.94849,-0.0944723
4.62,0.177576,-0.00798301,0.489128,0.929813,-0.367174,-0.0248331,0.00371482,0.494804,0.918421,-0.0571782
4.63,0.177576,-0.00798301,0.489128,0.929813,-0.367174,-0.0248331,0.00371482,0.494804,0.918421,-0.0571782
4.64,0.177575,-0.00798324,0.489128,0.929813,-0.367175,-0.0248312,0.00371265,0.507746,0.929847,-0.0906786
4.64,0.177575,-0.00798324,0.489128,0.929813,-0.367175,-0.0248312,0.00371265,0.507746,0.929847,-0.0906786
4.65,0.177575,-0.00798324,0.489128,0.929813,-0.367175,-0.0248312,0.00371265,0.475061,0.92293,-0.0501246
4.65,0.177575,-0.00798269,0.489128,0.929814,-0.367173,-0.0248318,0.00371238,0.507481,0.944984,-0.163956
4.66,0.177575,-0.00798269,0.489128,0.929814,-0.367173,-0.0248318,0.00371238,0.507481,0.944984,-0.163956
