time,x,y,z,qx,qy,qz,qw
0.0,0.0,-0.001486,-0.149793,0.0,0.0,0.0,1.0
0.005,0.0,-0.001479,-0.149274,0.0,0.0,0.0,1.0
0.01,0.0,-0.001473,-0.148755,0.0,0.0,0.0,1.0
0.015,0.0,-0.001467,-0.148238,0.0,0.0,0.0,1.0
0.02,0.0,-0.00146,-0.147724,0.0,0.0,0.0,1.0
0.025,0.0,-0.001454,-0.147213,0.0,0.0,0.0,1.0
0.03,0.0,-0.001449,-0.146706,0.0,0.0,0.0,1.0
0.035,0.0,-0.001443,-0.146204,0.0,0.0,0.0,1.0
0.04,0.0,-0.001437,-0.145707,0.0,0.0,0.0,1.0
0.045,0.0,-0.001432,-0.145215,0.0,0.0,0.0,1.0
0.05,0.0,-0.001427,-0.144729,0.0,0.0,0.0,1.0
0.055,0.0,-0.001422,-0.144248,0.0,0.0,0.0,1.0
0.06,0.0,-0.001417,-0.143773,0.0,0.0,0.0,1.0
0.065,0.0,-0.001413,-0.143305,0.0,0.0,0.0,1.0
0.07,0.0,-0.001408,-0.142843,0.0,0.0,0.0,1.0
0.075,0.0,-0.001404,-0.142388,0.0,0.0,0.0,1.0
0.08,0.0,-0.0014,-0.141941,0.0,0.0,0.0,1.0
0.085,0.0,-0.001396,-0.141502,0.0,0.0,0.0,1.0
0.09,0.0,-0.001392,-0.141071,0.0,0.0,0.0,1.0
0.095,0.0,-0.001388,-0.140649,0.0,0.0,0.0,1.0
0.1,0.0,-0.001384,-0.140236,0.0,0.0,0.0,1.0
0.105,0.0,-0.00138,-0.139834,0.0,0.0,0.0,1.0
0.11,0.0,-0.001377,-0.139442,0.0,0.0,0.0,1.0
0.115,0.0,-0.001373,-0.139061,0.0,0.0,0.0,1.0
0.12,0.0,-0.00137,-0.138691,0.0,0.0,0.0,1.0
0.125,0.0,-0.001366,-0.138334,0.0,0.0,0.0,1.0
0.13,0.0,-0.001362,-0.137987,0.0,0.0,0.0,1.0
0.135,0.0,-0.001359,-0.137653,0.0,0.0,0.0,1.0
0.14,0.0,-0.001355,-0.13733,0.0,0.0,0.0,1.0
0.145,0.0,-0.001352,-0.137019,0.0,0.0,0.0,1.0
0.15,0.0,-0.001349,-0.136719,0.0,0.0,0.0,1.0
0.155,0.0,-0.001345,-0.13643,0.0,0.0,0.0,1.0
0.16,0.0,-0.001342,-0.136151,0.0,0.0,0.0,1.0
0.165,0.0,-0.001338,-0.135881,0.0,0.0,0.0,1.0
0.17,0.0,-0.001335,-0.13562,0.0,0.0,0.0,1.0
0.175,0.0,-0.001331,-0.135368,0.0,0.0,0.0,1.0
0.18,0.0,-0.001327,-0.135123,0.0,0.0,0.0,1.0
0.185,0.0,-0.001323,-0.134885,0.0,0.0,0.0,1.0
0.19,0.0,-0.001319,-0.134653,0.0,0.0,0.0,1.0
0.195,0.0,-0.001315,-0.134426,0.0,0.0,0.0,1.0
0.2,0.0,-0.001311,-0.134205,0.0,0.0,0.0,1.0
0.205,0.0,-0.001307,-0.133987,0.0,0.0,0.0,1.0
0.21,0.0,-0.001302,-0.133773,0.0,0.0,0.0,1.0
0.215,0.0,-0.001297,-0.133562,0.0,0.0,0.0,1.0
0.22,0.0,-0.001292,-0.133354,0.0,0.0,0.0,1.0
0.225,0.0,-0.001287,-0.133149,0.0,0.0,0.0,1.0
0.23,0.0,-0.001281,-0.132946,0.0,0.0,0.0,1.0
0.235,0.0,-0.001275,-0.132745,0.0,0.0,0.0,1.0
0.24,0.0,-0.001269,-0.132546,0.0,0.0,0.0,1.0
0.245,0.0,-0.001263,-0.132348,0.0,0.0,0.0,1.0
0.25,0.0,-0.001256,-0.132151,0.0,0.0,0.0,1.0
0.255,0.0,-0.001249,-0.131956,0.0,0.0,0.0,1.0
0.26,0.0,-0.001242,-0.131761,0.0,0.0,0.0,1.0
0.265,0.0,-0.001235,-0.131568,0.0,0.0,0.0,1.0
0.27,0.0,-0.001227,-0.131375,0.0,0.0,0.0,1.0
0.275,0.0,-0.001219,-0.131183,0.0,0.0,0.0,1.0
0.28,0.0,-0.00121,-0.130992,0.0,0.0,0.0,1.0
0.285,0.0,-0.001201,-0.130802,0.0,0.0,0.0,1.0
0.29,0.0,-0.001192,-0.130613,0.0,0.0,0.0,1.0
0.295,0.0,-0.001183,-0.130425,0.0,0.0,0.0,1.0
0.3,0.0,-0.001173,-0.130238,0.0,0.0,0.0,1.0
0.305,0.0,-0.001163,-0.130051,0.0,0.0,0.0,1.0
0.31,0.0,-0.001153,-0.129865,0.0,0.0,0.0,1.0
0.315,0.0,-0.001142,-0.12968,0.0,0.0,0.0,1.0
0.32,0.0,-0.001132,-0.129496,0.0,0.0,0.0,1.0
0.325,0.0,-0.00112,-0.129312,0.0,0.0,0.0,1.0
0.33,0.0,-0.001109,-0.129129,0.0,0.0,0.0,1.0
0.335,0.0,-0.001097,-0.128947,0.0,0.0,0.0,1.0
0.34,0.0,-0.001085,-0.128765,0.0,0.0,0.0,1.0
0.345,0.0,-0.001073,-0.128584,0.0,0.0,0.0,1.0
0.35,0.0,-0.001061,-0.128403,0.0,0.0,0.0,1.0
0.355,0.0,-0.001048,-0.128222,0.0,0.0,0.0,1.0
0.36,0.0,-0.001035,-0.128042,0.0,0.0,0.0,1.0
0.365,0.0,-0.001022,-0.127862,0.0,0.0,0.0,1.0
0.37,0.0,-0.001008,-0.127682,0.0,0.0,0.0,1.0
0.375,0.0,-0.000994,-0.127503,0.0,0.0,0.0,1.0
0.38,0.0,-0.00098,-0.127323,0.0,0.0,0.0,1.0
0.385,0.0,-0.000966,-0.127144,0.0,0.0,0.0,1.0
0.39,0.0,-0.000951,-0.126965,0.0,0.0,0.0,1.0
0.395,0.0,-0.000936,-0.126785,0.0,0.0,0.0,1.0
0.4,0.0,-0.000921,-0.126606,0.0,0.0,0.0,1.0
0.405,0.0,-0.000906,-0.126427,0.0,0.0,0.0,1.0
0.41,0.0,-0.00089,-0.126247,0.0,0.0,0.0,1.0
0.415,0.0,-0.000874,-0.126068,0.0,0.0,0.0,1.0
0.42,0.0,-0.000858,-0.125888,0.0,0.0,0.0,1.0
0.425,0.0,-0.000841,-0.125707,0.0,0.0,0.0,1.0
0.43,0.0,-0.000825,-0.125527,0.0,0.0,0.0,1.0
0.435,0.0,-0.000807,-0.125346,0.0,0.0,0.0,1.0
0.44,0.0,-0.00079,-0.125164,0.0,0.0,0.0,1.0
0.445,0.0,-0.000772,-0.124982,0.0,0.0,0.0,1.0
0.45,0.0,-0.000754,-0.1248,0.0,0.0,0.0,1.0
0.455,0.0,-0.000736,-0.124617,0.0,0.0,0.0,1.0
0.46,0.0,-0.000717,-0.124433,0.0,0.0,0.0,1.0
0.465,0.0,-0.000698,-0.124249,0.0,0.0,0.0,1.0
0.47,0.0,-0.000679,-0.124064,0.0,0.0,0.0,1.0
0.475,0.0,-0.00066,-0.123878,0.0,0.0,0.0,1.0
0.48,0.0,-0.00064,-0.123691,0.0,0.0,0.0,1.0
0.485,0.0,-0.000619,-0.123503,0.0,0.0,0.0,1.0
0.49,0.0,-0.000598,-0.123315,0.0,0.0,0.0,1.0
0.495,0.0,-0.000577,-0.123125,0.0,0.0,0.0,1.0
0.5,0.0,-0.000556,-0.122935,0.0,0.0,0.0,1.0
0.505,0.0,-0.000534,-0.122743,0.0,0.0,0.0,1.0
0.51,0.0,-0.000511,-0.12255,0.0,0.0,0.0,1.0
0.515,0.0,-0.000489,-0.122356,0.0,0.0,0.0,1.0
0.52,0.0,-0.000465,-0.12216,0.0,0.0,0.0,1.0
0.525,0.0,-0.000442,-0.121963,0.0,0.0,0.0,1.0
0.53,0.0,-0.000417,-0.121765,0.0,0.0,0.0,1.0
0.535,0.0,-0.000393,-0.121566,0.0,0.0,0.0,1.0
0.54,0.0,-0.000368,-0.121365,0.0,0.0,0.0,1.0
0.545,0.0,-0.000342,-0.121162,0.0,0.0,0.0,1.0
0.55,0.0,-0.000316,-0.120957,0.0,0.0,0.0,1.0
0.555,0.0,-0.000289,-0.120751,0.0,0.0,0.0,1.0
0.56,0.0,-0.000262,-0.120543,0.0,0.0,0.0,1.0
0.565,0.0,-0.000234,-0.120334,0.0,0.0,0.0,1.0
0.57,0.0,-0.000205,-0.120122,0.0,0.0,0.0,1.0
0.575,0.0,-0.000176,-0.119909,0.0,0.0,0.0,1.0
0.58,0.0,-0.000147,-0.119693,0.0,0.0,0.0,1.0
0.585,0.0,-0.000116,-0.119475,0.0,0.0,0.0,1.0
0.59,0.0,-8.5e-05,-0.119255,0.0,0.0,0.0,1.0
0.595,0.0,-5.4e-05,-0.119033,0.0,0.0,0.0,1.0
0.6,0.0,-2.1e-05,-0.118809,0.0,0.0,0.0,1.0
0.605,0.0,1.2e-05,-0.118582,0.0,0.0,0.0,1.0
0.61,0.0,4.5e-05,-0.118352,0.0,0.0,0.0,1.0
0.615,0.0,8e-05,-0.11812,0.0,0.0,0.0,1.0
0.62,0.0,0.000115,-0.117886,0.0,0.0,0.0,1.0
0.625,0.0,0.000151,-0.117648,0.0,0.0,0.0,1.0
0.63,0.0,0.000188,-0.117408,0.0,0.0,0.0,1.0
0.635,0.0,0.000226,-0.117165,0.0,0.0,0.0,1.0
0.64,0.0,0.000264,-0.116918,0.0,0.0,0.0,1.0
0.645,0.0,0.000304,-0.116669,0.0,0.0,0.0,1.0
0.65,0.0,0.000344,-0.116416,0.0,0.0,0.0,1.0
0.655,0.0,0.000385,-0.11616,0.0,0.0,0.0,1.0
0.66,0.0,0.000427,-0.115901,0.0,0.0,0.0,1.0
0.665,0.0,0.000471,-0.115638,0.0,0.0,0.0,1.0
0.67,0.0,0.000515,-0.115371,0.0,0.0,0.0,1.0
0.675,0.0,0.00056,-0.115101,0.0,0.0,0.0,1.0
0.68,0.0,0.000606,-0.114827,0.0,0.0,0.0,1.0
0.685,0.0,0.000653,-0.114548,0.0,0.0,0.0,1.0
0.69,0.0,0.000701,-0.114266,0.0,0.0,0.0,1.0
0.695,0.0,0.00075,-0.113979,0.0,0.0,0.0,1.0
0.7,0.0,0.0008,-0.113687,0.0,0.0,0.0,1.0
0.705,0.0,0.000851,-0.113391,0.0,0.0,0.0,1.0
0.71,0.0,0.000904,-0.113091,0.0,0.0,0.0,1.0
0.715,0.0,0.000957,-0.112785,0.0,0.0,0.0,1.0
0.72,0.0,0.001012,-0.112474,0.0,0.0,0.0,1.0
0.725,0.0,0.001067,-0.112159,0.0,0.0,0.0,1.0
0.73,0.0,0.001124,-0.111837,0.0,0.0,0.0,1.0
0.735,0.0,0.001181,-0.111511,0.0,0.0,0.0,1.0
0.74,0.0,0.00124,-0.111178,0.0,0.0,0.0,1.0
0.745,0.0,0.0013,-0.11084,0.0,0.0,0.0,1.0
0.75,0.0,0.001361,-0.110496,0.0,0.0,0.0,1.0
0.755,0.0,0.001422,-0.110145,0.0,0.0,0.0,1.0
0.76,0.0,0.001485,-0.109788,0.0,0.0,0.0,1.0
0.765,0.0,0.001548,-0.109425,0.0,0.0,0.0,1.0
0.77,0.0,0.001612,-0.109055,0.0,0.0,0.0,1.0
0.775,0.0,0.001677,-0.108678,0.0,0.0,0.0,1.0
0.78,0.0,0.001743,-0.108294,0.0,0.0,0.0,1.0
0.785,0.0,0.001809,-0.107902,0.0,0.0,0.0,1.0
0.79,0.0,0.001876,-0.107504,0.0,0.0,0.0,1.0
0.795,0.0,0.001943,-0.107097,0.0,0.0,0.0,1.0
0.8,0.0,0.00201,-0.106683,0.0,0.0,0.0,1.0
0.805,0.0,0.002077,-0.106262,0.0,0.0,0.0,1.0
0.81,0.0,0.002144,-0.105832,0.0,0.0,0.0,1.0
0.815,0.0,0.002211,-0.105394,0.0,0.0,0.0,1.0
0.82,0.0,0.002278,-0.104948,0.0,0.0,0.0,1.0
0.825,0.0,0.002344,-0.104494,0.0,0.0,0.0,1.0
0.83,0.0,0.002409,-0.104032,0.0,0.0,0.0,1.0
0.835,0.0,0.002473,-0.103562,0.0,0.0,0.0,1.0
0.84,0.0,0.002537,-0.103083,0.0,0.0,0.0,1.0
0.845,0.0,0.002601,-0.102595,0.0,0.0,0.0,1.0
0.85,0.0,0.002664,-0.1021,0.0,0.0,0.0,1.0
0.855,0.0,0.002726,-0.101595,0.0,0.0,0.0,1.0
0.86,0.0,0.002788,-0.101082,0.0,0.0,0.0,1.0
0.865,0.0,0.002849,-0.10056,0.0,0.0,0.0,1.0
0.87,0.0,0.00291,-0.10003,0.0,0.0,0.0,1.0
0.875,0.0,0.00297,-0.099491,0.0,0.0,0.0,1.0
0.88,0.0,0.003029,-0.098943,0.0,0.0,0.0,1.0
0.885,0.0,0.003087,-0.098387,0.0,0.0,0.0,1.0
0.89,0.0,0.003144,-0.097822,0.0,0.0,0.0,1.0
0.895,0.0,0.003201,-0.097248,0.0,0.0,0.0,1.0
0.9,0.0,0.003256,-0.096666,0.0,0.0,0.0,1.0
0.905,0.0,0.003311,-0.096076,0.0,0.0,0.0,1.0
0.91,0.0,0.003364,-0.095477,0.0,0.0,0.0,1.0
0.915,0.0,0.003415,-0.09487,0.0,0.0,0.0,1.0
0.92,0.0,0.003465,-0.094255,0.0,0.0,0.0,1.0
0.925,0.0,0.003512,-0.093633,0.0,0.0,0.0,1.0
0.93,0.0,0.003556,-0.093003,0.0,0.0,0.0,1.0
0.935,0.0,0.003599,-0.092367,0.0,0.0,0.0,1.0
0.94,0.0,0.003638,-0.091724,0.0,0.0,0.0,1.0
0.945,0.0,0.003675,-0.091074,0.0,0.0,0.0,1.0
0.95,0.0,0.00371,-0.090419,0.0,0.0,0.0,1.0
0.955,0.0,0.003742,-0.089758,0.0,0.0,0.0,1.0
0.96,0.0,0.003771,-0.089093,0.0,0.0,0.0,1.0
0.965,0.0,0.003798,-0.088423,0.0,0.0,0.0,1.0
0.97,0.0,0.003822,-0.087749,0.0,0.0,0.0,1.0
0.975,0.0,0.003844,-0.087071,0.0,0.0,0.0,1.0
0.98,0.0,0.003864,-0.086391,0.0,0.0,0.0,1.0
0.985,0.0,0.003882,-0.085708,0.0,0.0,0.0,1.0
0.99,0.0,0.003898,-0.085023,0.0,0.0,0.0,1.0
0.995,0.0,0.003913,-0.084337,0.0,0.0,0.0,1.0
1.0,0.0,0.003926,-0.08365,0.0,0.0,0.0,1.0
1.005,0.0,0.003938,-0.082963,0.0,0.0,0.0,1.0
1.01,0.0,0.003948,-0.082276,0.0,0.0,0.0,1.0
1.015,0.0,0.003958,-0.081589,0.0,0.0,0.0,1.0
1.02,0.0,0.003967,-0.080904,0.0,0.0,0.0,1.0
1.025,0.0,0.003975,-0.08022,0.0,0.0,0.0,1.0
1.03,0.0,0.003982,-0.079539,0.0,0.0,0.0,1.0
1.035,0.0,0.003989,-0.07886,0.0,0.0,0.0,1.0
1.04,0.0,0.003995,-0.078184,0.0,0.0,0.0,1.0
1.045,0.0,0.004001,-0.077511,0.0,0.0,0.0,1.0
1.05,0.0,0.004006,-0.076841,0.0,0.0,0.0,1.0
1.055,0.0,0.004011,-0.076175,0.0,0.0,0.0,1.0
1.06,0.0,0.004015,-0.075513,0.0,0.0,0.0,1.0
1.065,0.0,0.00402,-0.074855,0.0,0.0,0.0,1.0
1.07,0.0,0.004024,-0.074202,0.0,0.0,0.0,1.0
1.075,0.0,0.004028,-0.073553,0.0,0.0,0.0,1.0
1.08,0.0,0.004032,-0.072908,0.0,0.0,0.0,1.0
1.085,0.0,0.004035,-0.072267,0.0,0.0,0.0,1.0
1.09,0.0,0.004039,-0.071631,0.0,0.0,0.0,1.0
1.095,0.0,0.004042,-0.070999,0.0,0.0,0.0,1.0
1.1,0.0,0.004046,-0.070371,0.0,0.0,0.0,1.0
1.105,0.0,0.004049,-0.069747,0.0,0.0,0.0,1.0
1.11,0.0,0.004052,-0.069128,0.0,0.0,0.0,1.0
1.115,0.0,0.004055,-0.068511,0.0,0.0,0.0,1.0
1.12,0.0,0.004058,-0.067898,0.0,0.0,0.0,1.0
1.125,0.0,0.004061,-0.067289,0.0,0.0,0.0,1.0
1.13,0.0,0.004063,-0.066682,0.0,0.0,0.0,1.0
1.135,0.0,0.004066,-0.066077,0.0,0.0,0.0,1.0
1.14,0.0,0.004069,-0.065475,0.0,0.0,0.0,1.0
1.145,0.0,0.004071,-0.064875,0.0,0.0,0.0,1.0
1.15,0.0,0.004073,-0.064276,0.0,0.0,0.0,1.0
1.155,0.0,0.004076,-0.063679,0.0,0.0,0.0,1.0
1.16,0.0,0.004078,-0.063082,0.0,0.0,0.0,1.0
1.165,0.0,0.00408,-0.062486,0.0,0.0,0.0,1.0
1.17,0.0,0.004083,-0.06189,0.0,0.0,0.0,1.0
1.175,0.0,0.004085,-0.061294,0.0,0.0,0.0,1.0
1.18,0.0,0.004087,-0.060697,0.0,0.0,0.0,1.0
1.185,0.0,0.00409,-0.0601,0.0,0.0,0.0,1.0
1.19,0.0,0.004092,-0.059501,0.0,0.0,0.0,1.0
1.195,0.0,0.004095,-0.058902,0.0,0.0,0.0,1.0
1.2,0.0,0.004098,-0.058301,0.0,0.0,0.0,1.0
1.205,0.0,0.004095,-0.057694,0.0,0.0,0.0,1.0
1.21,0.0,0.004088,-0.057082,0.0,0.0,0.0,1.0
1.215,0.0,0.004078,-0.056465,0.0,0.0,0.0,1.0
1.22,0.0,0.004068,-0.055843,0.0,0.0,0.0,1.0
1.225,0.0,0.004058,-0.055217,0.0,0.0,0.0,1.0
1.23,0.0,0.00405,-0.054587,0.0,0.0,0.0,1.0
1.235,0.0,0.004045,-0.053953,0.0,0.0,0.0,1.0
1.24,0.0,0.004044,-0.053315,0.0,0.0,0.0,1.0
1.245,0.0,0.004046,-0.052673,0.0,0.0,0.0,1.0
1.25,0.0,0.004053,-0.052028,0.0,0.0,0.0,1.0
1.255,0.0,0.004065,-0.05138,0.0,0.0,0.0,1.0
1.26,0.0,0.004081,-0.050729,0.0,0.0,0.0,1.0
1.265,0.0,0.004102,-0.050074,0.0,0.0,0.0,1.0
1.27,0.0,0.004128,-0.049417,0.0,0.0,0.0,1.0
1.275,0.0,0.00416,-0.048757,0.0,0.0,0.0,1.0
1.28,0.0,0.004206,-0.048098,0.0,0.0,0.0,1.0
1.285,0.0,0.004262,-0.047441,0.0,0.0,0.0,1.0
1.29,0.0,0.004329,-0.046784,0.0,0.0,0.0,1.0
1.295,0.0,0.004404,-0.046128,0.0,0.0,0.0,1.0
1.3,0.0,0.004485,-0.045472,0.0,0.0,0.0,1.0
1.305,0.0,0.004569,-0.044815,0.0,0.0,0.0,1.0
1.31,0.0,0.004653,-0.044157,0.0,0.0,0.0,1.0
1.315,0.0,0.004738,-0.043498,0.0,0.0,0.0,1.0
1.32,0.0,0.004822,-0.042838,0.0,0.0,0.0,1.0
1.325,0.0,0.004904,-0.042175,0.0,0.0,0.0,1.0
1.33,0.0,0.004984,-0.041511,0.0,0.0,0.0,1.0
1.335,0.0,0.005063,-0.040845,0.0,0.0,0.0,1.0
1.34,0.0,0.005139,-0.040177,0.0,0.0,0.0,1.0
1.345,0.0,0.005212,-0.039507,0.0,0.0,0.0,1.0
1.35,0.0,0.005281,-0.038835,0.0,0.0,0.0,1.0
1.355,0.0,0.005344,-0.038159,0.0,0.0,0.0,1.0
1.36,0.0,0.005402,-0.037481,0.0,0.0,0.0,1.0
1.365,0.0,0.005454,-0.036801,0.0,0.0,0.0,1.0
1.37,0.0,0.0055,-0.036117,0.0,0.0,0.0,1.0
1.375,0.0,0.005541,-0.03543,0.0,0.0,0.0,1.0
1.38,0.0,0.005578,-0.034742,0.0,0.0,0.0,1.0
1.385,0.0,0.005612,-0.034051,0.0,0.0,0.0,1.0
1.39,0.0,0.005644,-0.033357,0.0,0.0,0.0,1.0
1.395,0.0,0.005674,-0.032662,0.0,0.0,0.0,1.0
1.4,0.0,0.005702,-0.031965,0.0,0.0,0.0,1.0
1.405,0.0,0.005728,-0.031266,0.0,0.0,0.0,1.0
1.41,0.0,0.005753,-0.030565,0.0,0.0,0.0,1.0
1.415,0.0,0.005776,-0.029863,0.0,0.0,0.0,1.0
1.42,0.0,0.005797,-0.029159,0.0,0.0,0.0,1.0
1.425,0.0,0.005815,-0.028453,0.0,0.0,0.0,1.0
1.43,0.0,0.005832,-0.027746,0.0,0.0,0.0,1.0
1.435,0.0,0.005848,-0.027037,0.0,0.0,0.0,1.0
1.44,0.0,0.005862,-0.026328,0.0,0.0,0.0,1.0
1.445,0.0,0.005874,-0.025618,0.0,0.0,0.0,1.0
1.45,0.0,0.005886,-0.024907,0.0,0.0,0.0,1.0
1.455,0.0,0.005897,-0.024196,0.0,0.0,0.0,1.0
1.46,0.0,0.005907,-0.023484,0.0,0.0,0.0,1.0
1.465,0.0,0.005917,-0.022773,0.0,0.0,0.0,1.0
1.47,0.0,0.005925,-0.022062,0.0,0.0,0.0,1.0
1.475,0.0,0.005933,-0.021351,0.0,0.0,0.0,1.0
1.48,0.0,0.00594,-0.020641,0.0,0.0,0.0,1.0
1.485,0.0,0.005946,-0.019932,0.0,0.0,0.0,1.0
1.49,0.0,0.005953,-0.019225,0.0,0.0,0.0,1.0
1.495,0.0,0.005959,-0.01852,0.0,0.0,0.0,1.0
1.5,0.0,0.005965,-0.017816,0.0,0.0,0.0,1.0
1.505,0.0,0.005971,-0.017115,0.0,0.0,0.0,1.0
1.51,0.0,0.005978,-0.016417,0.0,0.0,0.0,1.0
1.515,0.0,0.005986,-0.015722,0.0,0.0,0.0,1.0
1.52,0.0,0.005993,-0.015029,0.0,0.0,0.0,1.0
1.525,0.0,0.006002,-0.014339,0.0,0.0,0.0,1.0
1.53,0.0,0.00601,-0.013652,0.0,0.0,0.0,1.0
1.535,0.0,0.006019,-0.012968,0.0,0.0,0.0,1.0
1.54,0.0,0.006028,-0.012288,0.0,0.0,0.0,1.0
1.545,0.0,0.006037,-0.01161,0.0,0.0,0.0,1.0
1.55,0.0,0.006046,-0.010936,0.0,0.0,0.0,1.0
1.555,0.0,0.006055,-0.010264,0.0,0.0,0.0,1.0
1.56,0.0,0.006064,-0.009596,0.0,0.0,0.0,1.0
1.565,0.0,0.006073,-0.008931,0.0,0.0,0.0,1.0
1.57,0.0,0.006083,-0.00827,0.0,0.0,0.0,1.0
1.575,0.0,0.006092,-0.007611,0.0,0.0,0.0,1.0
1.58,0.0,0.006102,-0.006954,0.0,0.0,0.0,1.0
1.585,0.0,0.006111,-0.0063,0.0,0.0,0.0,1.0
1.59,0.0,0.00612,-0.005647,0.0,0.0,0.0,1.0
1.595,0.0,0.006129,-0.004997,0.0,0.0,0.0,1.0
1.6,0.0,0.006138,-0.004347,0.0,0.0,0.0,1.0
1.605,0.0,0.006147,-0.003699,0.0,0.0,0.0,1.0
1.61,0.0,0.006155,-0.003053,0.0,0.0,0.0,1.0
1.615,0.0,0.006163,-0.002407,0.0,0.0,0.0,1.0
1.62,0.0,0.006171,-0.001762,0.0,0.0,0.0,1.0
1.625,0.0,0.006178,-0.001119,0.0,0.0,0.0,1.0
1.63,0.0,0.006186,-0.000476,0.0,0.0,0.0,1.0
1.635,0.0,0.006194,0.000167,0.0,0.0,0.0,1.0
1.64,0.0,0.006201,0.000811,0.0,0.0,0.0,1.0
1.645,0.0,0.006209,0.001454,0.0,0.0,0.0,1.0
1.65,0.0,0.006217,0.002097,0.0,0.0,0.0,1.0
1.655,0.0,0.006224,0.002741,0.0,0.0,0.0,1.0
1.66,0.0,0.006232,0.003384,0.0,0.0,0.0,1.0
1.665,0.0,0.006239,0.004027,0.0,0.0,0.0,1.0
1.67,0.0,0.006247,0.004671,0.0,0.0,0.0,1.0
1.675,0.0,0.006255,0.005314,0.0,0.0,0.0,1.0
1.68,0.0,0.006262,0.005958,0.0,0.0,0.0,1.0
1.685,0.0,0.00627,0.006602,0.0,0.0,0.0,1.0
1.69,0.0,0.006278,0.007246,0.0,0.0,0.0,1.0
1.695,0.0,0.006285,0.00789,0.0,0.0,0.0,1.0
1.7,0.0,0.006293,0.008535,0.0,0.0,0.0,1.0
1.705,0.0,0.006301,0.00918,0.0,0.0,0.0,1.0
1.71,0.0,0.006308,0.009825,0.0,0.0,0.0,1.0
1.715,0.0,0.006316,0.010471,0.0,0.0,0.0,1.0
1.72,0.0,0.006323,0.011117,0.0,0.0,0.0,1.0
1.725,0.0,0.006331,0.011764,0.0,0.0,0.0,1.0
1.73,0.0,0.006339,0.012411,0.0,0.0,0.0,1.0
1.735,0.0,0.006346,0.013058,0.0,0.0,0.0,1.0
1.74,0.0,0.006354,0.013706,0.0,0.0,0.0,1.0
1.745,0.0,0.006362,0.014353,0.0,0.0,0.0,1.0
1.75,0.0,0.006369,0.015001,0.0,0.0,0.0,1.0
1.755,0.0,0.006377,0.015649,0.0,0.0,0.0,1.0
1.76,0.0,0.006385,0.016298,0.0,0.0,0.0,1.0
1.765,0.0,0.006393,0.016946,0.0,0.0,0.0,1.0
1.77,0.0,0.0064,0.017594,0.0,0.0,0.0,1.0
1.775,0.0,0.006408,0.018242,0.0,0.0,0.0,1.0
1.78,0.0,0.006416,0.01889,0.0,0.0,0.0,1.0
1.785,0.0,0.006423,0.019538,0.0,0.0,0.0,1.0
1.79,0.0,0.006431,0.020186,0.0,0.0,0.0,1.0
1.795,0.0,0.006439,0.020833,0.0,0.0,0.0,1.0
1.8,0.0,0.006446,0.021481,0.0,0.0,0.0,1.0
1.805,0.0,0.006454,0.022128,0.0,0.0,0.0,1.0
1.81,0.0,0.006462,0.022776,0.0,0.0,0.0,1.0
1.815,0.0,0.006469,0.023423,0.0,0.0,0.0,1.0
1.82,0.0,0.006477,0.02407,0.0,0.0,0.0,1.0
1.825,0.0,0.006485,0.024716,0.0,0.0,0.0,1.0
1.83,0.0,0.006492,0.025363,0.0,0.0,0.0,1.0
1.835,0.0,0.0065,0.026009,0.0,0.0,0.0,1.0
1.84,0.0,0.006507,0.026656,0.0,0.0,0.0,1.0
1.845,0.0,0.006515,0.027302,0.0,0.0,0.0,1.0
1.85,0.0,0.006523,0.027948,0.0,0.0,0.0,1.0
1.855,0.0,0.00653,0.028594,0.0,0.0,0.0,1.0
1.86,0.0,0.006538,0.02924,0.0,0.0,0.0,1.0
1.865,0.0,0.006546,0.029886,0.0,0.0,0.0,1.0
1.87,0.0,0.006553,0.030532,0.0,0.0,0.0,1.0
1.875,0.0,0.006561,0.031178,0.0,0.0,0.0,1.0
1.88,0.0,0.006569,0.031823,0.0,0.0,0.0,1.0
1.885,0.0,0.006576,0.032468,0.0,0.0,0.0,1.0
1.89,0.0,0.006584,0.033114,0.0,0.0,0.0,1.0
1.895,0.0,0.006592,0.033758,0.0,0.0,0.0,1.0
1.9,0.0,0.006599,0.034403,0.0,0.0,0.0,1.0
1.905,0.0,0.006607,0.035048,0.0,0.0,0.0,1.0
1.91,0.0,0.006615,0.035692,0.0,0.0,0.0,1.0
1.915,0.0,0.006622,0.036336,0.0,0.0,0.0,1.0
1.92,0.0,0.00663,0.036979,0.0,0.0,0.0,1.0
1.925,0.0,0.006637,0.037622,0.0,0.0,0.0,1.0
1.93,0.0,0.006645,0.038264,0.0,0.0,0.0,1.0
1.935,0.0,0.006653,0.038906,0.0,0.0,0.0,1.0
1.94,0.0,0.00666,0.039547,0.0,0.0,0.0,1.0
1.945,0.0,0.006668,0.040187,0.0,0.0,0.0,1.0
1.95,0.0,0.006675,0.040827,0.0,0.0,0.0,1.0
1.955,0.0,0.006683,0.041467,0.0,0.0,0.0,1.0
1.96,0.0,0.006691,0.042106,0.0,0.0,0.0,1.0
1.965,0.0,0.006698,0.042745,0.0,0.0,0.0,1.0
1.97,0.0,0.006706,0.043384,0.0,0.0,0.0,1.0
1.975,0.0,0.006713,0.044023,0.0,0.0,0.0,1.0
1.98,0.0,0.006721,0.044662,0.0,0.0,0.0,1.0
1.985,0.0,0.006729,0.0453,0.0,0.0,0.0,1.0
1.99,0.0,0.006736,0.045939,0.0,0.0,0.0,1.0
1.995,0.0,0.006744,0.046578,0.0,0.0,0.0,1.0
2.0,0.0,0.006751,0.047216,0.0,0.0,0.0,1.0
2.005,0.0,0.006759,0.047855,0.0,0.0,0.0,1.0
2.01,0.0,0.006766,0.048494,0.0,0.0,0.0,1.0
2.015,0.0,0.006774,0.049133,0.0,0.0,0.0,1.0
2.02,0.0,0.006782,0.049773,0.0,0.0,0.0,1.0
2.025,0.0,0.006789,0.050413,0.0,0.0,0.0,1.0
2.03,0.0,0.006797,0.051053,0.0,0.0,0.0,1.0
2.035,0.0,0.006804,0.051692,0.0,0.0,0.0,1.0
2.04,0.0,0.006812,0.052332,0.0,0.0,0.0,1.0
2.045,0.0,0.00682,0.052971,0.0,0.0,0.0,1.0
2.05,0.0,0.006827,0.05361,0.0,0.0,0.0,1.0
2.055,0.0,0.006835,0.054249,0.0,0.0,0.0,1.0
2.06,0.0,0.006842,0.054887,0.0,0.0,0.0,1.0
2.065,0.0,0.00685,0.055525,0.0,0.0,0.0,1.0
2.07,0.0,0.006858,0.056164,0.0,0.0,0.0,1.0
2.075,0.0,0.006865,0.056802,0.0,0.0,0.0,1.0
2.08,0.0,0.006873,0.057439,0.0,0.0,0.0,1.0
2.085,0.0,0.00688,0.058077,0.0,0.0,0.0,1.0
2.09,0.0,0.006888,0.058714,0.0,0.0,0.0,1.0
2.095,0.0,0.006895,0.059351,0.0,0.0,0.0,1.0
2.1,0.0,0.006903,0.059988,0.0,0.0,0.0,1.0
2.105,0.0,0.006911,0.060625,0.0,0.0,0.0,1.0
2.11,0.0,0.006918,0.061261,0.0,0.0,0.0,1.0
2.115,0.0,0.006926,0.061898,0.0,0.0,0.0,1.0
2.12,0.0,0.006933,0.062534,0.0,0.0,0.0,1.0
2.125,0.0,0.006941,0.06317,0.0,0.0,0.0,1.0
2.13,0.0,0.006948,0.063805,0.0,0.0,0.0,1.0
2.135,0.0,0.006956,0.064441,0.0,0.0,0.0,1.0
2.14,0.0,0.006963,0.065076,0.0,0.0,0.0,1.0
2.145,0.0,0.006971,0.065712,0.0,0.0,0.0,1.0
2.15,0.0,0.006979,0.066347,0.0,0.0,0.0,1.0
2.155,0.0,0.006986,0.066981,0.0,0.0,0.0,1.0
2.16,0.0,0.006994,0.067616,0.0,0.0,0.0,1.0
2.165,0.0,0.007001,0.06825,0.0,0.0,0.0,1.0
2.17,0.0,0.007009,0.068885,0.0,0.0,0.0,1.0
2.175,0.0,0.007016,0.069519,0.0,0.0,0.0,1.0
2.18,0.0,0.007024,0.070153,0.0,0.0,0.0,1.0
2.185,0.0,0.007031,0.070786,0.0,0.0,0.0,1.0
2.19,0.0,0.007039,0.07142,0.0,0.0,0.0,1.0
2.195,0.0,0.007046,0.072053,0.0,0.0,0.0,1.0
2.2,0.0,0.007054,0.072687,0.0,0.0,0.0,1.0
2.205,0.0,0.007061,0.07332,0.0,0.0,0.0,1.0
2.21,0.0,0.007069,0.073953,0.0,0.0,0.0,1.0
2.215,0.0,0.007077,0.074585,0.0,0.0,0.0,1.0
2.22,0.0,0.007084,0.075218,0.0,0.0,0.0,1.0
2.225,0.0,0.007092,0.07585,0.0,0.0,0.0,1.0
2.23,0.0,0.007099,0.076482,0.0,0.0,0.0,1.0
2.235,0.0,0.007107,0.077114,0.0,0.0,0.0,1.0
2.24,0.0,0.007114,0.077746,0.0,0.0,0.0,1.0
2.245,0.0,0.007122,0.078377,0.0,0.0,0.0,1.0
2.25,0.0,0.007129,0.079009,0.0,0.0,0.0,1.0
2.255,0.0,0.007137,0.07964,0.0,0.0,0.0,1.0
2.26,0.0,0.007144,0.08027,0.0,0.0,0.0,1.0
2.265,0.0,0.007152,0.080901,0.0,0.0,0.0,1.0
2.27,0.0,0.007159,0.081531,0.0,0.0,0.0,1.0
2.275,0.0,0.007167,0.082161,0.0,0.0,0.0,1.0
2.28,0.0,0.007174,0.08279,0.0,0.0,0.0,1.0
2.285,0.0,0.007182,0.083419,0.0,0.0,0.0,1.0
2.29,0.0,0.007189,0.084047,0.0,0.0,0.0,1.0
2.295,0.0,0.007197,0.084674,0.0,0.0,0.0,1.0
2.3,0.0,0.007204,0.0853,0.0,0.0,0.0,1.0
2.305,0.0,0.007212,0.085925,0.0,0.0,0.0,1.0
2.31,0.0,0.007219,0.086548,0.0,0.0,0.0,1.0
2.315,0.0,0.007226,0.08717,0.0,0.0,0.0,1.0
2.32,0.0,0.007234,0.087789,0.0,0.0,0.0,1.0
2.325,0.0,0.007241,0.088404,0.0,0.0,0.0,1.0
2.33,0.0,0.007249,0.089017,0.0,0.0,0.0,1.0
2.335,0.0,0.007256,0.089625,0.0,0.0,0.0,1.0
2.34,0.0,0.007263,0.090232,0.0,0.0,0.0,1.0
2.345,0.0,0.00727,0.09084,0.0,0.0,0.0,1.0
2.35,0.0,0.007278,0.091447,0.0,0.0,0.0,1.0
2.355,0.0,0.007285,0.092054,0.0,0.0,0.0,1.0
2.36,0.0,0.007292,0.092661,0.0,0.0,0.0,1.0
2.365,0.0,0.0073,0.093268,0.0,0.0,0.0,1.0
2.37,0.0,0.007308,0.093875,0.0,0.0,0.0,1.0
2.375,0.0,0.007316,0.094483,0.0,0.0,0.0,1.0
2.38,0.0,0.007324,0.095091,0.0,0.0,0.0,1.0
2.385,0.0,0.007333,0.0957,0.0,0.0,0.0,1.0
2.39,0.0,0.007342,0.096311,0.0,0.0,0.0,1.0
2.395,0.0,0.007352,0.096923,0.0,0.0,0.0,1.0
2.4,0.0,0.007363,0.097538,0.0,0.0,0.0,1.0
2.405,0.0,0.007374,0.098156,0.0,0.0,0.0,1.0
2.41,0.0,0.007387,0.098778,0.0,0.0,0.0,1.0
2.415,0.0,0.007401,0.099399,0.0,0.0,0.0,1.0
2.42,0.0,0.007416,0.10002,0.0,0.0,0.0,1.0
2.425,0.0,0.007433,0.100642,0.0,0.0,0.0,1.0
2.43,0.0,0.007452,0.101263,0.0,0.0,0.0,1.0
2.435,0.0,0.007473,0.101885,0.0,0.0,0.0,1.0
2.44,0.0,0.007496,0.102506,0.0,0.0,0.0,1.0
2.445,0.0,0.007522,0.103128,0.0,0.0,0.0,1.0
2.45,0.0,0.00755,0.10375,0.0,0.0,0.0,1.0
2.455,0.0,0.00758,0.104371,0.0,0.0,0.0,1.0
2.46,0.0,0.007612,0.104992,0.0,0.0,0.0,1.0
2.465,0.0,0.007644,0.105613,0.0,0.0,0.0,1.0
2.47,0.0,0.007675,0.106233,0.0,0.0,0.0,1.0
2.475,0.0,0.007706,0.106852,0.0,0.0,0.0,1.0
2.48,0.0,0.007733,0.107469,0.0,0.0,0.0,1.0
2.485,0.0,0.007757,0.108085,0.0,0.0,0.0,1.0
2.49,0.0,0.007776,0.108699,0.0,0.0,0.0,1.0
2.495,0.0,0.00779,0.109311,0.0,0.0,0.0,1.0
2.5,0.0,0.007797,0.109921,0.0,0.0,0.0,1.0
2.505,0.0,0.007798,0.110529,0.0,0.0,0.0,1.0
2.51,0.0,0.007792,0.111134,0.0,0.0,0.0,1.0
2.515,0.0,0.007778,0.111738,0.0,0.0,0.0,1.0
2.52,0.0,0.007757,0.112339,0.0,0.0,0.0,1.0
2.525,0.0,0.007728,0.112939,0.0,0.0,0.0,1.0
2.53,0.0,0.007692,0.113536,0.0,0.0,0.0,1.0
2.535,0.0,0.007649,0.114132,0.0,0.0,0.0,1.0
2.54,0.0,0.0076,0.114727,0.0,0.0,0.0,1.0
2.545,0.0,0.007545,0.115321,0.0,0.0,0.0,1.0
2.55,0.0,0.007486,0.115915,0.0,0.0,0.0,1.0
2.555,0.0,0.007425,0.116509,0.0,0.0,0.0,1.0
2.56,0.0,0.007363,0.117104,0.0,0.0,0.0,1.0
2.565,0.0,0.007303,0.1177,0.0,0.0,0.0,1.0
2.57,0.0,0.007244,0.118297,0.0,0.0,0.0,1.0
2.575,0.0,0.00719,0.118896,0.0,0.0,0.0,1.0
2.58,0.0,0.00714,0.119497,0.0,0.0,0.0,1.0
2.585,0.0,0.007094,0.120099,0.0,0.0,0.0,1.0
2.59,0.0,0.007054,0.120704,0.0,0.0,0.0,1.0
2.595,0.0,0.007019,0.12131,0.0,0.0,0.0,1.0
2.6,0.0,0.006989,0.121917,0.0,0.0,0.0,1.0
2.605,0.0,0.006965,0.122526,0.0,0.0,0.0,1.0
2.61,0.0,0.006945,0.123137,0.0,0.0,0.0,1.0
2.615,0.0,0.006931,0.123748,0.0,0.0,0.0,1.0
2.62,0.0,0.006923,0.124359,0.0,0.0,0.0,1.0
2.625,0.0,0.006919,0.124971,0.0,0.0,0.0,1.0
2.63,0.0,0.006919,0.125582,0.0,0.0,0.0,1.0
2.635,0.0,0.006923,0.126191,0.0,0.0,0.0,1.0
2.64,0.0,0.006929,0.1268,0.0,0.0,0.0,1.0
2.645,0.0,0.006936,0.127406,0.0,0.0,0.0,1.0
2.65,0.0,0.006945,0.128009,0.0,0.0,0.0,1.0
2.655,0.0,0.006953,0.128607,0.0,0.0,0.0,1.0
2.66,0.0,0.006962,0.129199,0.0,0.0,0.0,1.0
2.665,0.0,0.00697,0.129783,0.0,0.0,0.0,1.0
2.67,0.0,0.006978,0.130355,0.0,0.0,0.0,1.0
2.675,0.0,0.006985,0.130913,0.0,0.0,0.0,1.0
2.68,0.0,0.006992,0.131453,0.0,0.0,0.0,1.0
2.685,0.0,0.006999,0.131973,0.0,0.0,0.0,1.0
2.69,0.0,0.007005,0.132469,0.0,0.0,0.0,1.0
2.695,0.0,0.007011,0.13294,0.0,0.0,0.0,1.0
2.7,0.0,0.007017,0.133384,0.0,0.0,0.0,1.0
2.705,0.0,0.007022,0.133798,0.0,0.0,0.0,1.0
2.71,0.0,0.007027,0.134184,0.0,0.0,0.0,1.0
2.715,0.0,0.007031,0.134539,0.0,0.0,0.0,1.0
2.72,0.0,0.007035,0.134865,0.0,0.0,0.0,1.0
2.725,0.0,0.007039,0.135162,0.0,0.0,0.0,1.0
2.73,0.0,0.007043,0.13543,0.0,0.0,0.0,1.0
2.735,0.0,0.007046,0.135672,0.0,0.0,0.0,1.0
2.74,0.0,0.007049,0.135891,0.0,0.0,0.0,1.0
2.745,0.0,0.007052,0.136089,0.0,0.0,0.0,1.0
2.75,0.0,0.007055,0.136271,0.0,0.0,0.0,1.0
2.755,0.0,0.007057,0.136439,0.0,0.0,0.0,1.0
2.76,0.0,0.00706,0.136599,0.0,0.0,0.0,1.0
2.765,0.0,0.007062,0.136752,0.0,0.0,0.0,1.0
2.77,0.0,0.007064,0.136902,0.0,0.0,0.0,1.0
2.775,0.0,0.007067,0.13705,0.0,0.0,0.0,1.0
2.78,0.0,0.007069,0.137197,0.0,0.0,0.0,1.0
2.785,0.0,0.007072,0.137345,0.0,0.0,0.0,1.0
2.79,0.0,0.007074,0.137492,0.0,0.0,0.0,1.0
2.795,0.0,0.007076,0.137639,0.0,0.0,0.0,1.0
2.8,0.0,0.007079,0.137784,0.0,0.0,0.0,1.0
2.805,0.0,0.007081,0.137927,0.0,0.0,0.0,1.0
2.81,0.0,0.007083,0.138067,0.0,0.0,0.0,1.0
2.815,0.0,0.007086,0.138202,0.0,0.0,0.0,1.0
2.82,0.0,0.007088,0.138332,0.0,0.0,0.0,1.0
2.825,0.0,0.00709,0.138455,0.0,0.0,0.0,1.0
2.83,0.0,0.007092,0.138571,0.0,0.0,0.0,1.0
2.835,0.0,0.007094,0.13868,0.0,0.0,0.0,1.0
2.84,0.0,0.007096,0.138783,0.0,0.0,0.0,1.0
2.845,0.0,0.007098,0.138879,0.0,0.0,0.0,1.0
2.85,0.0,0.0071,0.138968,0.0,0.0,0.0,1.0
2.855,0.0,0.007101,0.13905,0.0,0.0,0.0,1.0
2.86,0.0,0.007103,0.139125,0.0,0.0,0.0,1.0
2.865,0.0,0.007105,0.139195,0.0,0.0,0.0,1.0
2.87,0.0,0.007106,0.139259,0.0,0.0,0.0,1.0
2.875,0.0,0.007108,0.139319,0.0,0.0,0.0,1.0
2.88,0.0,0.007109,0.139375,0.0,0.0,0.0,1.0
2.885,0.0,0.007111,0.139429,0.0,0.0,0.0,1.0
2.89,0.0,0.007112,0.139481,0.0,0.0,0.0,1.0
2.895,0.0,0.007114,0.139532,0.0,0.0,0.0,1.0
2.9,0.0,0.007115,0.139582,0.0,0.0,0.0,1.0
2.905,0.0,0.007117,0.139632,0.0,0.0,0.0,1.0
2.91,0.0,0.007118,0.139681,0.0,0.0,0.0,1.0
2.915,0.0,0.00712,0.139728,0.0,0.0,0.0,1.0
2.92,0.0,0.007121,0.139774,0.0,0.0,0.0,1.0
2.925,0.0,0.007122,0.139819,0.0,0.0,0.0,1.0
2.93,0.0,0.007124,0.139863,0.0,0.0,0.0,1.0
2.935,0.0,0.007125,0.139906,0.0,0.0,0.0,1.0
2.94,0.0,0.007126,0.139949,0.0,0.0,0.0,1.0
2.945,0.0,0.007128,0.139992,0.0,0.0,0.0,1.0
2.95,0.0,0.007129,0.140035,0.0,0.0,0.0,1.0
2.955,0.0,0.007131,0.140078,0.0,0.0,0.0,1.0
2.96,0.0,0.007132,0.14012,0.0,0.0,0.0,1.0
2.965,0.0,0.007133,0.140163,0.0,0.0,0.0,1.0
2.97,0.0,0.007135,0.140206,0.0,0.0,0.0,1.0
2.975,0.0,0.007136,0.140248,0.0,0.0,0.0,1.0
2.98,0.0,0.007137,0.140291,0.0,0.0,0.0,1.0
2.985,0.0,0.007139,0.140334,0.0,0.0,0.0,1.0
2.99,0.0,0.00714,0.140376,0.0,0.0,0.0,1.0
2.995,0.0,0.007141,0.140419,0.0,0.0,0.0,1.0
3.0,0.0,0.007143,0.140461,0.0,0.0,0.0,1.0
3.005,0.0,0.007144,0.140504,0.0,0.0,0.0,1.0
3.01,0.0,0.007145,0.140546,0.0,0.0,0.0,1.0
3.015,0.0,0.007147,0.140589,0.0,0.0,0.0,1.0
3.02,0.0,0.007148,0.140632,0.0,0.0,0.0,1.0
3.025,0.0,0.00715,0.140674,0.0,0.0,0.0,1.0
3.03,0.0,0.007151,0.140717,0.0,0.0,0.0,1.0
3.035,0.0,0.007152,0.140759,0.0,0.0,0.0,1.0
3.04,0.0,0.007154,0.140802,0.0,0.0,0.0,1.0
3.045,0.0,0.007155,0.140845,0.0,0.0,0.0,1.0
3.05,0.0,0.007156,0.140887,0.0,0.0,0.0,1.0
3.055,0.0,0.007158,0.14093,0.0,0.0,0.0,1.0
3.06,0.0,0.007159,0.140972,0.0,0.0,0.0,1.0
3.065,0.0,0.00716,0.141015,0.0,0.0,0.0,1.0
3.07,0.0,0.007162,0.141058,0.0,0.0,0.0,1.0
3.075,0.0,0.007163,0.1411,0.0,0.0,0.0,1.0
3.08,0.0,0.007164,0.141143,0.0,0.0,0.0,1.0
3.085,0.0,0.007166,0.141185,0.0,0.0,0.0,1.0
3.09,0.0,0.007167,0.141228,0.0,0.0,0.0,1.0
3.095,0.0,0.007169,0.14127,0.0,0.0,0.0,1.0
3.1,0.0,0.00717,0.141313,0.0,0.0,0.0,1.0
3.105,0.0,0.007171,0.141356,0.0,0.0,0.0,1.0
3.11,0.0,0.007173,0.141398,0.0,0.0,0.0,1.0
3.115,0.0,0.007174,0.141441,0.0,0.0,0.0,1.0
3.12,0.0,0.007175,0.141483,0.0,0.0,0.0,1.0
3.125,0.0,0.007177,0.141526,0.0,0.0,0.0,1.0
3.13,0.0,0.007178,0.141569,0.0,0.0,0.0,1.0
3.135,0.0,0.007179,0.141611,0.0,0.0,0.0,1.0
3.14,0.0,0.007181,0.141654,0.0,0.0,0.0,1.0
3.145,0.0,0.007182,0.141696,0.0,0.0,0.0,1.0
3.15,0.0,0.007183,0.141739,0.0,0.0,0.0,1.0
3.155,0.0,0.007185,0.141781,0.0,0.0,0.0,1.0
3.16,0.0,0.007186,0.141824,0.0,0.0,0.0,1.0
3.165,0.0,0.007188,0.141867,0.0,0.0,0.0,1.0
3.17,0.0,0.007189,0.141909,0.0,0.0,0.0,1.0
3.175,0.0,0.00719,0.141952,0.0,0.0,0.0,1.0
3.18,0.0,0.007192,0.141994,0.0,0.0,0.0,1.0
3.185,0.0,0.007193,0.142037,0.0,0.0,0.0,1.0
3.19,0.0,0.007194,0.14208,0.0,0.0,0.0,1.0
3.195,0.0,0.007196,0.142122,0.0,0.0,0.0,1.0
3.2,0.0,0.007197,0.142165,0.0,0.0,0.0,1.0
3.205,0.0,0.007198,0.142207,0.0,0.0,0.0,1.0
3.21,0.0,0.0072,0.14225,0.0,0.0,0.0,1.0
3.215,0.0,0.007201,0.142293,0.0,0.0,0.0,1.0
3.22,0.0,0.007202,0.142335,0.0,0.0,0.0,1.0
3.225,0.0,0.007204,0.142378,0.0,0.0,0.0,1.0
3.23,0.0,0.007205,0.14242,0.0,0.0,0.0,1.0
3.235,0.0,0.007206,0.142463,0.0,0.0,0.0,1.0
3.24,0.0,0.007208,0.142505,0.0,0.0,0.0,1.0
3.245,0.0,0.007209,0.142548,0.0,0.0,0.0,1.0
3.25,0.0,0.007211,0.142591,0.0,0.0,0.0,1.0
3.255,0.0,0.007212,0.142633,0.0,0.0,0.0,1.0
3.26,0.0,0.007213,0.142676,0.0,0.0,0.0,1.0
3.265,0.0,0.007215,0.142718,0.0,0.0,0.0,1.0
3.27,0.0,0.007216,0.142761,0.0,0.0,0.0,1.0
3.275,0.0,0.007217,0.142804,0.0,0.0,0.0,1.0
3.28,0.0,0.007219,0.142846,0.0,0.0,0.0,1.0
3.285,0.0,0.00722,0.142889,0.0,0.0,0.0,1.0
3.29,0.0,0.007221,0.142931,0.0,0.0,0.0,1.0
3.295,0.0,0.007223,0.142974,0.0,0.0,0.0,1.0
3.3,0.0,0.007224,0.143016,0.0,0.0,0.0,1.0
3.305,0.0,0.007225,0.143059,0.0,0.0,0.0,1.0
3.31,0.0,0.007227,0.143102,0.0,0.0,0.0,1.0
3.315,0.0,0.007228,0.143144,0.0,0.0,0.0,1.0
3.32,0.0,0.00723,0.143187,0.0,0.0,0.0,1.0
3.325,0.0,0.007231,0.143229,0.0,0.0,0.0,1.0
3.33,0.0,0.007232,0.143272,0.0,0.0,0.0,1.0
3.335,0.0,0.007234,0.143315,0.0,0.0,0.0,1.0
3.34,0.0,0.007235,0.143357,0.0,0.0,0.0,1.0
3.345,0.0,0.007236,0.1434,0.0,0.0,0.0,1.0
3.35,0.0,0.007238,0.143442,0.0,0.0,0.0,1.0
3.355,0.0,0.007239,0.143485,0.0,0.0,0.0,1.0
3.36,0.0,0.00724,0.143528,0.0,0.0,0.0,1.0
3.365,0.0,0.007242,0.14357,0.0,0.0,0.0,1.0
3.37,0.0,0.007243,0.143613,0.0,0.0,0.0,1.0
3.375,0.0,0.007244,0.143655,0.0,0.0,0.0,1.0
3.38,0.0,0.007246,0.143698,0.0,0.0,0.0,1.0
3.385,0.0,0.007247,0.14374,0.0,0.0,0.0,1.0
3.39,0.0,0.007249,0.143783,0.0,0.0,0.0,1.0
3.395,0.0,0.00725,0.143826,0.0,0.0,0.0,1.0
3.4,0.0,0.007251,0.143868,0.0,0.0,0.0,1.0
3.405,0.0,0.007253,0.143911,0.0,0.0,0.0,1.0
3.41,0.0,0.007254,0.143953,0.0,0.0,0.0,1.0
3.415,0.0,0.007255,0.143996,0.0,0.0,0.0,1.0
3.42,0.0,0.007257,0.144039,0.0,0.0,0.0,1.0
3.425,0.0,0.007258,0.144081,0.0,0.0,0.0,1.0
3.43,0.0,0.007259,0.144124,0.0,0.0,0.0,1.0
3.435,0.0,0.007261,0.144166,0.0,0.0,0.0,1.0
3.44,0.0,0.007262,0.144209,0.0,0.0,0.0,1.0
3.445,0.0,0.007263,0.144252,0.0,0.0,0.0,1.0
3.45,0.0,0.007265,0.144294,0.0,0.0,0.0,1.0
3.455,0.0,0.007266,0.144337,0.0,0.0,0.0,1.0
3.46,0.0,0.007267,0.144379,0.0,0.0,0.0,1.0
3.465,0.0,0.007269,0.144422,0.0,0.0,0.0,1.0
3.47,0.0,0.00727,0.144464,0.0,0.0,0.0,1.0
3.475,0.0,0.007272,0.144507,0.0,0.0,0.0,1.0
3.48,0.0,0.007273,0.14455,0.0,0.0,0.0,1.0
3.485,0.0,0.007274,0.144592,0.0,0.0,0.0,1.0
3.49,0.0,0.007276,0.144635,0.0,0.0,0.0,1.0
3.495,0.0,0.007277,0.144677,0.0,0.0,0.0,1.0
3.5,0.0,0.007278,0.14472,0.0,0.0,0.0,1.0
3.505,0.0,0.00728,0.144763,0.0,0.0,0.0,1.0
3.51,0.0,0.007281,0.144805,0.0,0.0,0.0,1.0
3.515,0.0,0.007282,0.144848,0.0,0.0,0.0,1.0
3.52,0.0,0.007284,0.14489,0.0,0.0,0.0,1.0
3.525,0.0,0.007285,0.144933,0.0,0.0,0.0,1.0
3.53,0.0,0.007286,0.144975,0.0,0.0,0.0,1.0
3.535,0.0,0.007288,0.145018,0.0,0.0,0.0,1.0
3.54,0.0,0.007289,0.145061,0.0,0.0,0.0,1.0
3.545,0.0,0.007291,0.145103,0.0,0.0,0.0,1.0
3.55,0.0,0.007292,0.145146,0.0,0.0,0.0,1.0
3.555,0.0,0.007293,0.145188,0.0,0.0,0.0,1.0
3.56,0.0,0.007295,0.145231,0.0,0.0,0.0,1.0
3.565,0.0,0.007296,0.145274,0.0,0.0,0.0,1.0
3.57,0.0,0.007297,0.145316,0.0,0.0,0.0,1.0
3.575,0.0,0.007299,0.145359,0.0,0.0,0.0,1.0
3.58,0.0,0.0073,0.145401,0.0,0.0,0.0,1.0
3.585,0.0,0.007301,0.145444,0.0,0.0,0.0,1.0
3.59,0.0,0.007303,0.145487,0.0,0.0,0.0,1.0
3.595,0.0,0.007304,0.145529,0.0,0.0,0.0,1.0
3.6,0.0,0.007305,0.145572,0.0,0.0,0.0,1.0
3.605,0.0,0.007307,0.145614,0.0,0.0,0.0,1.0
3.61,0.0,0.007308,0.145657,0.0,0.0,0.0,1.0
3.615,0.0,0.00731,0.145699,0.0,0.0,0.0,1.0
3.62,0.0,0.007311,0.145742,0.0,0.0,0.0,1.0
3.625,0.0,0.007312,0.145785,0.0,0.0,0.0,1.0
3.63,0.0,0.007314,0.145827,0.0,0.0,0.0,1.0
3.635,0.0,0.007315,0.14587,0.0,0.0,0.0,1.0
3.64,0.0,0.007316,0.145912,0.0,0.0,0.0,1.0
3.645,0.0,0.007318,0.145955,0.0,0.0,0.0,1.0
3.65,0.0,0.007319,0.145998,0.0,0.0,0.0,1.0
3.655,0.0,0.00732,0.14604,0.0,0.0,0.0,1.0
3.66,0.0,0.007322,0.146083,0.0,0.0,0.0,1.0
3.665,0.0,0.007323,0.146125,0.0,0.0,0.0,1.0
3.67,0.0,0.007324,0.146168,0.0,0.0,0.0,1.0
3.675,0.0,0.007326,0.14621,0.0,0.0,0.0,1.0
3.68,0.0,0.007327,0.146253,0.0,0.0,0.0,1.0
3.685,0.0,0.007328,0.146296,0.0,0.0,0.0,1.0
3.69,0.0,0.00733,0.146338,0.0,0.0,0.0,1.0
3.695,0.0,0.007331,0.146381,0.0,0.0,0.0,1.0
3.7,0.0,0.007333,0.146423,0.0,0.0,0.0,1.0
3.705,0.0,0.007334,0.146466,0.0,0.0,0.0,1.0
3.71,0.0,0.007335,0.146509,0.0,0.0,0.0,1.0
3.715,0.0,0.007337,0.146551,0.0,0.0,0.0,1.0
3.72,0.0,0.007338,0.146594,0.0,0.0,0.0,1.0
3.725,0.0,0.007339,0.146636,0.0,0.0,0.0,1.0
3.73,0.0,0.007341,0.146679,0.0,0.0,0.0,1.0
3.735,0.0,0.007342,0.146722,0.0,0.0,0.0,1.0
3.74,0.0,0.007343,0.146764,0.0,0.0,0.0,1.0
3.745,0.0,0.007345,0.146807,0.0,0.0,0.0,1.0
3.75,0.0,0.007346,0.146849,0.0,0.0,0.0,1.0
3.755,0.0,0.007347,0.146892,0.0,0.0,0.0,1.0
3.76,0.0,0.007349,0.146934,0.0,0.0,0.0,1.0
3.765,0.0,0.00735,0.146977,0.0,0.0,0.0,1.0
3.77,0.0,0.007352,0.14702,0.0,0.0,0.0,1.0
3.775,0.0,0.007353,0.147062,0.0,0.0,0.0,1.0
3.78,0.0,0.007354,0.147105,0.0,0.0,0.0,1.0
3.785,0.0,0.007356,0.147147,0.0,0.0,0.0,1.0
3.79,0.0,0.007357,0.14719,0.0,0.0,0.0,1.0
3.795,0.0,0.007358,0.147233,0.0,0.0,0.0,1.0
3.8,0.0,0.00736,0.147275,0.0,0.0,0.0,1.0
3.805,0.0,0.007361,0.147318,0.0,0.0,0.0,1.0
3.81,0.0,0.007362,0.14736,0.0,0.0,0.0,1.0
3.815,0.0,0.007364,0.147403,0.0,0.0,0.0,1.0
3.82,0.0,0.007365,0.147446,0.0,0.0,0.0,1.0
3.825,0.0,0.007366,0.147488,0.0,0.0,0.0,1.0
3.83,0.0,0.007368,0.147531,0.0,0.0,0.0,1.0
3.835,0.0,0.007369,0.147573,0.0,0.0,0.0,1.0
3.84,0.0,0.007371,0.147616,0.0,0.0,0.0,1.0
3.845,0.0,0.007372,0.147658,0.0,0.0,0.0,1.0
3.85,0.0,0.007373,0.147701,0.0,0.0,0.0,1.0
3.855,0.0,0.007375,0.147744,0.0,0.0,0.0,1.0
3.86,0.0,0.007376,0.147786,0.0,0.0,0.0,1.0
3.865,0.0,0.007377,0.147829,0.0,0.0,0.0,1.0
3.87,0.0,0.007379,0.147871,0.0,0.0,0.0,1.0
3.875,0.0,0.00738,0.147914,0.0,0.0,0.0,1.0
3.88,0.0,0.007381,0.147957,0.0,0.0,0.0,1.0
3.885,0.0,0.007383,0.147999,0.0,0.0,0.0,1.0
3.89,0.0,0.007384,0.148042,0.0,0.0,0.0,1.0
3.895,0.0,0.007385,0.148084,0.0,0.0,0.0,1.0
3.9,0.0,0.007387,0.148127,0.0,0.0,0.0,1.0
3.905,0.0,0.007388,0.148169,0.0,0.0,0.0,1.0
3.91,0.0,0.007389,0.148212,0.0,0.0,0.0,1.0
3.915,0.0,0.007391,0.148255,0.0,0.0,0.0,1.0
3.92,0.0,0.007392,0.148297,0.0,0.0,0.0,1.0
3.925,0.0,0.007394,0.14834,0.0,0.0,0.0,1.0
3.93,0.0,0.007395,0.148382,0.0,0.0,0.0,1.0
3.935,0.0,0.007396,0.148425,0.0,0.0,0.0,1.0
3.94,0.0,0.007398,0.148468,0.0,0.0,0.0,1.0
3.945,0.0,0.007399,0.14851,0.0,0.0,0.0,1.0
3.95,0.0,0.0074,0.148553,0.0,0.0,0.0,1.0
3.955,0.0,0.007402,0.148595,0.0,0.0,0.0,1.0
3.96,0.0,0.007403,0.148638,0.0,0.0,0.0,1.0
3.965,0.0,0.007404,0.148681,0.0,0.0,0.0,1.0
3.97,0.0,0.007406,0.148723,0.0,0.0,0.0,1.0
3.975,0.0,0.007407,0.148766,0.0,0.0,0.0,1.0
3.98,0.0,0.007408,0.148808,0.0,0.0,0.0,1.0
3.985,0.0,0.00741,0.148851,0.0,0.0,0.0,1.0
3.99,0.0,0.007411,0.148893,0.0,0.0,0.0,1.0
3.995,0.0,0.007413,0.148936,0.0,0.0,0.0,1.0
4.0,0.0,0.007414,0.148979,0.0,0.0,0.0,1.0
4.005,0.0,0.007415,0.149021,0.0,0.0,0.0,1.0
4.01,0.0,0.007417,0.149064,0.0,0.0,0.0,1.0
4.015,0.0,0.007418,0.149106,0.0,0.0,0.0,1.0
4.02,0.0,0.007419,0.149149,0.0,0.0,0.0,1.0
4.025,0.0,0.007421,0.149192,0.0,0.0,0.0,1.0
4.03,0.0,0.007422,0.149234,0.0,0.0,0.0,1.0
4.035,0.0,0.007423,0.149277,0.0,0.0,0.0,1.0
4.04,0.0,0.007425,0.149319,0.0,0.0,0.0,1.0
4.045,0.0,0.007426,0.149362,0.0,0.0,0.0,1.0
4.05,0.0,0.007427,0.149404,0.0,0.0,0.0,1.0
4.055,0.0,0.007429,0.149447,0.0,0.0,0.0,1.0
4.06,0.0,0.00743,0.14949,0.0,0.0,0.0,1.0
4.065,0.0,0.007432,0.149532,0.0,0.0,0.0,1.0
4.07,0.0,0.007433,0.149575,0.0,0.0,0.0,1.0
4.075,0.0,0.007434,0.149617,0.0,0.0,0.0,1.0
4.08,0.0,0.007436,0.14966,0.0,0.0,0.0,1.0
4.085,0.0,0.007437,0.149703,0.0,0.0,0.0,1.0
4.09,0.0,0.007438,0.149745,0.0,0.0,0.0,1.0
4.095,0.0,0.00744,0.149788,0.0,0.0,0.0,1.0
4.1,0.0,0.007441,0.14983,0.0,0.0,0.0,1.0
4.105,0.0,0.007442,0.149873,0.0,0.0,0.0,1.0
4.11,0.0,0.007444,0.149916,0.0,0.0,0.0,1.0
4.115,0.0,0.007445,0.149958,0.0,0.0,0.0,1.0
4.12,0.0,0.007446,0.150001,0.0,0.0,0.0,1.0
4.125,0.0,0.007448,0.150043,0.0,0.0,0.0,1.0
4.13,0.0,0.007449,0.150086,0.0,0.0,0.0,1.0
4.135,0.0,0.00745,0.150128,0.0,0.0,0.0,1.0
4.14,0.0,0.007452,0.150171,0.0,0.0,0.0,1.0
4.145,0.0,0.007453,0.150214,0.0,0.0,0.0,1.0
4.15,0.0,0.007455,0.150256,0.0,0.0,0.0,1.0
4.155,0.0,0.007456,0.150299,0.0,0.0,0.0,1.0
4.16,0.0,0.007457,0.150341,0.0,0.0,0.0,1.0
4.165,0.0,0.007459,0.150384,0.0,0.0,0.0,1.0
4.17,0.0,0.00746,0.150427,0.0,0.0,0.0,1.0
4.175,0.0,0.007461,0.150469,0.0,0.0,0.0,1.0
4.18,0.0,0.007463,0.150512,0.0,0.0,0.0,1.0
4.185,0.0,0.007464,0.150554,0.0,0.0,0.0,1.0
4.19,0.0,0.007465,0.150597,0.0,0.0,0.0,1.0
4.195,0.0,0.007467,0.15064,0.0,0.0,0.0,1.0
4.2,0.0,0.007468,0.150682,0.0,0.0,0.0,1.0
4.205,0.0,0.007469,0.150725,0.0,0.0,0.0,1.0
4.21,0.0,0.007471,0.150767,0.0,0.0,0.0,1.0
4.215,0.0,0.007472,0.15081,0.0,0.0,0.0,1.0
4.22,0.0,0.007474,0.150852,0.0,0.0,0.0,1.0
4.225,0.0,0.007475,0.150895,0.0,0.0,0.0,1.0
4.23,0.0,0.007476,0.150938,0.0,0.0,0.0,1.0
4.235,0.0,0.007478,0.15098,0.0,0.0,0.0,1.0
4.24,0.0,0.007479,0.151023,0.0,0.0,0.0,1.0
4.245,0.0,0.00748,0.151065,0.0,0.0,0.0,1.0
4.25,0.0,0.007482,0.151108,0.0,0.0,0.0,1.0
4.255,0.0,0.007483,0.151151,0.0,0.0,0.0,1.0
4.26,0.0,0.007484,0.151193,0.0,0.0,0.0,1.0
4.265,0.0,0.007486,0.151236,0.0,0.0,0.0,1.0
4.27,0.0,0.007487,0.151278,0.0,0.0,0.0,1.0
4.275,0.0,0.007488,0.151321,0.0,0.0,0.0,1.0
4.28,0.0,0.00749,0.151363,0.0,0.0,0.0,1.0
4.285,0.0,0.007491,0.151406,0.0,0.0,0.0,1.0
4.29,0.0,0.007493,0.151449,0.0,0.0,0.0,1.0
4.295,0.0,0.007494,0.151491,0.0,0.0,0.0,1.0
4.3,0.0,0.007495,0.151534,0.0,0.0,0.0,1.0
4.305,0.0,0.007497,0.151576,0.0,0.0,0.0,1.0
4.31,0.0,0.007498,0.151619,0.0,0.0,0.0,1.0
4.315,0.0,0.007499,0.151662,0.0,0.0,0.0,1.0
4.32,0.0,0.007501,0.151704,0.0,0.0,0.0,1.0
4.325,0.0,0.007502,0.151747,0.0,0.0,0.0,1.0
4.33,0.0,0.007503,0.151789,0.0,0.0,0.0,1.0
4.335,0.0,0.007505,0.151832,0.0,0.0,0.0,1.0
4.34,0.0,0.007506,0.151875,0.0,0.0,0.0,1.0
4.345,0.0,0.007507,0.151917,0.0,0.0,0.0,1.0
4.35,0.0,0.007509,0.15196,0.0,0.0,0.0,1.0
4.355,0.0,0.00751,0.152002,0.0,0.0,0.0,1.0
4.36,0.0,0.007511,0.152045,0.0,0.0,0.0,1.0
4.365,0.0,0.007513,0.152087,0.0,0.0,0.0,1.0
4.37,0.0,0.007514,0.15213,0.0,0.0,0.0,1.0
4.375,0.0,0.007516,0.152173,0.0,0.0,0.0,1.0
4.38,0.0,0.007517,0.152215,0.0,0.0,0.0,1.0
4.385,0.0,0.007518,0.152258,0.0,0.0,0.0,1.0
4.39,0.0,0.00752,0.1523,0.0,0.0,0.0,1.0
4.395,0.0,0.007521,0.152343,0.0,0.0,0.0,1.0
4.4,0.0,0.007522,0.152386,0.0,0.0,0.0,1.0
4.405,0.0,0.007524,0.152428,0.0,0.0,0.0,1.0
4.41,0.0,0.007525,0.152471,0.0,0.0,0.0,1.0
4.415,0.0,0.007526,0.152513,0.0,0.0,0.0,1.0
4.42,0.0,0.007528,0.152556,0.0,0.0,0.0,1.0
4.425,0.0,0.007529,0.152598,0.0,0.0,0.0,1.0
4.43,0.0,0.00753,0.152641,0.0,0.0,0.0,1.0
4.435,0.0,0.007532,0.152684,0.0,0.0,0.0,1.0
4.44,0.0,0.007533,0.152726,0.0,0.0,0.0,1.0
4.445,0.0,0.007535,0.152769,0.0,0.0,0.0,1.0
4.45,0.0,0.007536,0.152811,0.0,0.0,0.0,1.0
4.455,0.0,0.007537,0.152854,0.0,0.0,0.0,1.0
4.46,0.0,0.007539,0.152897,0.0,0.0,0.0,1.0
4.465,0.0,0.00754,0.152939,0.0,0.0,0.0,1.0
4.47,0.0,0.007541,0.152982,0.0,0.0,0.0,1.0
4.475,0.0,0.007543,0.153024,0.0,0.0,0.0,1.0
4.48,0.0,0.007544,0.153067,0.0,0.0,0.0,1.0
4.485,0.0,0.007545,0.15311,0.0,0.0,0.0,1.0
4.49,0.0,0.007547,0.153152,0.0,0.0,0.0,1.0
4.495,0.0,0.007548,0.153195,0.0,0.0,0.0,1.0
4.5,0.0,0.007549,0.153237,0.0,0.0,0.0,1.0
4.505,0.0,0.007551,0.15328,0.0,0.0,0.0,1.0
4.51,0.0,0.007552,0.153322,0.0,0.0,0.0,1.0
4.515,0.0,0.007554,0.153365,0.0,0.0,0.0,1.0
4.52,0.0,0.007555,0.153408,0.0,0.0,0.0,1.0
4.525,0.0,0.007556,0.15345,0.0,0.0,0.0,1.0
4.53,0.0,0.007558,0.153493,0.0,0.0,0.0,1.0
4.535,0.0,0.007559,0.153535,0.0,0.0,0.0,1.0
4.54,0.0,0.00756,0.153578,0.0,0.0,0.0,1.0
4.545,0.0,0.007562,0.153621,0.0,0.0,0.0,1.0
4.55,0.0,0.007563,0.153663,0.0,0.0,0.0,1.0
4.555,0.0,0.007564,0.153706,0.0,0.0,0.0,1.0
4.56,0.0,0.007566,0.153748,0.0,0.0,0.0,1.0
4.565,0.0,0.007567,0.153791,0.0,0.0,0.0,1.0
4.57,0.0,0.007568,0.153834,0.0,0.0,0.0,1.0
4.575,0.0,0.00757,0.153876,0.0,0.0,0.0,1.0
4.58,0.0,0.007571,0.153919,0.0,0.0,0.0,1.0
4.585,0.0,0.007573,0.153961,0.0,0.0,0.0,1.0
4.59,0.0,0.007574,0.154004,0.0,0.0,0.0,1.0
4.595,0.0,0.007575,0.154046,0.0,0.0,0.0,1.0
4.6,0.0,0.007577,0.154089,0.0,0.0,0.0,1.0
4.605,0.0,0.007578,0.154132,0.0,0.0,0.0,1.0
4.61,0.0,0.007579,0.154174,0.0,0.0,0.0,1.0
4.615,0.0,0.007581,0.154217,0.0,0.0,0.0,1.0
4.62,0.0,0.007582,0.154259,0.0,0.0,0.0,1.0
4.625,0.0,0.007583,0.154302,0.0,0.0,0.0,1.0
4.63,0.0,0.007585,0.154345,0.0,0.0,0.0,1.0
4.635,0.0,0.007586,0.154387,0.0,0.0,0.0,1.0
4.64,0.0,0.007587,0.15443,0.0,0.0,0.0,1.0
4.645,0.0,0.007589,0.154472,0.0,0.0,0.0,1.0
4.65,0.0,0.00759,0.154515,0.0,0.0,0.0,1.0
4.655,0.0,0.007591,0.154557,0.0,0.0,0.0,1.0
4.66,0.0,0.007593,0.1546,0.0,0.0,0.0,1.0
4.665,0.0,0.007594,0.154643,0.0,0.0,0.0,1.0
4.67,0.0,0.007596,0.154685,0.0,0.0,0.0,1.0
4.675,0.0,0.007597,0.154728,0.0,0.0,0.0,1.0
4.68,0.0,0.007598,0.15477,0.0,0.0,0.0,1.0
4.685,0.0,0.0076,0.154813,0.0,0.0,0.0,1.0
4.69,0.0,0.007601,0.154856,0.0,0.0,0.0,1.0
4.695,0.0,0.007602,0.154898,0.0,0.0,0.0,1.0
4.7,0.0,0.007604,0.154941,0.0,0.0,0.0,1.0
4.705,0.0,0.007605,0.154983,0.0,0.0,0.0,1.0
4.71,0.0,0.007606,0.155026,0.0,0.0,0.0,1.0
4.715,0.0,0.007608,0.155069,0.0,0.0,0.0,1.0
4.72,0.0,0.007609,0.155111,0.0,0.0,0.0,1.0
4.725,0.0,0.00761,0.155154,0.0,0.0,0.0,1.0
4.73,0.0,0.007612,0.155196,0.0,0.0,0.0,1.0
4.735,0.0,0.007613,0.155239,0.0,0.0,0.0,1.0
4.74,0.0,0.007615,0.155281,0.0,0.0,0.0,1.0
4.745,0.0,0.007616,0.155324,0.0,0.0,0.0,1.0
4.75,0.0,0.007617,0.155367,0.0,0.0,0.0,1.0
4.755,0.0,0.007619,0.155409,0.0,0.0,0.0,1.0
4.76,0.0,0.00762,0.155452,0.0,0.0,0.0,1.0
4.765,0.0,0.007621,0.155494,0.0,0.0,0.0,1.0
4.77,0.0,0.007623,0.155537,0.0,0.0,0.0,1.0
4.775,0.0,0.007624,0.15558,0.0,0.0,0.0,1.0
4.78,0.0,0.007625,0.155622,0.0,0.0,0.0,1.0
4.785,0.0,0.007627,0.155665,0.0,0.0,0.0,1.0
4.79,0.0,0.007628,0.155707,0.0,0.0,0.0,1.0
4.795,0.0,0.007629,0.15575,0.0,0.0,0.0,1.0
4.8,0.0,0.007631,0.155792,0.0,0.0,0.0,1.0
4.805,0.0,0.007632,0.155835,0.0,0.0,0.0,1.0
4.81,0.0,0.007634,0.155878,0.0,0.0,0.0,1.0
4.815,0.0,0.007635,0.15592,0.0,0.0,0.0,1.0
4.82,0.0,0.007636,0.155963,0.0,0.0,0.0,1.0
4.825,0.0,0.007638,0.156005,0.0,0.0,0.0,1.0
4.83,0.0,0.007639,0.156048,0.0,0.0,0.0,1.0
4.835,0.0,0.00764,0.156091,0.0,0.0,0.0,1.0
4.84,0.0,0.007642,0.156133,0.0,0.0,0.0,1.0
4.845,0.0,0.007643,0.156176,0.0,0.0,0.0,1.0
4.85,0.0,0.007644,0.156218,0.0,0.0,0.0,1.0
4.855,0.0,0.007646,0.156261,0.0,0.0,0.0,1.0
4.86,0.0,0.007647,0.156304,0.0,0.0,0.0,1.0
4.865,0.0,0.007648,0.156346,0.0,0.0,0.0,1.0
4.87,0.0,0.00765,0.156389,0.0,0.0,0.0,1.0
4.875,0.0,0.007651,0.156431,0.0,0.0,0.0,1.0
4.88,0.0,0.007652,0.156474,0.0,0.0,0.0,1.0
4.885,0.0,0.007654,0.156516,0.0,0.0,0.0,1.0
4.89,0.0,0.007655,0.156559,0.0,0.0,0.0,1.0
4.895,0.0,0.007657,0.156602,0.0,0.0,0.0,1.0
4.9,0.0,0.007658,0.156644,0.0,0.0,0.0,1.0
4.905,0.0,0.007659,0.156687,0.0,0.0,0.0,1.0
4.91,0.0,0.007661,0.156729,0.0,0.0,0.0,1.0
4.915,0.0,0.007662,0.156772,0.0,0.0,0.0,1.0
4.92,0.0,0.007663,0.156815,0.0,0.0,0.0,1.0
4.925,0.0,0.007665,0.156857,0.0,0.0,0.0,1.0
4.93,0.0,0.007666,0.1569,0.0,0.0,0.0,1.0
4.935,0.0,0.007667,0.156942,0.0,0.0,0.0,1.0
4.94,0.0,0.007669,0.156985,0.0,0.0,0.0,1.0
4.945,0.0,0.00767,0.157028,0.0,0.0,0.0,1.0
4.95,0.0,0.007671,0.15707,0.0,0.0,0.0,1.0
4.955,0.0,0.007673,0.157113,0.0,0.0,0.0,1.0
4.96,0.0,0.007674,0.157155,0.0,0.0,0.0,1.0
4.965,0.0,0.007676,0.157198,0.0,0.0,0.0,1.0
4.97,0.0,0.007677,0.15724,0.0,0.0,0.0,1.0
4.975,0.0,0.007678,0.157283,0.0,0.0,0.0,1.0
4.98,0.0,0.00768,0.157326,0.0,0.0,0.0,1.0
4.985,0.0,0.007681,0.157368,0.0,0.0,0.0,1.0
4.99,0.0,0.007682,0.157411,0.0,0.0,0.0,1.0
4.995,0.0,0.007684,0.157453,0.0,0.0,0.0,1.0
5.0,0.0,0.007685,0.157496,0.0,0.0,0.0,1.0
5.005,0.0,0.007686,0.157539,0.0,0.0,0.0,1.0
5.01,0.0,0.007688,0.157581,0.0,0.0,0.0,1.0
5.015,0.0,0.007689,0.157624,0.0,0.0,0.0,1.0
5.02,0.0,0.00769,0.157666,0.0,0.0,0.0,1.0
5.025,0.0,0.007692,0.157709,0.0,0.0,0.0,1.0
5.03,0.0,0.007693,0.157751,0.0,0.0,0.0,1.0
5.035,0.0,0.007695,0.157794,0.0,0.0,0.0,1.0
5.04,0.0,0.007696,0.157837,0.0,0.0,0.0,1.0
5.045,0.0,0.007697,0.157879,0.0,0.0,0.0,1.0
5.05,0.0,0.007699,0.157922,0.0,0.0,0.0,1.0
5.055,0.0,0.0077,0.157964,0.0,0.0,0.0,1.0
5.06,0.0,0.007701,0.158007,0.0,0.0,0.0,1.0
5.065,0.0,0.007703,0.15805,0.0,0.0,0.0,1.0
5.07,0.0,0.007704,0.158092,0.0,0.0,0.0,1.0
5.075,0.0,0.007705,0.158135,0.0,0.0,0.0,1.0
5.08,0.0,0.007707,0.158177,0.0,0.0,0.0,1.0
5.085,0.0,0.007708,0.15822,0.0,0.0,0.0,1.0
5.09,0.0,0.007709,0.158263,0.0,0.0,0.0,1.0
5.095,0.0,0.007711,0.158305,0.0,0.0,0.0,1.0
5.1,0.0,0.007712,0.158348,0.0,0.0,0.0,1.0
5.105,0.0,0.007713,0.15839,0.0,0.0,0.0,1.0
5.11,0.0,0.007715,0.158433,0.0,0.0,0.0,1.0
5.115,0.0,0.007716,0.158475,0.0,0.0,0.0,1.0
5.12,0.0,0.007718,0.158518,0.0,0.0,0.0,1.0
5.125,0.0,0.007719,0.158561,0.0,0.0,0.0,1.0
5.13,0.0,0.00772,0.158603,0.0,0.0,0.0,1.0
5.135,0.0,0.007722,0.158646,0.0,0.0,0.0,1.0
5.14,0.0,0.007723,0.158688,0.0,0.0,0.0,1.0
5.145,0.0,0.007724,0.158731,0.0,0.0,0.0,1.0
5.15,0.0,0.007726,0.158774,0.0,0.0,0.0,1.0
5.155,0.0,0.007727,0.158816,0.0,0.0,0.0,1.0
5.16,0.0,0.007728,0.158859,0.0,0.0,0.0,1.0
5.165,0.0,0.00773,0.158901,0.0,0.0,0.0,1.0
5.17,0.0,0.007731,0.158944,0.0,0.0,0.0,1.0
5.175,0.0,0.007732,0.158986,0.0,0.0,0.0,1.0
5.18,0.0,0.007734,0.159029,0.0,0.0,0.0,1.0
5.185,0.0,0.007735,0.159072,0.0,0.0,0.0,1.0
5.19,0.0,0.007737,0.159114,0.0,0.0,0.0,1.0
5.195,0.0,0.007738,0.159157,0.0,0.0,0.0,1.0
5.2,0.0,0.007739,0.159199,0.0,0.0,0.0,1.0
5.205,0.0,0.007741,0.159242,0.0,0.0,0.0,1.0
5.21,0.0,0.007742,0.159285,0.0,0.0,0.0,1.0
5.215,0.0,0.007743,0.159327,0.0,0.0,0.0,1.0
5.22,0.0,0.007745,0.15937,0.0,0.0,0.0,1.0
5.225,0.0,0.007746,0.159412,0.0,0.0,0.0,1.0
5.23,0.0,0.007747,0.159455,0.0,0.0,0.0,1.0
5.235,0.0,0.007749,0.159498,0.0,0.0,0.0,1.0
5.24,0.0,0.00775,0.15954,0.0,0.0,0.0,1.0
5.245,0.0,0.007751,0.159583,0.0,0.0,0.0,1.0
5.25,0.0,0.007753,0.159625,0.0,0.0,0.0,1.0
5.255,0.0,0.007754,0.159668,0.0,0.0,0.0,1.0
5.26,0.0,0.007756,0.15971,0.0,0.0,0.0,1.0
5.265,0.0,0.007757,0.159753,0.0,0.0,0.0,1.0
5.27,0.0,0.007758,0.159796,0.0,0.0,0.0,1.0
5.275,0.0,0.00776,0.159838,0.0,0.0,0.0,1.0
5.28,0.0,0.007761,0.159881,0.0,0.0,0.0,1.0
5.285,0.0,0.007762,0.159923,0.0,0.0,0.0,1.0
5.29,0.0,0.007764,0.159966,0.0,0.0,0.0,1.0
5.295,0.0,0.007765,0.160009,0.0,0.0,0.0,1.0
5.3,0.0,0.007766,0.160051,0.0,0.0,0.0,1.0
5.305,0.0,0.007768,0.160094,0.0,0.0,0.0,1.0
5.31,0.0,0.007769,0.160136,0.0,0.0,0.0,1.0
5.315,0.0,0.00777,0.160179,0.0,0.0,0.0,1.0
5.32,0.0,0.007772,0.160222,0.0,0.0,0.0,1.0
5.325,0.0,0.007773,0.160264,0.0,0.0,0.0,1.0
5.33,0.0,0.007774,0.160307,0.0,0.0,0.0,1.0
5.335,0.0,0.007776,0.160349,0.0,0.0,0.0,1.0
5.34,0.0,0.007777,0.160392,0.0,0.0,0.0,1.0
5.345,0.0,0.007779,0.160434,0.0,0.0,0.0,1.0
5.35,0.0,0.00778,0.160477,0.0,0.0,0.0,1.0
5.355,0.0,0.007781,0.16052,0.0,0.0,0.0,1.0
5.36,0.0,0.007783,0.160562,0.0,0.0,0.0,1.0
5.365,0.0,0.007784,0.160605,0.0,0.0,0.0,1.0
5.37,0.0,0.007785,0.160647,0.0,0.0,0.0,1.0
5.375,0.0,0.007787,0.16069,0.0,0.0,0.0,1.0
5.38,0.0,0.007788,0.160733,0.0,0.0,0.0,1.0
5.385,0.0,0.007789,0.160775,0.0,0.0,0.0,1.0
5.39,0.0,0.007791,0.160818,0.0,0.0,0.0,1.0
5.395,0.0,0.007792,0.16086,0.0,0.0,0.0,1.0
5.4,0.0,0.007793,0.160903,0.0,0.0,0.0,1.0
5.405,0.0,0.007795,0.160945,0.0,0.0,0.0,1.0
5.41,0.0,0.007796,0.160988,0.0,0.0,0.0,1.0
5.415,0.0,0.007798,0.161031,0.0,0.0,0.0,1.0
5.42,0.0,0.007799,0.161073,0.0,0.0,0.0,1.0
5.425,0.0,0.0078,0.161116,0.0,0.0,0.0,1.0
5.43,0.0,0.007802,0.161158,0.0,0.0,0.0,1.0
5.435,0.0,0.007803,0.161201,0.0,0.0,0.0,1.0
5.44,0.0,0.007804,0.161244,0.0,0.0,0.0,1.0
5.445,0.0,0.007806,0.161286,0.0,0.0,0.0,1.0
5.45,0.0,0.007807,0.161329,0.0,0.0,0.0,1.0
5.455,0.0,0.007808,0.161371,0.0,0.0,0.0,1.0
5.46,0.0,0.00781,0.161414,0.0,0.0,0.0,1.0
5.465,0.0,0.007811,0.161457,0.0,0.0,0.0,1.0
5.47,0.0,0.007812,0.161499,0.0,0.0,0.0,1.0
5.475,0.0,0.007814,0.161542,0.0,0.0,0.0,1.0
5.48,0.0,0.007815,0.161584,0.0,0.0,0.0,1.0
5.485,0.0,0.007817,0.161627,0.0,0.0,0.0,1.0
5.49,0.0,0.007818,0.161669,0.0,0.0,0.0,1.0
5.495,0.0,0.007819,0.161712,0.0,0.0,0.0,1.0
5.5,0.0,0.007821,0.161755,0.0,0.0,0.0,1.0
5.505,0.0,0.007822,0.161797,0.0,0.0,0.0,1.0
5.51,0.0,0.007823,0.16184,0.0,0.0,0.0,1.0
5.515,0.0,0.007825,0.161882,0.0,0.0,0.0,1.0
5.52,0.0,0.007826,0.161925,0.0,0.0,0.0,1.0
5.525,0.0,0.007827,0.161968,0.0,0.0,0.0,1.0
5.53,0.0,0.007829,0.16201,0.0,0.0,0.0,1.0
5.535,0.0,0.00783,0.162053,0.0,0.0,0.0,1.0
5.54,0.0,0.007831,0.162095,0.0,0.0,0.0,1.0
5.545,0.0,0.007833,0.162138,0.0,0.0,0.0,1.0
5.55,0.0,0.007834,0.16218,0.0,0.0,0.0,1.0
5.555,0.0,0.007835,0.162223,0.0,0.0,0.0,1.0
5.56,0.0,0.007837,0.162266,0.0,0.0,0.0,1.0
5.565,0.0,0.007838,0.162308,0.0,0.0,0.0,1.0
5.57,0.0,0.00784,0.162351,0.0,0.0,0.0,1.0
5.575,0.0,0.007841,0.162393,0.0,0.0,0.0,1.0
5.58,0.0,0.007842,0.162436,0.0,0.0,0.0,1.0
5.585,0.0,0.007844,0.162479,0.0,0.0,0.0,1.0
5.59,0.0,0.007845,0.162521,0.0,0.0,0.0,1.0
5.595,0.0,0.007846,0.162564,0.0,0.0,0.0,1.0
5.6,0.0,0.007848,0.162606,0.0,0.0,0.0,1.0
5.605,0.0,0.007849,0.162649,0.0,0.0,0.0,1.0
5.61,0.0,0.00785,0.162692,0.0,0.0,0.0,1.0
5.615,0.0,0.007852,0.162734,0.0,0.0,0.0,1.0
5.62,0.0,0.007853,0.162777,0.0,0.0,0.0,1.0
5.625,0.0,0.007854,0.162819,0.0,0.0,0.0,1.0
5.63,0.0,0.007856,0.162862,0.0,0.0,0.0,1.0
5.635,0.0,0.007857,0.162904,0.0,0.0,0.0,1.0
5.64,0.0,0.007859,0.162947,0.0,0.0,0.0,1.0
5.645,0.0,0.00786,0.16299,0.0,0.0,0.0,1.0
5.65,0.0,0.007861,0.163032,0.0,0.0,0.0,1.0
5.655,0.0,0.007863,0.163075,0.0,0.0,0.0,1.0
5.66,0.0,0.007864,0.163117,0.0,0.0,0.0,1.0
5.665,0.0,0.007865,0.16316,0.0,0.0,0.0,1.0
5.67,0.0,0.007867,0.163203,0.0,0.0,0.0,1.0
5.675,0.0,0.007868,0.163245,0.0,0.0,0.0,1.0
5.68,0.0,0.007869,0.163288,0.0,0.0,0.0,1.0
5.685,0.0,0.007871,0.16333,0.0,0.0,0.0,1.0
5.69,0.0,0.007872,0.163373,0.0,0.0,0.0,1.0
5.695,0.0,0.007873,0.163416,0.0,0.0,0.0,1.0
5.7,0.0,0.007875,0.163458,0.0,0.0,0.0,1.0
5.705,0.0,0.007876,0.163501,0.0,0.0,0.0,1.0
5.71,0.0,0.007878,0.163543,0.0,0.0,0.0,1.0
5.715,0.0,0.007879,0.163586,0.0,0.0,0.0,1.0
5.72,0.0,0.00788,0.163628,0.0,0.0,0.0,1.0
5.725,0.0,0.007882,0.163671,0.0,0.0,0.0,1.0
5.73,0.0,0.007883,0.163714,0.0,0.0,0.0,1.0
5.735,0.0,0.007884,0.163756,0.0,0.0,0.0,1.0
5.74,0.0,0.007886,0.163799,0.0,0.0,0.0,1.0
5.745,0.0,0.007887,0.163841,0.0,0.0,0.0,1.0
5.75,0.0,0.007888,0.163884,0.0,0.0,0.0,1.0
5.755,0.0,0.00789,0.163927,0.0,0.0,0.0,1.0
5.76,0.0,0.007891,0.163969,0.0,0.0,0.0,1.0
5.765,0.0,0.007892,0.164012,0.0,0.0,0.0,1.0
5.77,0.0,0.007894,0.164054,0.0,0.0,0.0,1.0
5.775,0.0,0.007895,0.164097,0.0,0.0,0.0,1.0
5.78,0.0,0.007896,0.164139,0.0,0.0,0.0,1.0
5.785,0.0,0.007898,0.164182,0.0,0.0,0.0,1.0
5.79,0.0,0.007899,0.164225,0.0,0.0,0.0,1.0
5.795,0.0,0.007901,0.164267,0.0,0.0,0.0,1.0
5.8,0.0,0.007902,0.16431,0.0,0.0,0.0,1.0
5.805,0.0,0.007903,0.164352,0.0,0.0,0.0,1.0
5.81,0.0,0.007905,0.164395,0.0,0.0,0.0,1.0
5.815,0.0,0.007906,0.164438,0.0,0.0,0.0,1.0
5.82,0.0,0.007907,0.16448,0.0,0.0,0.0,1.0
5.825,0.0,0.007909,0.164523,0.0,0.0,0.0,1.0
5.83,0.0,0.00791,0.164565,0.0,0.0,0.0,1.0
5.835,0.0,0.007911,0.164608,0.0,0.0,0.0,1.0
5.84,0.0,0.007913,0.164651,0.0,0.0,0.0,1.0
5.845,0.0,0.007914,0.164693,0.0,0.0,0.0,1.0
5.85,0.0,0.007915,0.164736,0.0,0.0,0.0,1.0
5.855,0.0,0.007917,0.164778,0.0,0.0,0.0,1.0
5.86,0.0,0.007918,0.164821,0.0,0.0,0.0,1.0
5.865,0.0,0.00792,0.164863,0.0,0.0,0.0,1.0
5.87,0.0,0.007921,0.164906,0.0,0.0,0.0,1.0
5.875,0.0,0.007922,0.164949,0.0,0.0,0.0,1.0
5.88,0.0,0.007924,0.164991,0.0,0.0,0.0,1.0
5.885,0.0,0.007925,0.165034,0.0,0.0,0.0,1.0
5.89,0.0,0.007926,0.165076,0.0,0.0,0.0,1.0
5.895,0.0,0.007928,0.165119,0.0,0.0,0.0,1.0
5.9,0.0,0.007929,0.165162,0.0,0.0,0.0,1.0
5.905,0.0,0.00793,0.165204,0.0,0.0,0.0,1.0
5.91,0.0,0.007932,0.165247,0.0,0.0,0.0,1.0
5.915,0.0,0.007933,0.165289,0.0,0.0,0.0,1.0
5.92,0.0,0.007934,0.165332,0.0,0.0,0.0,1.0
5.925,0.0,0.007936,0.165374,0.0,0.0,0.0,1.0
5.93,0.0,0.007937,0.165417,0.0,0.0,0.0,1.0
5.935,0.0,0.007939,0.16546,0.0,0.0,0.0,1.0
5.94,0.0,0.00794,0.165502,0.0,0.0,0.0,1.0
5.945,0.0,0.007941,0.165545,0.0,0.0,0.0,1.0
5.95,0.0,0.007943,0.165587,0.0,0.0,0.0,1.0
5.955,0.0,0.007944,0.16563,0.0,0.0,0.0,1.0
5.96,0.0,0.007945,0.165673,0.0,0.0,0.0,1.0
5.965,0.0,0.007947,0.165715,0.0,0.0,0.0,1.0
5.97,0.0,0.007948,0.165758,0.0,0.0,0.0,1.0
5.975,0.0,0.007949,0.1658,0.0,0.0,0.0,1.0
5.98,0.0,0.007951,0.165843,0.0,0.0,0.0,1.0
5.985,0.0,0.007952,0.165886,0.0,0.0,0.0,1.0
5.99,0.0,0.007953,0.165928,0.0,0.0,0.0,1.0
5.995,0.0,0.007955,0.165971,0.0,0.0,0.0,1.0
6.0,0.0,0.007956,0.166013,0.0,0.0,0.0,1.0
6.005,0.0,0.007957,0.166056,0.0,0.0,0.0,1.0
6.01,0.0,0.007959,0.166098,0.0,0.0,0.0,1.0
6.015,0.0,0.00796,0.166141,0.0,0.0,0.0,1.0
6.02,0.0,0.007962,0.166184,0.0,0.0,0.0,1.0
6.025,0.0,0.007963,0.166226,0.0,0.0,0.0,1.0
6.03,0.0,0.007964,0.166269,0.0,0.0,0.0,1.0
6.035,0.0,0.007966,0.166311,0.0,0.0,0.0,1.0
6.04,0.0,0.007967,0.166354,0.0,0.0,0.0,1.0
6.045,0.0,0.007968,0.166397,0.0,0.0,0.0,1.0
6.05,0.0,0.00797,0.166439,0.0,0.0,0.0,1.0
6.055,0.0,0.007971,0.166482,0.0,0.0,0.0,1.0
6.06,0.0,0.007972,0.166524,0.0,0.0,0.0,1.0
6.065,0.0,0.007974,0.166567,0.0,0.0,0.0,1.0
6.07,0.0,0.007975,0.16661,0.0,0.0,0.0,1.0
6.075,0.0,0.007976,0.166652,0.0,0.0,0.0,1.0
6.08,0.0,0.007978,0.166695,0.0,0.0,0.0,1.0
6.085,0.0,0.007979,0.166737,0.0,0.0,0.0,1.0
6.09,0.0,0.007981,0.16678,0.0,0.0,0.0,1.0
6.095,0.0,0.007982,0.166822,0.0,0.0,0.0,1.0
6.1,0.0,0.007983,0.166865,0.0,0.0,0.0,1.0
6.105,0.0,0.007985,0.166908,0.0,0.0,0.0,1.0
6.11,0.0,0.007986,0.16695,0.0,0.0,0.0,1.0
6.115,0.0,0.007987,0.166993,0.0,0.0,0.0,1.0
6.12,0.0,0.007989,0.167035,0.0,0.0,0.0,1.0
6.125,0.0,0.00799,0.167078,0.0,0.0,0.0,1.0
6.13,0.0,0.007991,0.167121,0.0,0.0,0.0,1.0
6.135,0.0,0.007993,0.167163,0.0,0.0,0.0,1.0
6.14,0.0,0.007994,0.167206,0.0,0.0,0.0,1.0
6.145,0.0,0.007995,0.167248,0.0,0.0,0.0,1.0
6.15,0.0,0.007997,0.167291,0.0,0.0,0.0,1.0
6.155,0.0,0.007998,0.167333,0.0,0.0,0.0,1.0
6.16,0.0,0.008,0.167376,0.0,0.0,0.0,1.0
6.165,0.0,0.008001,0.167419,0.0,0.0,0.0,1.0
6.17,0.0,0.008002,0.167461,0.0,0.0,0.0,1.0
6.175,0.0,0.008004,0.167504,0.0,0.0,0.0,1.0
6.18,0.0,0.008005,0.167546,0.0,0.0,0.0,1.0
6.185,0.0,0.008006,0.167589,0.0,0.0,0.0,1.0
6.19,0.0,0.008008,0.167632,0.0,0.0,0.0,1.0
6.195,0.0,0.008009,0.167674,0.0,0.0,0.0,1.0
6.2,0.0,0.00801,0.167717,0.0,0.0,0.0,1.0
6.205,0.0,0.008012,0.167759,0.0,0.0,0.0,1.0
6.21,0.0,0.008013,0.167802,0.0,0.0,0.0,1.0
6.215,0.0,0.008014,0.167845,0.0,0.0,0.0,1.0
6.22,0.0,0.008016,0.167887,0.0,0.0,0.0,1.0
6.225,0.0,0.008017,0.16793,0.0,0.0,0.0,1.0
6.23,0.0,0.008019,0.167972,0.0,0.0,0.0,1.0
6.235,0.0,0.00802,0.168015,0.0,0.0,0.0,1.0
6.24,0.0,0.008021,0.168057,0.0,0.0,0.0,1.0
6.245,0.0,0.008023,0.1681,0.0,0.0,0.0,1.0
6.25,0.0,0.008024,0.168143,0.0,0.0,0.0,1.0
6.255,0.0,0.008025,0.168185,0.0,0.0,0.0,1.0
6.26,0.0,0.008027,0.168228,0.0,0.0,0.0,1.0
6.265,0.0,0.008028,0.16827,0.0,0.0,0.0,1.0
6.27,0.0,0.008029,0.168313,0.0,0.0,0.0,1.0
6.275,0.0,0.008031,0.168356,0.0,0.0,0.0,1.0
6.28,0.0,0.008032,0.168398,0.0,0.0,0.0,1.0
6.285,0.0,0.008033,0.168441,0.0,0.0,0.0,1.0
6.29,0.0,0.008035,0.168483,0.0,0.0,0.0,1.0
6.295,0.0,0.008036,0.168526,0.0,0.0,0.0,1.0
6.3,0.0,0.008037,0.168568,0.0,0.0,0.0,1.0
6.305,0.0,0.008039,0.168611,0.0,0.0,0.0,1.0
6.31,0.0,0.00804,0.168654,0.0,0.0,0.0,1.0
6.315,0.0,0.008042,0.168696,0.0,0.0,0.0,1.0
6.32,0.0,0.008043,0.168739,0.0,0.0,0.0,1.0
6.325,0.0,0.008044,0.168781,0.0,0.0,0.0,1.0
6.33,0.0,0.008046,0.168824,0.0,0.0,0.0,1.0
6.335,0.0,0.008047,0.168867,0.0,0.0,0.0,1.0
6.34,0.0,0.008048,0.168909,0.0,0.0,0.0,1.0
6.345,0.0,0.00805,0.168952,0.0,0.0,0.0,1.0
6.35,0.0,0.008051,0.168994,0.0,0.0,0.0,1.0
6.355,0.0,0.008052,0.169037,0.0,0.0,0.0,1.0
6.36,0.0,0.008054,0.16908,0.0,0.0,0.0,1.0
6.365,0.0,0.008055,0.169122,0.0,0.0,0.0,1.0
6.37,0.0,0.008056,0.169165,0.0,0.0,0.0,1.0
6.375,0.0,0.008058,0.169207,0.0,0.0,0.0,1.0
6.38,0.0,0.008059,0.16925,0.0,0.0,0.0,1.0
6.385,0.0,0.008061,0.169292,0.0,0.0,0.0,1.0
6.39,0.0,0.008062,0.169335,0.0,0.0,0.0,1.0
6.395,0.0,0.008063,0.169378,0.0,0.0,0.0,1.0
6.4,0.0,0.008065,0.16942,0.0,0.0,0.0,1.0
6.405,0.0,0.008066,0.169463,0.0,0.0,0.0,1.0
6.41,0.0,0.008067,0.169505,0.0,0.0,0.0,1.0
6.415,0.0,0.008069,0.169548,0.0,0.0,0.0,1.0
6.42,0.0,0.00807,0.169591,0.0,0.0,0.0,1.0
6.425,0.0,0.008071,0.169633,0.0,0.0,0.0,1.0
6.43,0.0,0.008073,0.169676,0.0,0.0,0.0,1.0
6.435,0.0,0.008074,0.169718,0.0,0.0,0.0,1.0
6.44,0.0,0.008075,0.169761,0.0,0.0,0.0,1.0
6.445,0.0,0.008077,0.169804,0.0,0.0,0.0,1.0
6.45,0.0,0.008078,0.169846,0.0,0.0,0.0,1.0
6.455,0.0,0.00808,0.169889,0.0,0.0,0.0,1.0
6.46,0.0,0.008081,0.169931,0.0,0.0,0.0,1.0
6.465,0.0,0.008082,0.169974,0.0,0.0,0.0,1.0
6.47,0.0,0.008084,0.170016,0.0,0.0,0.0,1.0
6.475,0.0,0.008085,0.170059,0.0,0.0,0.0,1.0
6.48,0.0,0.008086,0.170102,0.0,0.0,0.0,1.0
6.485,0.0,0.008088,0.170144,0.0,0.0,0.0,1.0
6.49,0.0,0.008089,0.170187,0.0,0.0,0.0,1.0
6.495,0.0,0.00809,0.170229,0.0,0.0,0.0,1.0
6.5,0.0,0.008092,0.170272,0.0,0.0,0.0,1.0
6.505,0.0,0.008093,0.170315,0.0,0.0,0.0,1.0
6.51,0.0,0.008094,0.170357,0.0,0.0,0.0,1.0
6.515,0.0,0.008096,0.1704,0.0,0.0,0.0,1.0
6.52,0.0,0.008097,0.170442,0.0,0.0,0.0,1.0
6.525,0.0,0.008098,0.170485,0.0,0.0,0.0,1.0
6.53,0.0,0.0081,0.170527,0.0,0.0,0.0,1.0
6.535,0.0,0.008101,0.17057,0.0,0.0,0.0,1.0
6.54,0.0,0.008103,0.170613,0.0,0.0,0.0,1.0
6.545,0.0,0.008104,0.170655,0.0,0.0,0.0,1.0
6.55,0.0,0.008105,0.170698,0.0,0.0,0.0,1.0
6.555,0.0,0.008107,0.17074,0.0,0.0,0.0,1.0
6.56,0.0,0.008108,0.170783,0.0,0.0,0.0,1.0
6.565,0.0,0.008109,0.170826,0.0,0.0,0.0,1.0
6.57,0.0,0.008111,0.170868,0.0,0.0,0.0,1.0
6.575,0.0,0.008112,0.170911,0.0,0.0,0.0,1.0
6.58,0.0,0.008113,0.170953,0.0,0.0,0.0,1.0
6.585,0.0,0.008115,0.170996,0.0,0.0,0.0,1.0
6.59,0.0,0.008116,0.171039,0.0,0.0,0.0,1.0
6.595,0.0,0.008117,0.171081,0.0,0.0,0.0,1.0
6.6,0.0,0.008119,0.171124,0.0,0.0,0.0,1.0
6.605,0.0,0.00812,0.171166,0.0,0.0,0.0,1.0
6.61,0.0,0.008122,0.171209,0.0,0.0,0.0,1.0
6.615,0.0,0.008123,0.171251,0.0,0.0,0.0,1.0
6.62,0.0,0.008124,0.171294,0.0,0.0,0.0,1.0
6.625,0.0,0.008126,0.171337,0.0,0.0,0.0,1.0
6.63,0.0,0.008127,0.171379,0.0,0.0,0.0,1.0
6.635,0.0,0.008128,0.171422,0.0,0.0,0.0,1.0
6.64,0.0,0.00813,0.171464,0.0,0.0,0.0,1.0
6.645,0.0,0.008131,0.171507,0.0,0.0,0.0,1.0
6.65,0.0,0.008132,0.17155,0.0,0.0,0.0,1.0
6.655,0.0,0.008134,0.171592,0.0,0.0,0.0,1.0
6.66,0.0,0.008135,0.171635,0.0,0.0,0.0,1.0
6.665,0.0,0.008136,0.171677,0.0,0.0,0.0,1.0
6.67,0.0,0.008138,0.17172,0.0,0.0,0.0,1.0
6.675,0.0,0.008139,0.171762,0.0,0.0,0.0,1.0
6.68,0.0,0.008141,0.171805,0.0,0.0,0.0,1.0
6.685,0.0,0.008142,0.171848,0.0,0.0,0.0,1.0
6.69,0.0,0.008143,0.17189,0.0,0.0,0.0,1.0
6.695,0.0,0.008145,0.171933,0.0,0.0,0.0,1.0
6.7,0.0,0.008146,0.171975,0.0,0.0,0.0,1.0
6.705,0.0,0.008147,0.172018,0.0,0.0,0.0,1.0
6.71,0.0,0.008149,0.172061,0.0,0.0,0.0,1.0
6.715,0.0,0.00815,0.172103,0.0,0.0,0.0,1.0
6.72,0.0,0.008151,0.172146,0.0,0.0,0.0,1.0
6.725,0.0,0.008153,0.172188,0.0,0.0,0.0,1.0
6.73,0.0,0.008154,0.172231,0.0,0.0,0.0,1.0
6.735,0.0,0.008155,0.172274,0.0,0.0,0.0,1.0
6.74,0.0,0.008157,0.172316,0.0,0.0,0.0,1.0
6.745,0.0,0.008158,0.172359,0.0,0.0,0.0,1.0
6.75,0.0,0.008159,0.172401,0.0,0.0,0.0,1.0
6.755,0.0,0.008161,0.172444,0.0,0.0,0.0,1.0
6.76,0.0,0.008162,0.172486,0.0,0.0,0.0,1.0
6.765,0.0,0.008164,0.172529,0.0,0.0,0.0,1.0
6.77,0.0,0.008165,0.172572,0.0,0.0,0.0,1.0
6.775,0.0,0.008166,0.172614,0.0,0.0,0.0,1.0
6.78,0.0,0.008168,0.172657,0.0,0.0,0.0,1.0
6.785,0.0,0.008169,0.172699,0.0,0.0,0.0,1.0
6.79,0.0,0.00817,0.172742,0.0,0.0,0.0,1.0
6.795,0.0,0.008172,0.172785,0.0,0.0,0.0,1.0
6.8,0.0,0.008173,0.172827,0.0,0.0,0.0,1.0
6.805,0.0,0.008174,0.17287,0.0,0.0,0.0,1.0
6.81,0.0,0.008176,0.172912,0.0,0.0,0.0,1.0
6.815,0.0,0.008177,0.172955,0.0,0.0,0.0,1.0
6.82,0.0,0.008178,0.172998,0.0,0.0,0.0,1.0
6.825,0.0,0.00818,0.17304,0.0,0.0,0.0,1.0
6.83,0.0,0.008181,0.173083,0.0,0.0,0.0,1.0
6.835,0.0,0.008183,0.173125,0.0,0.0,0.0,1.0
6.84,0.0,0.008184,0.173168,0.0,0.0,0.0,1.0
6.845,0.0,0.008185,0.17321,0.0,0.0,0.0,1.0
6.85,0.0,0.008187,0.173253,0.0,0.0,0.0,1.0
6.855,0.0,0.008188,0.173296,0.0,0.0,0.0,1.0
6.86,0.0,0.008189,0.173338,0.0,0.0,0.0,1.0
6.865,0.0,0.008191,0.173381,0.0,0.0,0.0,1.0
6.87,0.0,0.008192,0.173423,0.0,0.0,0.0,1.0
6.875,0.0,0.008193,0.173466,0.0,0.0,0.0,1.0
6.88,0.0,0.008195,0.173509,0.0,0.0,0.0,1.0
6.885,0.0,0.008196,0.173551,0.0,0.0,0.0,1.0
6.89,0.0,0.008197,0.173594,0.0,0.0,0.0,1.0
6.895,0.0,0.008199,0.173636,0.0,0.0,0.0,1.0
6.9,0.0,0.0082,0.173679,0.0,0.0,0.0,1.0
6.905,0.0,0.008202,0.173721,0.0,0.0,0.0,1.0
6.91,0.0,0.008203,0.173764,0.0,0.0,0.0,1.0
6.915,0.0,0.008204,0.173807,0.0,0.0,0.0,1.0
6.92,0.0,0.008206,0.173849,0.0,0.0,0.0,1.0
6.925,0.0,0.008207,0.173892,0.0,0.0,0.0,1.0
6.93,0.0,0.008208,0.173934,0.0,0.0,0.0,1.0
6.935,0.0,0.00821,0.173977,0.0,0.0,0.0,1.0
6.94,0.0,0.008211,0.17402,0.0,0.0,0.0,1.0
6.945,0.0,0.008212,0.174062,0.0,0.0,0.0,1.0
6.95,0.0,0.008214,0.174105,0.0,0.0,0.0,1.0
6.955,0.0,0.008215,0.174147,0.0,0.0,0.0,1.0
6.96,0.0,0.008216,0.17419,0.0,0.0,0.0,1.0
6.965,0.0,0.008218,0.174233,0.0,0.0,0.0,1.0
6.97,0.0,0.008219,0.174275,0.0,0.0,0.0,1.0
6.975,0.0,0.00822,0.174318,0.0,0.0,0.0,1.0
6.98,0.0,0.008222,0.17436,0.0,0.0,0.0,1.0
6.985,0.0,0.008223,0.174403,0.0,0.0,0.0,1.0
6.99,0.0,0.008225,0.174445,0.0,0.0,0.0,1.0
6.995,0.0,0.008226,0.174488,0.0,0.0,0.0,1.0
7.0,0.0,0.008227,0.174531,0.0,0.0,0.0,1.0
7.005,0.0,0.008229,0.174573,0.0,0.0,0.0,1.0
7.01,0.0,0.00823,0.174616,0.0,0.0,0.0,1.0
7.015,0.0,0.008231,0.174658,0.0,0.0,0.0,1.0
7.02,0.0,0.008233,0.174701,0.0,0.0,0.0,1.0
7.025,0.0,0.008234,0.174744,0.0,0.0,0.0,1.0
7.03,0.0,0.008235,0.174786,0.0,0.0,0.0,1.0
7.035,0.0,0.008237,0.174829,0.0,0.0,0.0,1.0
7.04,0.0,0.008238,0.174871,0.0,0.0,0.0,1.0
7.045,0.0,0.008239,0.174914,0.0,0.0,0.0,1.0
7.05,0.0,0.008241,0.174956,0.0,0.0,0.0,1.0
7.055,0.0,0.008242,0.174999,0.0,0.0,0.0,1.0
7.06,0.0,0.008244,0.175042,0.0,0.0,0.0,1.0
7.065,0.0,0.008245,0.175084,0.0,0.0,0.0,1.0
7.07,0.0,0.008246,0.175127,0.0,0.0,0.0,1.0
7.075,0.0,0.008248,0.175169,0.0,0.0,0.0,1.0
7.08,0.0,0.008249,0.175212,0.0,0.0,0.0,1.0
7.085,0.0,0.00825,0.175255,0.0,0.0,0.0,1.0
7.09,0.0,0.008252,0.175297,0.0,0.0,0.0,1.0
7.095,0.0,0.008253,0.17534,0.0,0.0,0.0,1.0
7.1,0.0,0.008254,0.175382,0.0,0.0,0.0,1.0
7.105,0.0,0.008256,0.175425,0.0,0.0,0.0,1.0
7.11,0.0,0.008257,0.175468,0.0,0.0,0.0,1.0
7.115,0.0,0.008258,0.17551,0.0,0.0,0.0,1.0
7.12,0.0,0.00826,0.175553,0.0,0.0,0.0,1.0
7.125,0.0,0.008261,0.175595,0.0,0.0,0.0,1.0
